Ticker,CIK,Name,SECExchange,QuoteType,Exchange,SecurityName,SecurityClass,SecurityClassConfidence,SecurityClassEvidenceSource,AverageDailyDollarVolume_M,Sector,Industry,MarketCap_B,OperatingCashFlow_B,GrossMargin,InstitutionalOwnership,Debt_EBITDA,NetDebt_EBITDA,LeverageBasis,LeverageWarning,GrossLeverageWarning,NetCash,GrossMarginRule,RoutedToSECForMissingYahoo,FirstLayerWarnings,PPE_Revenue,InfoFromCache,Status,HunterPolicyVersion,ConfigSignature,EvaluatedAt,ShareClassSelectionReason,ModelRouteHint,IndustryModelKey,ModelSupported,RouteReason,RoutedWithoutGeneralCorporateScoring,IndustryInitialScore,IndustryInitialWarnings,IndustryInitialFailures,IndustryMedianGrossMargin,GrossMarginWarning
NVDA,0001045810,NVIDIA CORP,NASDAQ,EQUITY,NMS,NVIDIA Corporation - Common Stock,COMMON_OR_EQUIVALENT,HIGH,NASDAQ Trader nasdaqlisted,30595.067,Technology,Semiconductors,4862.366,125.648,74.14,70.71,0.077,0.0,淨負債/EBITDA,False,False,True,絕對毛利率>=25%,False,,,False,Pass,2026-07-industry-models-v7,92b0f35b2c927674,2026-08-01T05:46:13.384023+00:00,Only eligible listed class for CIK,,,,,,,,,,
AAPL,0000320193,Apple Inc.,NASDAQ,EQUITY,NMS,Apple Inc. - Common Stock,COMMON_OR_EQUIVALENT,HIGH,NASDAQ Trader nasdaqlisted,17559.346,Technology,Consumer Electronics,4537.071,146.724,48.65,65.73,0.502,0.131,淨負債/EBITDA,False,False,False,絕對毛利率>=25%,False,,,False,Pass,2026-07-industry-models-v7,92b0f35b2c927674,2026-08-01T05:46:16.052685+00:00,Only eligible listed class for CIK,,,,,,,,,,
GOOGL,0001652044,Alphabet Inc.,NASDAQ,EQUITY,NMS,Alphabet Inc. - Class A Common Stock,COMMON_OR_EQUIVALENT,HIGH,NASDAQ Trader nasdaqlisted,11577.314,Communication Services,Internet Content & Information,4355.447,185.675,60.9,80.3,0.698,0.0,淨負債/EBITDA,False,False,True,絕對毛利率>=25%,False,,,False,Pass,2026-07-industry-models-v7,92b0f35b2c927674,2026-08-01T05:46:18.747579+00:00,Only eligible listed class for CIK,,,,,,,,,,
MSFT,0000789019,MICROSOFT CORP,NASDAQ,EQUITY,NMS,Microsoft Corporation - Common Stock,COMMON_OR_EQUIVALENT,HIGH,NASDAQ Trader nasdaqlisted,18675.762,Technology,Software - Infrastructure,3450.8,182.935,67.94,75.71,0.663,0.269,淨負債/EBITDA,False,False,False,絕對毛利率>=25%,False,,,False,Pass,2026-07-industry-models-v7,92b0f35b2c927674,2026-08-01T05:46:21.550329+00:00,Only eligible listed class for CIK,,,,,,,,,,
AMZN,0001018724,AMAZON COM INC,NASDAQ,EQUITY,NMS,"Amazon.com, Inc. - Common Stock",COMMON_OR_EQUIVALENT,HIGH,NASDAQ Trader nasdaqlisted,13436.953,Consumer Cyclical,Internet Retail,2921.416,161.403,50.77,67.98,1.322,0.593,淨負債/EBITDA,False,False,False,絕對毛利率>=25%,False,,,False,Pass,2026-07-industry-models-v7,92b0f35b2c927674,2026-08-01T05:46:24.130903+00:00,Only eligible listed class for CIK,,,,,,,,,,
TSM,0001046179,TAIWAN SEMICONDUCTOR MANUFACTURING CO LTD,NYSE,EQUITY,NYQ,Taiwan Semiconductor Manufacturing Company Ltd.,COMMON_OR_EQUIVALENT,HIGH,NASDAQ Trader otherlisted,5781.482,Technology,Semiconductors,2096.632,2634.679,64.23,15.48,0.309,0.0,淨負債/EBITDA,False,False,True,絕對毛利率>=25%,False,,,False,Pass,2026-07-industry-models-v7,92b0f35b2c927674,2026-08-01T05:46:26.681708+00:00,Only eligible listed class for CIK,,,,,,,,,,
AVGO,0001730168,Broadcom Inc.,NASDAQ,EQUITY,NMS,Broadcom Inc. - Common Stock,COMMON_OR_EQUIVALENT,HIGH,NASDAQ Trader nasdaqlisted,10067.749,Technology,Semiconductors,1852.031,33.622,76.28,79.73,1.542,1.076,淨負債/EBITDA,False,False,False,絕對毛利率>=25%,False,,,False,Pass,2026-07-industry-models-v7,92b0f35b2c927674,2026-08-01T05:46:29.514941+00:00,Only eligible listed class for CIK,,,,,,,,,,
SPCX,0001181412,SPACE EXPLORATION TECHNOLOGIES CORP,NASDAQ,EQUITY,NMS,Space Exploration Technologies Corp. - Class A Common Stock,COMMON_OR_EQUIVALENT,HIGH,NASDAQ Trader nasdaqlisted,12083.395,Industrials,Aerospace & Defense,1427.687,7.105,48.83,1.52,7.748,1.754,淨負債/EBITDA,False,True,False,絕對毛利率>=25%,False,,,False,Pass,2026-07-industry-models-v7,92b0f35b2c927674,2026-08-01T05:46:32.294869+00:00,Only eligible listed class for CIK,,,,,,,,,,
META,0001326801,"Meta Platforms, Inc.",NASDAQ,EQUITY,NMS,"Meta Platforms, Inc. - Class A Common Stock",COMMON_OR_EQUIVALENT,HIGH,NASDAQ Trader nasdaqlisted,10117.773,Communication Services,Internet Content & Information,1418.222,130.301,81.75,79.23,1.024,0.201,淨負債/EBITDA,False,False,False,絕對毛利率>=25%,False,,,False,Pass,2026-07-industry-models-v7,92b0f35b2c927674,2026-08-01T05:46:34.899768+00:00,Only eligible listed class for CIK,,,,,,,,,,
TSLA,0001318605,"Tesla, Inc.",NASDAQ,EQUITY,NMS,"Tesla, Inc.  - Common Stock",COMMON_OR_EQUIVALENT,HIGH,NASDAQ Trader nasdaqlisted,14762.838,Consumer Cyclical,Auto Manufacturers,1229.139,,,,,,,,,,,,,,False,Pass,2026-07-industry-models-v7,92b0f35b2c927674,2026-08-01T05:46:37.689312+00:00,Only eligible listed class for CIK,CYCLICAL_MIDCYCLE,CYCLICAL_MIDCYCLE,True,Peak/current/mid-cycle/trough EBITDA and trough-survival model,True,97.0,,,,
BRK-B,0001067983,BERKSHIRE HATHAWAY INC,NYSE,EQUITY,NYQ,Berkshire Hathaway Inc. New Common Stock,COMMON_OR_EQUIVALENT,HIGH,NASDAQ Trader otherlisted,2532.642,Financial Services,Insurance - Diversified,1103.317,,,,,,,,,,,,,,False,Pass,2026-07-industry-models-v7,92b0f35b2c927674,2026-08-01T05:46:40.244479+00:00,Only eligible listed class for CIK,INSURANCE,INSURANCE_P_AND_C,True,"Dedicated underwriting, claims, capital and reserve-development model",True,97.0,,,,
LLY,0000059478,ELI LILLY & Co,NYSE,EQUITY,NYQ,Eli Lilly and Company Common Stock,COMMON_OR_EQUIVALENT,HIGH,NASDAQ Trader otherlisted,3482.532,Healthcare,Drug Manufacturers - General,1024.468,20.48,82.83,85.1,1.198,1.052,淨負債/EBITDA,False,False,False,絕對毛利率>=25%,False,,,False,Pass,2026-07-industry-models-v7,92b0f35b2c927674,2026-08-01T05:46:45.658437+00:00,Only eligible listed class for CIK,,,,,,,,,,
SKHY,0002120882,SK hynix Inc.,NASDAQ,EQUITY,NMS,SK hynix Inc. - American Depositary Shares,COMMON_ADS_INFERRED,MEDIUM,SEC annual cover unavailable; accepted unavailable; symbol-to-title mapping unresolved; inferred common: sole exchange-listed ADS class for this CIK,7876.942,Technology,Semiconductors,1020.274,127223.407,70.2,,0.13,0.0,淨負債/EBITDA,False,False,True,絕對毛利率>=25%,False,,,False,Pass,2026-07-industry-models-v7,92b0f35b2c927674,2026-08-01T05:46:48.478577+00:00,Only eligible listed class for CIK,,,,,,,,,,
JPM,0000019617,JPMORGAN CHASE & CO,NYSE,EQUITY,NYQ,JP Morgan Chase & Co. Common Stock,COMMON_OR_EQUIVALENT,HIGH,NASDAQ Trader otherlisted,3283.305,Financial Services,Banks - Diversified,935.128,,,,,,,,,,,,,,False,Pass,2026-07-industry-models-v7,92b0f35b2c927674,2026-08-01T05:46:51.176406+00:00,Only eligible listed class for CIK,BANK,BANK,True,"Tier 1 capital buffer, ROTCE, deposit funding and credit-loss model",True,91.0,,,,
MU,0000723125,MICRON TECHNOLOGY INC,NASDAQ,EQUITY,NMS,"Micron Technology, Inc. - Common Stock",COMMON_OR_EQUIVALENT,HIGH,NASDAQ Trader nasdaqlisted,43987.392,Technology,Semiconductors,929.524,51.432,72.57,81.05,0.093,0.0,淨負債/EBITDA,False,False,True,絕對毛利率>=25%,False,,,False,Pass,2026-07-industry-models-v7,92b0f35b2c927674,2026-08-01T05:46:53.865910+00:00,Only eligible listed class for CIK,,,,,,,,,,
WMT,0000104169,Walmart Inc.,NASDAQ,EQUITY,NMS,Walmart Inc. - Common Stock,COMMON_OR_EQUIVALENT,HIGH,NASDAQ Trader nasdaqlisted,2529.764,Consumer Defensive,Discount Stores,884.938,40.892,24.98,38.05,1.685,1.446,淨負債/EBITDA,False,False,False,低於25%但高於同業中位數,False,,,False,Pass,2026-07-industry-models-v7,92b0f35b2c927674,2026-08-01T05:46:56.419404+00:00,Only eligible listed class for CIK,,,,,,,,,24.98,False
AMD,0000002488,ADVANCED MICRO DEVICES INC,NASDAQ,EQUITY,NMS,"Advanced Micro Devices, Inc. - Common Stock",COMMON_OR_EQUIVALENT,HIGH,NASDAQ Trader nasdaqlisted,15738.408,Technology,Semiconductors,776.41,9.725,53.06,72.01,0.521,0.0,淨負債/EBITDA,False,False,True,絕對毛利率>=25%,False,,,False,Pass,2026-07-industry-models-v7,92b0f35b2c927674,2026-08-01T05:46:59.220350+00:00,Only eligible listed class for CIK,,,,,,,,,,
V,0001403161,VISA INC.,NYSE,EQUITY,NYQ,Visa Inc.,COMMON_OR_EQUIVALENT,HIGH,NASDAQ Trader otherlisted,3020.769,Financial Services,Credit Services,683.582,,,,,,,,,,,,,,False,Pass,2026-07-industry-models-v7,92b0f35b2c927674,2026-08-01T05:47:01.816134+00:00,Only eligible listed class for CIK,FINANCIAL_SPECIALTY,FINANCIAL_FEE,True,"Fee-financial margin, cash conversion, tangible capital and balance-sheet model",True,97.0,,,,
XOM,0002115436,ExxonMobil Holdings Corp,NYSE,EQUITY,NYQ,ExxonMobil Holdings Corporation Common Stock,COMMON_OR_EQUIVALENT,HIGH,NASDAQ Trader otherlisted,2592.344,Energy,Oil & Gas Integrated,644.291,,,,,,,,,,,,,,False,Pass,2026-07-industry-models-v7,92b0f35b2c927674,2026-08-01T05:47:04.689834+00:00,Only eligible listed class for CIK,CYCLICAL_MIDCYCLE,CYCLICAL_MIDCYCLE,True,Peak/current/mid-cycle/trough EBITDA and trough-survival model,True,97.0,,,,
ASML,0000937966,ASML HOLDING NV,NASDAQ,EQUITY,NMS,ASML Holding N.V. - New York Registry Shares,COMMON_OR_EQUIVALENT,HIGH,NASDAQ Trader nasdaqlisted,3235.248,Technology,Semiconductor Equipment & Materials,625.699,11.487,52.73,19.71,0.147,0.0,淨負債/EBITDA,False,False,True,絕對毛利率>=25%,False,,,False,Pass,2026-07-industry-models-v7,92b0f35b2c927674,2026-08-01T05:47:07.389433+00:00,Only eligible listed class for CIK,,,,,,,,,,
JNJ,0000200406,JOHNSON & JOHNSON,NYSE,EQUITY,NYQ,Johnson & Johnson Common Stock,COMMON_OR_EQUIVALENT,HIGH,NASDAQ Trader otherlisted,2114.266,Healthcare,Drug Manufacturers - General,617.777,27.608,68.14,76.85,1.406,0.811,淨負債/EBITDA,False,False,False,絕對毛利率>=25%,False,,,False,Pass,2026-07-industry-models-v7,92b0f35b2c927674,2026-08-01T05:47:10.207510+00:00,Only eligible listed class for CIK,,,,,,,,,,
MA,0001141391,Mastercard Inc,NYSE,EQUITY,NYQ,Mastercard Incorporated Common Stock,COMMON_OR_EQUIVALENT,HIGH,NASDAQ Trader otherlisted,2133.58,Financial Services,Credit Services,502.041,,,,,,,,,,,,,,False,Pass,2026-07-industry-models-v7,92b0f35b2c927674,2026-08-01T05:47:12.809461+00:00,Only eligible listed class for CIK,FINANCIAL_SPECIALTY,FINANCIAL_FEE,True,"Fee-financial margin, cash conversion, tangible capital and balance-sheet model",True,97.0,,,,
CSCO,0000858877,"CISCO SYSTEMS, INC.",NASDAQ,EQUITY,NMS,"Cisco Systems, Inc. - Common Stock",COMMON_OR_EQUIVALENT,HIGH,NASDAQ Trader nasdaqlisted,2930.255,Technology,Communication Equipment,457.167,13.025,64.3,83.11,1.94,0.962,淨負債/EBITDA,False,False,False,絕對毛利率>=25%,False,,,False,Pass,2026-07-industry-models-v7,92b0f35b2c927674,2026-08-01T05:47:15.505245+00:00,Only eligible listed class for CIK,,,,,,,,,,
INTC,0000050863,INTEL CORP,NASDAQ,EQUITY,NMS,Intel Corporation - Common Stock,COMMON_OR_EQUIVALENT,HIGH,NASDAQ Trader nasdaqlisted,11701.532,Technology,Semiconductors,454.969,14.936,38.87,63.82,3.001,1.236,淨負債/EBITDA,False,False,False,絕對毛利率>=25%,False,,,False,Pass,2026-07-industry-models-v7,92b0f35b2c927674,2026-08-01T05:47:18.175645+00:00,Only eligible listed class for CIK,,,,,,,,,,
ABBV,0001551152,AbbVie Inc.,NYSE,EQUITY,NYQ,AbbVie Inc. Common Stock,COMMON_OR_EQUIVALENT,HIGH,NASDAQ Trader otherlisted,1700.531,Healthcare,Drug Manufacturers - General,443.359,21.224,72.03,76.87,2.437,2.123,淨負債/EBITDA,False,False,False,絕對毛利率>=25%,False,,,False,Pass,2026-07-industry-models-v7,92b0f35b2c927674,2026-08-01T05:47:20.933339+00:00,Only eligible listed class for CIK,,,,,,,,,,
BAC,0000070858,BANK OF AMERICA CORP /DE/,NYSE,EQUITY,NYQ,Bank of America Corporation Common Stock,COMMON_OR_EQUIVALENT,HIGH,NASDAQ Trader otherlisted,2240.627,Financial Services,Banks - Diversified,434.763,,,,,,,,,,,,,,False,Pass,2026-07-industry-models-v7,92b0f35b2c927674,2026-08-01T05:47:23.505391+00:00,Only eligible listed class for CIK,BANK,BANK,True,"Tier 1 capital buffer, ROTCE, deposit funding and credit-loss model",True,91.0,,,,
COST,0000909832,COSTCO WHOLESALE CORP /NEW,NASDAQ,EQUITY,NMS,Costco Wholesale Corporation - Common Stock,COMMON_OR_EQUIVALENT,HIGH,NASDAQ Trader nasdaqlisted,2279.32,Consumer Defensive,Discount Stores,422.143,15.0,12.88,73.83,0.742,0.0,淨負債/EBITDA,False,False,True,低於同業中位數，交由 SEC 深篩,False,,,False,Pass,2026-07-industry-models-v7,92b0f35b2c927674,2026-08-01T05:47:26.224260+00:00,Only eligible listed class for CIK,,,,,,,,,24.98,True
AMAT,0000006951,APPLIED MATERIALS INC /DE,NASDAQ,EQUITY,NMS,"Applied Materials, Inc. - Common Stock",COMMON_OR_EQUIVALENT,HIGH,NASDAQ Trader nasdaqlisted,4925.283,Technology,Semiconductor Equipment & Materials,403.069,7.993,48.96,84.5,0.784,0.0,淨負債/EBITDA,False,False,True,絕對毛利率>=25%,False,,,False,Pass,2026-07-industry-models-v7,92b0f35b2c927674,2026-08-01T05:47:28.852425+00:00,Only eligible listed class for CIK,,,,,,,,,,
CVX,0000093410,CHEVRON CORP,NYSE,EQUITY,NYQ,Chevron Corporation Common Stock,COMMON_OR_EQUIVALENT,HIGH,NASDAQ Trader otherlisted,1798.133,Energy,Oil & Gas Integrated,392.006,,,,,,,,,,,,,,False,Pass,2026-07-industry-models-v7,92b0f35b2c927674,2026-08-01T05:47:34.137535+00:00,Only eligible listed class for CIK,CYCLICAL_MIDCYCLE,CYCLICAL_MIDCYCLE,True,Peak/current/mid-cycle/trough EBITDA and trough-survival model,True,97.0,,,,
KO,0000021344,COCA COLA CO,NYSE,EQUITY,NYQ,Coca-Cola Company (The) Common Stock,COMMON_OR_EQUIVALENT,HIGH,NASDAQ Trader otherlisted,1540.757,Consumer Defensive,Beverages - Non-Alcoholic,376.86,16.342,61.89,68.42,2.604,1.641,淨負債/EBITDA,False,False,False,絕對毛利率>=25%,False,,,False,Pass,2026-07-industry-models-v7,92b0f35b2c927674,2026-08-01T05:47:36.798228+00:00,Only eligible listed class for CIK,,,,,,,,,,
UNH,0000731766,UNITEDHEALTH GROUP INC,NYSE,EQUITY,NYQ,UnitedHealth Group Incorporated Common Stock (DE),COMMON_OR_EQUIVALENT,HIGH,NASDAQ Trader otherlisted,2664.096,Healthcare,Healthcare Plans,376.335,,,,,,,,,,,,,,False,Pass,2026-07-industry-models-v7,92b0f35b2c927674,2026-08-01T05:47:39.552677+00:00,Only eligible listed class for CIK,INSURANCE,INSURANCE_LIFE,True,"Dedicated underwriting, claims, capital and reserve-development model",True,97.0,,,,
CAT,0000018230,CATERPILLAR INC,NYSE,EQUITY,NYQ,"Caterpillar, Inc. Common Stock",COMMON_OR_EQUIVALENT,HIGH,NASDAQ Trader otherlisted,2578.96,Industrials,Farm & Heavy Construction Machinery,375.295,12.32,28.6,72.8,2.958,2.731,淨負債/EBITDA,False,False,False,絕對毛利率>=25%,False,,,False,Pass,2026-07-industry-models-v7,92b0f35b2c927674,2026-08-01T05:47:42.372058+00:00,Only eligible listed class for CIK,,,,,,,,,,
ORCL,0001341439,ORACLE CORP,NYSE,EQUITY,NYQ,Oracle Corporation Common Stock,COMMON_OR_EQUIVALENT,HIGH,NASDAQ Trader otherlisted,4007.018,Technology,Software - Infrastructure,374.087,31.977,65.82,43.88,5.491,4.445,淨負債/EBITDA,True,True,False,絕對毛利率>=25%,False,,,False,Pass,2026-07-industry-models-v7,92b0f35b2c927674,2026-08-01T05:47:45.200583+00:00,Only eligible listed class for CIK,,,,,,,,,,
GE,0000040545,GENERAL ELECTRIC CO,NYSE,EQUITY,NYQ,GE Aerospace Common Stock,COMMON_OR_EQUIVALENT,HIGH,NASDAQ Trader otherlisted,1726.792,Industrials,Aerospace & Defense,373.595,9.8,31.05,81.36,1.762,0.896,淨負債/EBITDA,False,False,False,絕對毛利率>=25%,False,,,False,Pass,2026-07-industry-models-v7,92b0f35b2c927674,2026-08-01T05:47:47.974601+00:00,Only eligible listed class for CIK,,,,,,,,,,
LRCX,0000707549,LAM RESEARCH CORP,NASDAQ,EQUITY,NMS,Lam Research Corporation - Common Stock,COMMON_OR_EQUIVALENT,HIGH,NASDAQ Trader nasdaqlisted,3426.058,Technology,Semiconductor Equipment & Materials,366.649,5.858,50.47,87.61,0.432,0.0,淨負債/EBITDA,False,False,True,絕對毛利率>=25%,False,,,False,Pass,2026-07-industry-models-v7,92b0f35b2c927674,2026-08-01T05:47:50.615269+00:00,Only eligible listed class for CIK,,,,,,,,,,
HSBC,0001089113,HSBC HOLDINGS PLC,NYSE,EQUITY,NYQ,"HSBC Holdings, plc. Common Stock",COMMON_OR_EQUIVALENT,HIGH,NASDAQ Trader otherlisted,164.64,Financial Services,Banks - Diversified,364.983,,,,,,,,,,,,,,False,Pass,2026-07-industry-models-v7,92b0f35b2c927674,2026-08-01T05:47:53.390803+00:00,Only eligible listed class for CIK,BANK,BANK,True,"Tier 1 capital buffer, ROTCE, deposit funding and credit-loss model",True,91.0,,,,
PG,0000080424,PROCTER & GAMBLE Co,NYSE,EQUITY,NYQ,Procter & Gamble Company (The) Common Stock,COMMON_OR_EQUIVALENT,HIGH,NASDAQ Trader otherlisted,1279.235,Consumer Defensive,Household & Personal Products,336.459,19.556,50.68,71.8,1.443,1.023,淨負債/EBITDA,False,False,False,絕對毛利率>=25%,False,,,False,Pass,2026-07-industry-models-v7,92b0f35b2c927674,2026-08-01T05:47:56.168020+00:00,Only eligible listed class for CIK,,,,,,,,,,
HD,0000354950,"HOME DEPOT, INC.",NYSE,EQUITY,NYQ,"Home Depot, Inc. (The) Common Stock",COMMON_OR_EQUIVALENT,HIGH,NASDAQ Trader otherlisted,1631.271,Consumer Cyclical,Home Improvement Retail,331.003,18.032,33.13,75.89,2.555,2.491,淨負債/EBITDA,False,False,False,絕對毛利率>=25%,False,,,False,Pass,2026-07-industry-models-v7,92b0f35b2c927674,2026-08-01T05:47:58.861148+00:00,Only eligible listed class for CIK,,,,,,,,,,
MS,0000895421,MORGAN STANLEY,NYSE,EQUITY,NYQ,Morgan Stanley Common Stock,COMMON_OR_EQUIVALENT,HIGH,NASDAQ Trader otherlisted,1250.413,Financial Services,Capital Markets,330.78,,,,,,,,,,,,,,False,Pass,2026-07-industry-models-v7,92b0f35b2c927674,2026-08-01T05:48:01.708069+00:00,Only eligible listed class for CIK,FINANCIAL_SPECIALTY,FINANCIAL_FEE,True,"Fee-financial margin, cash conversion, tangible capital and balance-sheet model",True,88.0,,,,
MRK,0000310158,"Merck & Co., Inc.",NYSE,EQUITY,NYQ,"Merck & Company, Inc. Common Stock (new)",COMMON_OR_EQUIVALENT,HIGH,NASDAQ Trader otherlisted,1310.74,Healthcare,Drug Manufacturers - General,321.571,17.89,76.73,82.19,1.664,1.471,淨負債/EBITDA,False,False,False,絕對毛利率>=25%,False,,,False,Pass,2026-07-industry-models-v7,92b0f35b2c927674,2026-08-01T05:48:04.335687+00:00,Only eligible listed class for CIK,,,,,,,,,,
GS,0000886982,GOLDMAN SACHS GROUP INC,NYSE,EQUITY,NYQ,"Goldman Sachs Group, Inc. (The) Common Stock",COMMON_OR_EQUIVALENT,HIGH,NASDAQ Trader otherlisted,2209.445,Financial Services,Capital Markets,300.43,,,,,,,,,,,,,,False,Pass,2026-07-industry-models-v7,92b0f35b2c927674,2026-08-01T05:48:07.114355+00:00,Only eligible listed class for CIK,FINANCIAL_SPECIALTY,FINANCIAL_FEE,True,"Fee-financial margin, cash conversion, tangible capital and balance-sheet model",True,91.0,,,,
NFLX,0001065280,NETFLIX INC,NASDAQ,EQUITY,NMS,"Netflix, Inc. - Common Stock",COMMON_OR_EQUIVALENT,HIGH,NASDAQ Trader nasdaqlisted,3130.023,Communication Services,Entertainment,298.596,11.971,49.12,85.88,1.131,0.511,淨負債/EBITDA,False,False,False,絕對毛利率>=25%,False,,,False,Pass,2026-07-industry-models-v7,92b0f35b2c927674,2026-08-01T05:48:09.915431+00:00,Only eligible listed class for CIK,,,,,,,,,,
PM,0001413329,Philip Morris International Inc.,NYSE,EQUITY,NYQ,Philip Morris International Inc Common Stock,COMMON_OR_EQUIVALENT,HIGH,NASDAQ Trader otherlisted,971.579,Consumer Defensive,Tobacco,297.415,14.264,67.48,84.14,2.728,2.394,淨負債/EBITDA,False,False,False,絕對毛利率>=25%,False,,,False,Pass,2026-07-industry-models-v7,92b0f35b2c927674,2026-08-01T05:48:12.478080+00:00,Only eligible listed class for CIK,,,,,,,,,,
NVS,0001114448,NOVARTIS AG,NYSE,EQUITY,NYQ,Novartis AG Common Stock,COMMON_OR_EQUIVALENT,HIGH,NASDAQ Trader otherlisted,283.766,Healthcare,Drug Manufacturers - General,296.797,18.393,74.98,7.69,2.122,1.792,淨負債/EBITDA,False,False,False,絕對毛利率>=25%,False,,,False,Pass,2026-07-industry-models-v7,92b0f35b2c927674,2026-08-01T05:48:15.314218+00:00,Only eligible listed class for CIK,,,,,,,,,,
PLTR,0001321655,Palantir Technologies Inc.,NASDAQ,EQUITY,NMS,Palantir Technologies Inc. - Class A Common Stock,COMMON_OR_EQUIVALENT,HIGH,NASDAQ Trader nasdaqlisted,5070.795,Technology,Software - Infrastructure,295.013,2.723,84.07,62.33,0.105,0.0,淨負債/EBITDA,False,False,True,絕對毛利率>=25%,False,,,False,Pass,2026-07-industry-models-v7,92b0f35b2c927674,2026-08-01T05:48:18.161564+00:00,Only eligible listed class for CIK,,,,,,,,,,
BABA,0001577552,Alibaba Group Holding Ltd,NYSE,EQUITY,NYQ,Alibaba Group Holding Limited American Depositary Shares each representing eight Ordinary share,COMMON_OR_EQUIVALENT,HIGH,NASDAQ Trader otherlisted,1541.827,Consumer Cyclical,Internet Retail,293.018,76.213,39.81,11.26,2.559,0.0,淨負債/EBITDA,False,False,True,絕對毛利率>=25%,False,,,False,Pass,2026-07-industry-models-v7,92b0f35b2c927674,2026-08-01T05:48:20.852108+00:00,Only eligible listed class for CIK,,,,,,,,,,
RY,0001000275,ROYAL BANK OF CANADA,NYSE,EQUITY,NYQ,Royal Bank Of Canada Common Stock,COMMON_OR_EQUIVALENT,HIGH,NASDAQ Trader otherlisted,309.701,Financial Services,Banks - Diversified,291.148,,,,,,,,,,,,,,False,Pass,2026-07-industry-models-v7,92b0f35b2c927674,2026-08-01T05:48:23.615831+00:00,Only eligible listed class for CIK,BANK,BANK,True,"Tier 1 capital buffer, ROTCE, deposit funding and credit-loss model",True,94.0,,,,
RTX,0000101829,RTX Corp,NYSE,EQUITY,NYQ,RTX Corporation Common Stock,COMMON_OR_EQUIVALENT,HIGH,NASDAQ Trader otherlisted,1170.709,Industrials,Aerospace & Defense,290.064,14.206,20.35,81.27,2.445,1.922,淨負債/EBITDA,False,False,False,低於同業中位數，交由 SEC 深篩,False,,,False,Pass,2026-07-industry-models-v7,92b0f35b2c927674,2026-08-01T05:48:26.445586+00:00,Only eligible listed class for CIK,,,,,,,,,27.27,True
PANW,0001327567,Palo Alto Networks Inc,NASDAQ,EQUITY,NMS,"Palo Alto Networks, Inc. - Common Stock",COMMON_OR_EQUIVALENT,HIGH,NASDAQ Trader nasdaqlisted,2654.937,Technology,Software - Infrastructure,270.441,4.217,71.96,82.55,1.436,0.0,淨負債/EBITDA,False,False,True,絕對毛利率>=25%,False,,,False,Pass,2026-07-industry-models-v7,92b0f35b2c927674,2026-08-01T05:48:29.125055+00:00,Only eligible listed class for CIK,,,,,,,,,,
GEV,0001996810,GE Vernova Inc.,NYSE,EQUITY,NYQ,GE Vernova Inc. Common Stock,COMMON_OR_EQUIVALENT,HIGH,NASDAQ Trader otherlisted,2827.688,Industrials,Specialty Industrial Machinery,263.747,14.139,20.57,80.61,0.947,0.0,淨負債/EBITDA,False,False,True,低於同業中位數，交由 SEC 深篩,False,,,False,Pass,2026-07-industry-models-v7,92b0f35b2c927674,2026-08-01T05:48:31.776082+00:00,Only eligible listed class for CIK,,,,,,,,,39.24,True
AZN,0000901832,ASTRAZENECA PLC,NYSE,EQUITY,NYQ,AstraZeneca PLC Ordinary Shares,COMMON_OR_EQUIVALENT,HIGH,NASDAQ Trader otherlisted,381.489,Healthcare,Drug Manufacturers - General,263.091,13.7,81.69,68.22,1.625,1.376,淨負債/EBITDA,False,False,False,絕對毛利率>=25%,False,,,False,Pass,2026-07-industry-models-v7,92b0f35b2c927674,2026-08-01T05:48:34.440500+00:00,Only eligible listed class for CIK,,,,,,,,,,
DELL,0001571996,Dell Technologies Inc.,NYSE,EQUITY,NYQ,Dell Technologies Inc. Class C Common Stock,COMMON_OR_EQUIVALENT,HIGH,NASDAQ Trader otherlisted,3553.926,Technology,Computer Hardware,261.927,12.47,19.21,82.02,2.27,1.446,淨負債/EBITDA,False,False,False,低於同業中位數，交由 SEC 深篩,False,,,False,Pass,2026-07-industry-models-v7,92b0f35b2c927674,2026-08-01T05:48:37.039252+00:00,Only eligible listed class for CIK,,,,,,,,,45.5,True
WFC,0000072971,WELLS FARGO & COMPANY/MN,NYSE,EQUITY,NYQ,Wells Fargo & Company Common Stock,COMMON_OR_EQUIVALENT,HIGH,NASDAQ Trader otherlisted,1424.929,Financial Services,Banks - Diversified,261.425,,,,,,,,,,,,,,False,Pass,2026-07-industry-models-v7,92b0f35b2c927674,2026-08-01T05:48:39.625488+00:00,Only eligible listed class for CIK,BANK,BANK,True,"Tier 1 capital buffer, ROTCE, deposit funding and credit-loss model",True,94.0,,,,
ARM,0001973239,ARM HOLDINGS PLC /UK,NASDAQ,EQUITY,NMS,Arm Holdings plc - American Depositary Shares,COMMON_ADS_INFERRED,MEDIUM,SEC annual cover unavailable; accepted unavailable; symbol-to-title mapping unresolved; inferred common: sole exchange-listed ADS class for this CIK,2455.128,Technology,Semiconductors,255.989,2.094,97.54,95.42,0.456,0.0,淨負債/EBITDA,False,False,True,絕對毛利率>=25%,False,,,False,Pass,2026-07-industry-models-v7,92b0f35b2c927674,2026-08-01T05:48:42.234267+00:00,Only eligible listed class for CIK,,,,,,,,,,
SHEL,0001306965,Shell plc,NYSE,EQUITY,NYQ,Shell PLC American Depositary Shares (each representing two (2) Ordinary Shares),COMMON_OR_EQUIVALENT,HIGH,NASDAQ Trader otherlisted,643.842,Energy,Oil & Gas Integrated,254.49,,,,,,,,,,,,,,False,Pass,2026-07-industry-models-v7,92b0f35b2c927674,2026-08-01T05:48:44.876576+00:00,Only eligible listed class for CIK,CYCLICAL_MIDCYCLE,CYCLICAL_MIDCYCLE,True,Peak/current/mid-cycle/trough EBITDA and trough-survival model,True,97.0,,,,
MUFG,0000067088,MITSUBISHI UFJ FINANCIAL GROUP INC,NYSE,EQUITY,NYQ,"Mitsubishi UFJ Financial Group, Inc. Common Stock",COMMON_OR_EQUIVALENT,HIGH,NASDAQ Trader otherlisted,73.646,Financial Services,Banks - Diversified,253.166,,,,,,,,,,,,,,False,Pass,2026-07-industry-models-v7,92b0f35b2c927674,2026-08-01T05:48:47.600799+00:00,Only eligible listed class for CIK,BANK,BANK,True,"Tier 1 capital buffer, ROTCE, deposit funding and credit-loss model",True,94.0,,,,
TXN,0000097476,TEXAS INSTRUMENTS INC,NASDAQ,EQUITY,NMS,Texas Instruments Incorporated - Common Stock,COMMON_OR_EQUIVALENT,HIGH,NASDAQ Trader nasdaqlisted,2419.894,Technology,Semiconductors,251.819,8.667,58.33,92.21,1.476,0.741,淨負債/EBITDA,False,False,False,絕對毛利率>=25%,False,,,False,Pass,2026-07-industry-models-v7,92b0f35b2c927674,2026-08-01T05:48:50.440276+00:00,Only eligible listed class for CIK,,,,,,,,,,
KLAC,0000319201,KLA CORP,NASDAQ,EQUITY,NMS,KLA Corporation  - Common Stock,COMMON_OR_EQUIVALENT,HIGH,NASDAQ Trader nasdaqlisted,2351.057,Technology,Semiconductor Equipment & Materials,238.813,,61.3,93.29,0.972,0.163,淨負債/EBITDA,False,False,False,絕對毛利率>=25%,True,Yahoo OCF missing; defer to SEC,,False,Pass,2026-07-industry-models-v7,92b0f35b2c927674,2026-08-01T05:48:53.013529+00:00,Only eligible listed class for CIK,,,,,,,,,,
ANET,0001596532,"Arista Networks, Inc.",NYSE,EQUITY,NYQ,"Arista Networks, Inc. Common Stock",COMMON_OR_EQUIVALENT,HIGH,NASDAQ Trader otherlisted,1742.418,Technology,Computer Hardware,227.091,5.424,63.54,72.97,0.0,0.0,淨負債/EBITDA,False,False,True,絕對毛利率>=25%,False,,,False,Pass,2026-07-industry-models-v7,92b0f35b2c927674,2026-08-01T05:48:55.643520+00:00,Only eligible listed class for CIK,,,,,,,,,,
AXP,0000004962,AMERICAN EXPRESS CO,NYSE,EQUITY,NYQ,American Express Company Common Stock,COMMON_OR_EQUIVALENT,HIGH,NASDAQ Trader otherlisted,1060.261,Financial Services,Credit Services,227.073,,,,,,,,,,,,,,False,Pass,2026-07-industry-models-v7,92b0f35b2c927674,2026-08-01T05:48:58.506804+00:00,Only eligible listed class for CIK,FINANCIAL_SPECIALTY,FINANCIAL_FEE,True,"Fee-financial margin, cash conversion, tangible capital and balance-sheet model",True,94.0,,,,
TM,0001094517,TOYOTA MOTOR CORP/,NYSE,EQUITY,NYQ,Toyota Motor Corporation Common Stock,COMMON_OR_EQUIVALENT,HIGH,NASDAQ Trader otherlisted,96.739,Consumer Cyclical,Auto Manufacturers,223.784,,,,,,,,,,,,,,False,Pass,2026-07-industry-models-v7,92b0f35b2c927674,2026-08-01T05:49:01.091262+00:00,Only eligible listed class for CIK,CYCLICAL_MIDCYCLE,CYCLICAL_MIDCYCLE,True,Peak/current/mid-cycle/trough EBITDA and trough-survival model,True,97.0,,,,
C,0000831001,CITIGROUP INC,NYSE,EQUITY,NYQ,"Citigroup, Inc. Common Stock",COMMON_OR_EQUIVALENT,HIGH,NASDAQ Trader otherlisted,1669.242,Financial Services,Banks - Diversified,222.172,,,,,,,,,,,,,,False,Pass,2026-07-industry-models-v7,92b0f35b2c927674,2026-08-01T05:49:03.804683+00:00,Only eligible listed class for CIK,BANK,BANK,True,"Tier 1 capital buffer, ROTCE, deposit funding and credit-loss model",True,91.0,,,,
LIN,0001707925,LINDE PLC,NASDAQ,EQUITY,NMS,Linde plc - Ordinary Shares,COMMON_OR_EQUIVALENT,HIGH,NASDAQ Trader nasdaqlisted,1096.832,Basic Materials,Specialty Chemicals,221.178,,,,,,,,,,,,,,False,Pass,2026-07-industry-models-v7,92b0f35b2c927674,2026-08-01T05:49:06.637216+00:00,Only eligible listed class for CIK,CYCLICAL_MIDCYCLE,CYCLICAL_MIDCYCLE,True,Peak/current/mid-cycle/trough EBITDA and trough-survival model,True,97.0,,,,
BHP,0000811809,BHP Group Ltd,NYSE,EQUITY,NYQ,BHP Group Limited American Depositary Shares (Each representing two Ordinary Shares),COMMON_OR_EQUIVALENT,HIGH,NASDAQ Trader otherlisted,224.787,Basic Materials,Other Industrial Metals & Mining,214.634,,,,,,,,,,,,,,False,Pass,2026-07-industry-models-v7,92b0f35b2c927674,2026-08-01T05:49:09.391450+00:00,Only eligible listed class for CIK,CYCLICAL_MIDCYCLE,CYCLICAL_MIDCYCLE,True,Peak/current/mid-cycle/trough EBITDA and trough-survival model,True,97.0,,,,
TMO,0000097745,THERMO FISHER SCIENTIFIC INC.,NYSE,EQUITY,NYQ,Thermo Fisher Scientific Inc Common Stock,COMMON_OR_EQUIVALENT,HIGH,NASDAQ Trader otherlisted,1370.111,Healthcare,Diagnostics & Research,213.422,9.013,40.91,93.42,3.625,3.279,淨負債/EBITDA,False,False,False,絕對毛利率>=25%,False,,,False,Pass,2026-07-industry-models-v7,92b0f35b2c927674,2026-08-01T05:49:12.012570+00:00,Only eligible listed class for CIK,,,,,,,,,,
SAP,0001000184,SAP SE,NYSE,EQUITY,NYQ,SAP  SE ADS,COMMON_ADS_INFERRED,MEDIUM,SEC annual cover unavailable; accepted unavailable; symbol-to-title mapping unresolved; inferred common: sole exchange-listed ADS class for this CIK,598.161,Technology,Software - Application,211.935,9.465,73.66,7.92,0.845,0.0,淨負債/EBITDA,False,False,True,絕對毛利率>=25%,False,,,False,Pass,2026-07-industry-models-v7,92b0f35b2c927674,2026-08-01T05:49:14.686100+00:00,Only eligible listed class for CIK,,,,,,,,,,
IBM,0000051143,INTERNATIONAL BUSINESS MACHINES CORP,NYSE,EQUITY,NYQ,International Business Machines Corporation Common Stock,COMMON_OR_EQUIVALENT,HIGH,NASDAQ Trader otherlisted,2501.128,Technology,Information Technology Services,210.708,14.888,58.1,65.47,3.962,3.469,淨負債/EBITDA,False,False,False,絕對毛利率>=25%,False,,,False,Pass,2026-07-industry-models-v7,92b0f35b2c927674,2026-08-01T05:49:17.334536+00:00,Only eligible listed class for CIK,,,,,,,,,,
NVO,0000353278,NOVO NORDISK A S,NYSE,EQUITY,NYQ,Novo Nordisk A/S Common Stock,COMMON_OR_EQUIVALENT,HIGH,NASDAQ Trader otherlisted,599.756,Healthcare,Drug Manufacturers - General,208.183,118.456,83.2,9.93,0.842,0.717,淨負債/EBITDA,False,False,False,絕對毛利率>=25%,False,,,False,Pass,2026-07-industry-models-v7,92b0f35b2c927674,2026-08-01T05:49:20.103588+00:00,Only eligible listed class for CIK,,,,,,,,,,
AMGN,0000318154,AMGEN INC,NASDAQ,EQUITY,NMS,Amgen Inc. - Common Stock,COMMON_OR_EQUIVALENT,HIGH,NASDAQ Trader nasdaqlisted,1047.404,Healthcare,Drug Manufacturers - General,207.874,10.756,71.44,85.04,3.388,2.677,淨負債/EBITDA,False,False,False,絕對毛利率>=25%,False,,,False,Pass,2026-07-industry-models-v7,92b0f35b2c927674,2026-08-01T05:49:22.804827+00:00,Only eligible listed class for CIK,,,,,,,,,,
YPF,0000904851,YPF SOCIEDAD ANONIMA,NYSE,EQUITY,NYQ,YPF Sociedad Anonima Common Stock,COMMON_OR_EQUIVALENT,HIGH,NASDAQ Trader otherlisted,92.007,Energy,Oil & Gas Integrated,206.023,,,,,,,,,,,,,,False,Pass,2026-07-industry-models-v7,92b0f35b2c927674,2026-08-01T05:49:25.468656+00:00,Only eligible listed class for CIK,CYCLICAL_MIDCYCLE,CYCLICAL_MIDCYCLE,True,Peak/current/mid-cycle/trough EBITDA and trough-survival model,True,97.0,,,,
SAN,0000891478,"Banco Santander, S.A.",NYSE,EQUITY,NYQ,"Banco Santander, S.A. Sponsored ADR (Spain)",COMMON_ADS_INFERRED,MEDIUM,SEC annual cover unavailable; accepted unavailable; symbol-to-title mapping unresolved; inferred common: sole exchange-listed ADS class for this CIK,124.204,Financial Services,Banks - Diversified,201.406,,,,,,,,,,,,,,False,Pass,2026-07-industry-models-v7,92b0f35b2c927674,2026-08-01T05:49:28.089011+00:00,Only eligible listed class for CIK,BANK,BANK,True,"Tier 1 capital buffer, ROTCE, deposit funding and credit-loss model",True,91.0,,,,
TD,0000947263,TORONTO DOMINION BANK,NYSE,EQUITY,NYQ,Toronto Dominion Bank (The) Common Stock,COMMON_OR_EQUIVALENT,HIGH,NASDAQ Trader otherlisted,286.487,Financial Services,Banks - Diversified,198.114,,,,,,,,,,,,,,False,Pass,2026-07-industry-models-v7,92b0f35b2c927674,2026-08-01T05:49:30.821023+00:00,Only eligible listed class for CIK,BANK,BANK,True,"Tier 1 capital buffer, ROTCE, deposit funding and credit-loss model",True,94.0,,,,
APH,0000820313,AMPHENOL CORP /DE/,NYSE,EQUITY,NYQ,Amphenol Corporation Common Stock,COMMON_OR_EQUIVALENT,HIGH,NASDAQ Trader otherlisted,1546.599,Technology,Electronic Components,197.699,5.872,38.95,97.9,1.988,1.415,淨負債/EBITDA,False,False,False,絕對毛利率>=25%,False,,,False,Pass,2026-07-industry-models-v7,92b0f35b2c927674,2026-08-01T05:49:33.529265+00:00,Only eligible listed class for CIK,,,,,,,,,,
VZ,0000732712,VERIZON COMMUNICATIONS INC,NYSE,EQUITY,NYQ,Verizon Communications Inc. Common Stock,COMMON_OR_EQUIVALENT,HIGH,NASDAQ Trader otherlisted,1273.031,Communication Services,Telecom Services,195.458,38.799,59.41,70.71,3.772,3.737,淨負債/EBITDA,False,False,False,絕對毛利率>=25%,False,,,False,Pass,2026-07-industry-models-v7,92b0f35b2c927674,2026-08-01T05:49:36.116928+00:00,Only eligible listed class for CIK,,,,,,,,,,
TTE,0000879764,TotalEnergies SE,NYSE,EQUITY,NYQ,TotalEnergies SE Ordinary Shares,COMMON_OR_EQUIVALENT,HIGH,NASDAQ Trader otherlisted,135.147,Energy,Oil & Gas Integrated,195.075,,,,,,,,,,,,,,False,Pass,2026-07-industry-models-v7,92b0f35b2c927674,2026-08-01T05:49:38.741059+00:00,Only eligible listed class for CIK,CYCLICAL_MIDCYCLE,CYCLICAL_MIDCYCLE,True,Peak/current/mid-cycle/trough EBITDA and trough-survival model,True,97.0,,,,
CRWD,0001535527,"CrowdStrike Holdings, Inc.",NASDAQ,EQUITY,NMS,"CrowdStrike Holdings, Inc. - Class A Common Stock",COMMON_OR_EQUIVALENT,HIGH,NASDAQ Trader nasdaqlisted,2289.789,Technology,Software - Infrastructure,194.345,1.819,75.14,74.43,13.846,0.0,淨負債/EBITDA,False,True,True,絕對毛利率>=25%,False,,,False,Pass,2026-07-industry-models-v7,92b0f35b2c927674,2026-08-01T05:49:41.533985+00:00,Only eligible listed class for CIK,,,,,,,,,,
STX,0001137789,Seagate Technology Holdings plc,NASDAQ,EQUITY,NMS,Seagate Technology Holdings PLC - Ordinary Shares (Ireland),COMMON_OR_EQUIVALENT,HIGH,NASDAQ Trader nasdaqlisted,4063.894,Technology,Computer Hardware,193.701,3.674,45.58,88.87,0.792,0.413,淨負債/EBITDA,False,False,False,絕對毛利率>=25%,False,,,False,Pass,2026-07-industry-models-v7,92b0f35b2c927674,2026-08-01T05:49:44.128030+00:00,Only eligible listed class for CIK,,,,,,,,,,
MCD,0000063908,MCDONALDS CORP,NYSE,EQUITY,NYQ,McDonald's Corporation Common Stock,COMMON_OR_EQUIVALENT,HIGH,NASDAQ Trader otherlisted,1232.272,Consumer Cyclical,Restaurants,192.291,10.535,57.35,77.12,3.692,3.613,淨負債/EBITDA,False,False,False,絕對毛利率>=25%,False,,,False,Pass,2026-07-industry-models-v7,92b0f35b2c927674,2026-08-01T05:49:46.916389+00:00,Only eligible listed class for CIK,,,,,,,,,,
PEP,0000077476,PEPSICO INC,NASDAQ,EQUITY,NMS,"PepsiCo, Inc. - Common Stock",COMMON_OR_EQUIVALENT,HIGH,NASDAQ Trader nasdaqlisted,1204.519,Consumer Defensive,Beverages - Non-Alcoholic,190.639,13.456,54.17,81.1,2.818,2.251,淨負債/EBITDA,False,False,False,絕對毛利率>=25%,False,,,False,Pass,2026-07-industry-models-v7,92b0f35b2c927674,2026-08-01T05:49:49.647468+00:00,Only eligible listed class for CIK,,,,,,,,,,
WDC,0000106040,WESTERN DIGITAL CORP,NASDAQ,EQUITY,NMS,Western Digital Corporation - Common Stock,COMMON_OR_EQUIVALENT,HIGH,NASDAQ Trader nasdaqlisted,4609.106,Technology,Computer Hardware,187.797,3.286,45.43,,0.439,0.0,淨負債/EBITDA,False,False,True,絕對毛利率>=25%,False,,,False,Pass,2026-07-industry-models-v7,92b0f35b2c927674,2026-08-01T05:49:52.260285+00:00,Only eligible listed class for CIK,,,,,,,,,,
TMUS,0001283699,"T-Mobile US, Inc.",NASDAQ,EQUITY,NMS,"T-Mobile US, Inc. - Common Stock",COMMON_OR_EQUIVALENT,HIGH,NASDAQ Trader nasdaqlisted,921.889,Communication Services,Telecom Services,185.261,28.833,63.05,44.73,3.504,3.422,淨負債/EBITDA,False,False,False,絕對毛利率>=25%,False,,,False,Pass,2026-07-industry-models-v7,92b0f35b2c927674,2026-08-01T05:49:54.873541+00:00,Only eligible listed class for CIK,,,,,,,,,,
ABT,0000001800,ABBOTT LABORATORIES,NYSE,EQUITY,NYQ,Abbott Laboratories Common Stock,COMMON_OR_EQUIVALENT,HIGH,NASDAQ Trader otherlisted,1387.176,Healthcare,Medical Devices,184.11,9.905,56.85,83.0,2.801,2.321,淨負債/EBITDA,False,False,False,絕對毛利率>=25%,False,,,False,Pass,2026-07-industry-models-v7,92b0f35b2c927674,2026-08-01T05:49:57.583826+00:00,Only eligible listed class for CIK,,,,,,,,,,
SCHW,0000316709,SCHWAB CHARLES CORP,NYSE,EQUITY,NYQ,Charles Schwab Corporation (The) Common Stock,COMMON_OR_EQUIVALENT,HIGH,NASDAQ Trader otherlisted,1119.985,Financial Services,Capital Markets,183.027,,,,,,,,,,,,,,False,Pass,2026-07-industry-models-v7,92b0f35b2c927674,2026-08-01T05:50:00.152627+00:00,Only eligible listed class for CIK,FINANCIAL_SPECIALTY,FINANCIAL_FEE,True,"Fee-financial margin, cash conversion, tangible capital and balance-sheet model",True,91.0,,,,
NEE,0000753308,NEXTERA ENERGY INC,NYSE,EQUITY,NYQ,"NextEra Energy, Inc. Common Stock",COMMON_OR_EQUIVALENT,HIGH,NASDAQ Trader otherlisted,1011.112,Utilities,Utilities - Regulated Electric,181.281,,,,,,,,,,,,,,False,Pass,2026-07-industry-models-v7,92b0f35b2c927674,2026-08-01T05:50:02.916921+00:00,Only eligible listed class for CIK,REGULATED_UTILITY,REGULATED_UTILITY,True,"Regulated-asset growth proxy, capex funding, capital structure and coverage model",True,97.0,,,,
SNDK,0002023554,Sandisk Corp,NASDAQ,EQUITY,NMS,Sandisk Corporation - Common Stock When-Issued,COMMON_OR_EQUIVALENT,HIGH,NASDAQ Trader nasdaqlisted,17031.609,Technology,Computer Hardware,179.904,4.639,56.04,79.64,0.037,0.0,淨負債/EBITDA,False,False,True,絕對毛利率>=25%,False,,,False,Pass,2026-07-industry-models-v7,92b0f35b2c927674,2026-08-01T05:50:05.593934+00:00,Only eligible listed class for CIK,,,,,,,,,,
ADI,0000006281,ANALOG DEVICES INC,NASDAQ,EQUITY,NMS,"Analog Devices, Inc. - Common Stock",COMMON_OR_EQUIVALENT,HIGH,NASDAQ Trader nasdaqlisted,1754.622,Technology,Semiconductors,178.961,5.106,64.49,92.93,1.416,0.857,淨負債/EBITDA,False,False,False,絕對毛利率>=25%,False,,,False,Pass,2026-07-industry-models-v7,92b0f35b2c927674,2026-08-01T05:50:08.209297+00:00,Only eligible listed class for CIK,,,,,,,,,,
BLK,0002012383,"BlackRock, Inc.",NYSE,EQUITY,NYQ,"BlackRock, Inc. Common Stock",COMMON_OR_EQUIVALENT,HIGH,NASDAQ Trader otherlisted,832.898,Financial Services,Asset Management,177.3,,,,,,,,,,,,,,False,Pass,2026-07-industry-models-v7,92b0f35b2c927674,2026-08-01T05:50:24.674758+00:00,Only eligible listed class for CIK,FINANCIAL_SPECIALTY,FINANCIAL_FEE,True,"Fee-financial margin, cash conversion, tangible capital and balance-sheet model",True,91.0,,,,
TJX,0000109198,TJX COMPANIES INC /DE/,NYSE,EQUITY,NYQ,"TJX Companies, Inc. (The) Common Stock",COMMON_OR_EQUIVALENT,HIGH,NASDAQ Trader otherlisted,936.707,Consumer Cyclical,Apparel Retail,173.814,7.599,31.35,93.82,1.605,0.973,淨負債/EBITDA,False,False,False,絕對毛利率>=25%,False,,,False,Pass,2026-07-industry-models-v7,92b0f35b2c927674,2026-08-01T05:50:10.858654+00:00,Only eligible listed class for CIK,,,,,,,,,,
UNP,0000100885,UNION PACIFIC CORP,NYSE,EQUITY,NYQ,Union Pacific Corporation Common Stock,COMMON_OR_EQUIVALENT,HIGH,NASDAQ Trader otherlisted,869.547,Industrials,Railroads,173.547,10.263,56.28,90.72,2.419,2.255,淨負債/EBITDA,False,False,False,絕對毛利率>=25%,False,,,False,Pass,2026-07-industry-models-v7,92b0f35b2c927674,2026-08-01T05:50:13.695247+00:00,Only eligible listed class for CIK,,,,,,,,,,
UBS,0001610520,UBS Group AG,NYSE,EQUITY,NYQ,UBS Group AG Registered Ordinary Shares,COMMON_OR_EQUIVALENT,HIGH,NASDAQ Trader otherlisted,109.756,Financial Services,Banks - Diversified,172.871,,,,,,,,,,,,,,False,Pass,2026-07-industry-models-v7,92b0f35b2c927674,2026-08-01T05:50:16.552831+00:00,Only eligible listed class for CIK,BANK,BANK,True,"Tier 1 capital buffer, ROTCE, deposit funding and credit-loss model",True,94.0,,,,
BUD,0001668717,Anheuser-Busch InBev SA/NV,NYSE,EQUITY,NYQ,Anheuser-Busch Inbev SA Sponsored ADR (Belgium),COMMON_ADS_INFERRED,MEDIUM,SEC annual cover unavailable; accepted unavailable; symbol-to-title mapping unresolved; inferred common: sole exchange-listed ADS class for this CIK,175.28,Consumer Defensive,Beverages - Brewers,170.317,17.42,56.49,5.35,3.498,3.11,淨負債/EBITDA,False,False,False,絕對毛利率>=25%,False,,,False,Pass,2026-07-industry-models-v7,92b0f35b2c927674,2026-08-01T05:50:22.109514+00:00,Only eligible listed class for CIK,,,,,,,,,,
WELL,0000766704,WELLTOWER INC.,NYSE,EQUITY,NYQ,Welltower Inc. Common Stock,COMMON_OR_EQUIVALENT,HIGH,NASDAQ Trader otherlisted,812.555,Real Estate,REIT - Healthcare Facilities,168.931,,,,,,,,,,,,,,False,Pass,2026-07-industry-models-v7,92b0f35b2c927674,2026-08-01T05:50:27.427410+00:00,Only eligible listed class for CIK,REIT,REIT_EQUITY,True,"Nareit FFO/EBITDAre proxy, AFFO coverage, leverage and lease-growth model",True,87.0,Yahoo FFO unavailable; rebuild Nareit FFO proxy from SEC facts,,,
MRVL,0001835632,"Marvell Technology, Inc.",NASDAQ,EQUITY,NMS,"Marvell Technology, Inc. - Common Stock",COMMON_OR_EQUIVALENT,HIGH,NASDAQ Trader nasdaqlisted,7723.958,Technology,Semiconductors,168.343,2.056,51.5,85.3,1.946,0.529,淨負債/EBITDA,False,False,False,絕對毛利率>=25%,False,,,False,Pass,2026-07-industry-models-v7,92b0f35b2c927674,2026-08-01T05:50:29.997024+00:00,Only eligible listed class for CIK,,,,,,,,,,
DIS,0001744489,Walt Disney Co,NYSE,EQUITY,NYQ,Walt Disney Company (The) Common Stock,COMMON_OR_EQUIVALENT,HIGH,NASDAQ Trader otherlisted,1006.935,Communication Services,Entertainment,167.035,15.792,37.16,77.81,2.402,2.113,淨負債/EBITDA,False,False,False,絕對毛利率>=25%,False,,,False,Pass,2026-07-industry-models-v7,92b0f35b2c927674,2026-08-01T05:50:32.636103+00:00,Only eligible listed class for CIK,,,,,,,,,,
SMFG,0001022837,"SUMITOMO MITSUI FINANCIAL GROUP, INC.",NYSE,EQUITY,NYQ,Sumitomo Mitsui Financial Group Inc Unsponsored American Depositary Shares (Japan),COMMON_ADS_INFERRED,MEDIUM,SEC annual cover unavailable; accepted unavailable; symbol-to-title mapping unresolved; inferred common: sole exchange-listed ADS class for this CIK,51.313,Financial Services,Banks - Diversified,164.424,,,,,,,,,,,,,,False,Pass,2026-07-industry-models-v7,92b0f35b2c927674,2026-08-01T05:50:35.489055+00:00,Only eligible listed class for CIK,BANK,BANK,True,"Tier 1 capital buffer, ROTCE, deposit funding and credit-loss model",True,94.0,,,,
GILD,0000882095,"GILEAD SCIENCES, INC.",NASDAQ,EQUITY,NMS,"Gilead Sciences, Inc. - Common Stock",COMMON_OR_EQUIVALENT,HIGH,NASDAQ Trader nasdaqlisted,983.472,Healthcare,Drug Manufacturers - General,161.665,10.806,79.37,92.12,1.505,0.838,淨負債/EBITDA,False,False,False,絕對毛利率>=25%,False,,,False,Pass,2026-07-industry-models-v7,92b0f35b2c927674,2026-08-01T05:50:38.307145+00:00,Only eligible listed class for CIK,,,,,,,,,,
ETN,0001551182,Eaton Corp plc,NYSE,EQUITY,NYQ,"Eaton Corporation, PLC Ordinary Shares",COMMON_OR_EQUIVALENT,HIGH,NASDAQ Trader otherlisted,1091.796,Industrials,Specialty Industrial Machinery,161.222,4.741,37.1,88.01,3.442,3.324,淨負債/EBITDA,False,False,False,絕對毛利率>=25%,False,,,False,Pass,2026-07-industry-models-v7,92b0f35b2c927674,2026-08-01T05:50:40.911825+00:00,Only eligible listed class for CIK,,,,,,,,,,
DE,0000315189,DEERE & CO,NYSE,EQUITY,NYQ,Deere & Company Common Stock,COMMON_OR_EQUIVALENT,HIGH,NASDAQ Trader otherlisted,760.489,Industrials,Farm & Heavy Construction Machinery,160.084,7.933,25.96,82.52,5.627,4.602,淨負債/EBITDA,True,True,False,絕對毛利率>=25%,False,,,False,Pass,2026-07-industry-models-v7,92b0f35b2c927674,2026-08-01T05:50:43.676843+00:00,Only eligible listed class for CIK,,,,,,,,,,
T,0000732717,AT&T INC.,NYSE,EQUITY,NYQ,AT&T Inc.,COMMON_OR_EQUIVALENT,HIGH,NASDAQ Trader otherlisted,1440.396,Communication Services,Telecom Services,159.318,39.899,59.72,70.19,3.688,3.297,淨負債/EBITDA,False,False,False,絕對毛利率>=25%,False,,,False,Pass,2026-07-industry-models-v7,92b0f35b2c927674,2026-08-01T05:50:46.403803+00:00,Only eligible listed class for CIK,,,,,,,,,,
BX,0001393818,Blackstone Inc.,NYSE,EQUITY,NYQ,Blackstone Inc. Common Stock,COMMON_OR_EQUIVALENT,HIGH,NASDAQ Trader otherlisted,653.221,Financial Services,Asset Management,158.999,,,,,,,,,,,,,,False,Pass,2026-07-industry-models-v7,92b0f35b2c927674,2026-08-01T05:53:09.825302+00:00,Only eligible listed class for CIK,FINANCIAL_SPECIALTY,FINANCIAL_FEE,True,"Fee-financial margin, cash conversion, tangible capital and balance-sheet model",True,91.0,,,,
RIO,0000863064,RIO TINTO PLC,NYSE,EQUITY,NYQ,Rio Tinto Plc Common Stock,COMMON_OR_EQUIVALENT,HIGH,NASDAQ Trader otherlisted,265.857,Basic Materials,Other Industrial Metals & Mining,157.503,,,,,,,,,,,,,,False,Pass,2026-07-industry-models-v7,92b0f35b2c927674,2026-08-01T05:50:49.148176+00:00,Only eligible listed class for CIK,CYCLICAL_MIDCYCLE,CYCLICAL_MIDCYCLE,True,Peak/current/mid-cycle/trough EBITDA and trough-survival model,True,97.0,,,,
QCOM,0000804328,QUALCOMM INC/DE,NASDAQ,EQUITY,NMS,QUALCOMM Incorporated - Common Stock,COMMON_OR_EQUIVALENT,HIGH,NASDAQ Trader nasdaqlisted,3196.529,Technology,Semiconductors,154.99,12.401,54.23,84.55,1.273,0.581,淨負債/EBITDA,False,False,False,絕對毛利率>=25%,False,,,False,Pass,2026-07-industry-models-v7,92b0f35b2c927674,2026-08-01T05:50:51.911200+00:00,Only eligible listed class for CIK,,,,,,,,,,
BBVA,0000842180,"BANCO BILBAO VIZCAYA ARGENTARIA, S.A.",NYSE,EQUITY,NYQ,Banco Bilbao Vizcaya Argentaria S.A. Common Stock,COMMON_OR_EQUIVALENT,HIGH,NASDAQ Trader otherlisted,41.8,Financial Services,Banks - Diversified,154.432,,,,,,,,,,,,,,False,Pass,2026-07-industry-models-v7,92b0f35b2c927674,2026-08-01T05:50:54.635681+00:00,Only eligible listed class for CIK,BANK,BANK,True,"Tier 1 capital buffer, ROTCE, deposit funding and credit-loss model",True,91.0,,,,
SHOP,0001594805,SHOPIFY INC.,NASDAQ,EQUITY,NMS,Shopify Inc. - Class A Subordinate Voting Shares,COMMON_OR_EQUIVALENT,HIGH,NASDAQ Trader nasdaqlisted,1230.876,Technology,Software - Application,152.02,2.147,47.97,73.64,0.083,0.0,淨負債/EBITDA,False,False,True,絕對毛利率>=25%,False,,,False,Pass,2026-07-industry-models-v7,92b0f35b2c927674,2026-08-01T05:50:57.375607+00:00,Only eligible listed class for CIK,,,,,,,,,,
CRM,0001108524,"Salesforce, Inc.",NYSE,EQUITY,NYQ,"Salesforce, Inc. Common Stock",COMMON_OR_EQUIVALENT,HIGH,NASDAQ Trader otherlisted,2743.826,Technology,Software - Application,150.712,15.221,77.64,93.75,3.3,2.382,淨負債/EBITDA,False,False,False,絕對毛利率>=25%,False,,,False,Pass,2026-07-industry-models-v7,92b0f35b2c927674,2026-08-01T05:51:00.072991+00:00,Only eligible listed class for CIK,,,,,,,,,,
BKNG,0001075531,Booking Holdings Inc.,NASDAQ,EQUITY,NMS,Booking Holdings Inc. - Common Stock,COMMON_OR_EQUIVALENT,HIGH,NASDAQ Trader nasdaqlisted,1439.427,Consumer Cyclical,Travel Services,149.474,9.341,86.99,97.31,1.848,0.304,淨負債/EBITDA,False,False,False,絕對毛利率>=25%,False,,,False,Pass,2026-07-industry-models-v7,92b0f35b2c927674,2026-08-01T05:51:02.883855+00:00,Only eligible listed class for CIK,,,,,,,,,,
IBKR,0001381197,"Interactive Brokers Group, Inc.",NASDAQ,EQUITY,NMS,"Interactive Brokers Group, Inc. - Class A Common Stock",COMMON_OR_EQUIVALENT,HIGH,NASDAQ Trader nasdaqlisted,428.627,Financial Services,Capital Markets,149.251,,,,,,,,,,,,,,False,Pass,2026-07-industry-models-v7,92b0f35b2c927674,2026-08-01T06:03:24.027660+00:00,Only eligible listed class for CIK,FINANCIAL_SPECIALTY,FINANCIAL_FEE,True,"Fee-financial margin, cash conversion, tangible capital and balance-sheet model",True,91.0,,,,
COP,0001163165,CONOCOPHILLIPS,NYSE,EQUITY,NYQ,ConocoPhillips Common Stock,COMMON_OR_EQUIVALENT,HIGH,NASDAQ Trader otherlisted,867.112,Energy,Oil & Gas E&P,146.78,,,,,,,,,,,,,,False,Pass,2026-07-industry-models-v7,92b0f35b2c927674,2026-08-01T05:51:05.549539+00:00,Only eligible listed class for CIK,CYCLICAL_MIDCYCLE,CYCLICAL_MIDCYCLE,True,Peak/current/mid-cycle/trough EBITDA and trough-survival model,True,97.0,,,,
SCCO,0001001838,SOUTHERN COPPER CORP/,NYSE,EQUITY,NYQ,Southern Copper Corporation Common Stock,COMMON_OR_EQUIVALENT,HIGH,NASDAQ Trader otherlisted,240.041,Basic Materials,Copper,143.251,,,,,,,,,,,,,,False,Pass,2026-07-industry-models-v7,92b0f35b2c927674,2026-08-01T05:51:08.161757+00:00,Only eligible listed class for CIK,CYCLICAL_MIDCYCLE,CYCLICAL_MIDCYCLE,True,Peak/current/mid-cycle/trough EBITDA and trough-survival model,True,97.0,,,,
UBER,0001543151,"Uber Technologies, Inc",NYSE,EQUITY,NYQ,"Uber Technologies, Inc. Common Stock",COMMON_OR_EQUIVALENT,HIGH,NASDAQ Trader otherlisted,1404.623,Technology,Software - Application,143.225,10.126,39.63,85.95,1.769,0.901,淨負債/EBITDA,False,False,False,絕對毛利率>=25%,False,,,False,Pass,2026-07-industry-models-v7,92b0f35b2c927674,2026-08-01T05:51:10.824808+00:00,Only eligible listed class for CIK,,,,,,,,,,
PFE,0000078003,PFIZER INC,NYSE,EQUITY,NYQ,"Pfizer, Inc. Common Stock",COMMON_OR_EQUIVALENT,HIGH,NASDAQ Trader otherlisted,1033.289,Healthcare,Drug Manufacturers - General,142.543,11.984,74.8,69.54,2.542,2.029,淨負債/EBITDA,False,False,False,絕對毛利率>=25%,False,,,False,Pass,2026-07-industry-models-v7,92b0f35b2c927674,2026-08-01T05:51:13.420473+00:00,Only eligible listed class for CIK,,,,,,,,,,
PLD,0001045609,"Prologis, Inc.",NYSE,EQUITY,NYQ,"Prologis, Inc. Common Stock",COMMON_OR_EQUIVALENT,HIGH,NASDAQ Trader otherlisted,563.004,Real Estate,REIT - Industrial,138.079,,,,,,,,,,,,,,False,Pass,2026-07-industry-models-v7,92b0f35b2c927674,2026-08-01T05:51:27.302643+00:00,Only eligible listed class for CIK,REIT,REIT_EQUITY,True,"Nareit FFO/EBITDAre proxy, AFFO coverage, leverage and lease-growth model",True,87.0,Yahoo FFO unavailable; rebuild Nareit FFO proxy from SEC facts,,,
DHR,0000313616,DANAHER CORP /DE/,NYSE,EQUITY,NYQ,Danaher Corporation Common Stock,COMMON_OR_EQUIVALENT,HIGH,NASDAQ Trader otherlisted,1016.453,Healthcare,Diagnostics & Research,137.068,6.635,58.75,84.81,3.47,2.929,淨負債/EBITDA,False,False,False,絕對毛利率>=25%,False,,,False,Pass,2026-07-industry-models-v7,92b0f35b2c927674,2026-08-01T05:51:16.215117+00:00,Only eligible listed class for CIK,,,,,,,,,,
SONY,0000313838,Sony Group Corp,NYSE,EQUITY,NYQ,Sony Group Corporation American Depositary Shares,COMMON_ADS_INFERRED,MEDIUM,SEC annual cover unavailable; accepted unavailable; symbol-to-title mapping unresolved; inferred common: sole exchange-listed ADS class for this CIK,152.461,Technology,Consumer Electronics,136.593,1945.617,31.24,8.62,0.848,0.0,淨負債/EBITDA,False,False,True,絕對毛利率>=25%,False,,,False,Pass,2026-07-industry-models-v7,92b0f35b2c927674,2026-08-01T05:51:19.058449+00:00,Only eligible listed class for CIK,,,,,,,,,,
UL,0000217410,UNILEVER PLC,NYSE,EQUITY,NYQ,Unilever PLC American Depositary Shares (each representing One Ordinary Share),COMMON_OR_EQUIVALENT,HIGH,NASDAQ Trader otherlisted,275.499,Consumer Defensive,Household & Personal Products,136.541,8.637,47.07,11.53,2.952,2.406,淨負債/EBITDA,False,False,False,絕對毛利率>=25%,False,,,False,Pass,2026-07-industry-models-v7,92b0f35b2c927674,2026-08-01T05:51:21.868008+00:00,Only eligible listed class for CIK,,,,,,,,,,
CB,0000896159,Chubb Ltd,NYSE,EQUITY,NYQ,Chubb Limited  Common Stock,COMMON_OR_EQUIVALENT,HIGH,NASDAQ Trader otherlisted,624.883,Financial Services,Insurance - Property & Casualty,135.292,,,,,,,,,,,,,,False,Pass,2026-07-industry-models-v7,92b0f35b2c927674,2026-08-01T05:51:24.478907+00:00,Only eligible listed class for CIK,INSURANCE,INSURANCE_P_AND_C,True,"Dedicated underwriting, claims, capital and reserve-development model",True,97.0,,,,
LMT,0000936468,LOCKHEED MARTIN CORP,NYSE,EQUITY,NYQ,Lockheed Martin Corporation Common Stock,COMMON_OR_EQUIVALENT,HIGH,NASDAQ Trader otherlisted,757.433,Industrials,Aerospace & Defense,134.491,10.402,11.8,75.81,2.122,1.73,淨負債/EBITDA,False,False,False,低於同業中位數，交由 SEC 深篩,False,,,False,Pass,2026-07-industry-models-v7,92b0f35b2c927674,2026-08-01T05:51:29.944328+00:00,Only eligible listed class for CIK,,,,,,,,,27.27,True
BMY,0000014272,BRISTOL MYERS SQUIBB CO,NYSE,EQUITY,NYQ,Bristol-Myers Squibb Company Common Stock,COMMON_OR_EQUIVALENT,HIGH,NASDAQ Trader otherlisted,778.235,Healthcare,Drug Manufacturers - General,133.41,12.782,71.66,83.9,2.38,1.795,淨負債/EBITDA,False,False,False,絕對毛利率>=25%,False,,,False,Pass,2026-07-industry-models-v7,92b0f35b2c927674,2026-08-01T05:51:32.539300+00:00,Only eligible listed class for CIK,,,,,,,,,,
CVS,0000064803,CVS HEALTH Corp,NYSE,EQUITY,NYQ,CVS Health Corporation Common Stock,COMMON_OR_EQUIVALENT,HIGH,NASDAQ Trader otherlisted,864.077,Healthcare,Healthcare Plans,133.245,,,,,,,,,,,,,,False,Pass,2026-07-industry-models-v7,92b0f35b2c927674,2026-08-01T05:51:35.373772+00:00,Only eligible listed class for CIK,INSURANCE,INSURANCE_LIFE,True,"Dedicated underwriting, claims, capital and reserve-development model",True,97.0,,,,
APP,0001751008,AppLovin Corp,NASDAQ,EQUITY,NMS,Applovin Corporation - Class A Common Stock,COMMON_OR_EQUIVALENT,HIGH,NASDAQ Trader nasdaqlisted,2233.613,Communication Services,Advertising Agencies,132.998,4.439,88.37,74.5,0.79,0.224,淨負債/EBITDA,False,False,False,絕對毛利率>=25%,False,,,False,Pass,2026-07-industry-models-v7,92b0f35b2c927674,2026-08-01T05:51:38.013974+00:00,Only eligible listed class for CIK,,,,,,,,,,
BTI,0001303523,British American Tobacco p.l.c.,NYSE,EQUITY,NYQ,"British American Tobacco  Industries, p.l.c. Common Stock ADR",COMMON_OR_EQUIVALENT,HIGH,NASDAQ Trader otherlisted,259.414,Consumer Defensive,Tobacco,130.818,7.435,82.72,15.42,3.131,2.905,淨負債/EBITDA,False,False,False,絕對毛利率>=25%,False,,,False,Pass,2026-07-industry-models-v7,92b0f35b2c927674,2026-08-01T05:51:40.676817+00:00,Only eligible listed class for CIK,,,,,,,,,,
COF,0000927628,CAPITAL ONE FINANCIAL CORP,NYSE,EQUITY,NYQ,Capital One Financial Corporation Common Stock,COMMON_OR_EQUIVALENT,HIGH,NASDAQ Trader otherlisted,994.894,Financial Services,Credit Services,128.228,,,,,,,,,,,,,,False,Pass,2026-07-industry-models-v7,92b0f35b2c927674,2026-08-01T05:51:43.284435+00:00,Only eligible listed class for CIK,FINANCIAL_SPECIALTY,FINANCIAL_FEE,True,"Fee-financial margin, cash conversion, tangible capital and balance-sheet model",True,94.0,,,,
MFG,0001335730,MIZUHO FINANCIAL GROUP INC,NYSE,EQUITY,NYQ,"Mizuho Financial Group, Inc. Sponosred ADR (Japan)",COMMON_ADS_INFERRED,MEDIUM,SEC annual cover unavailable; accepted unavailable; symbol-to-title mapping unresolved; inferred common: sole exchange-listed ADS class for this CIK,40.552,Financial Services,Banks - Regional,127.182,,,,,,,,,,,,,,False,Pass,2026-07-industry-models-v7,92b0f35b2c927674,2026-08-01T05:51:45.919749+00:00,Only eligible listed class for CIK,BANK,BANK,True,"Tier 1 capital buffer, ROTCE, deposit funding and credit-loss model",True,91.0,,,,
ISRG,0001035267,INTUITIVE SURGICAL INC,NASDAQ,EQUITY,NMS,"Intuitive Surgical, Inc. - Common Stock",COMMON_OR_EQUIVALENT,HIGH,NASDAQ Trader nasdaqlisted,1052.45,Healthcare,Medical Instruments & Supplies,126.59,3.706,66.68,89.35,0.0,0.0,淨負債/EBITDA,False,False,True,絕對毛利率>=25%,False,,,False,Pass,2026-07-industry-models-v7,92b0f35b2c927674,2026-08-01T05:51:48.664750+00:00,Only eligible listed class for CIK,,,,,,,,,,
PDD,0001737806,PDD Holdings Inc.,NASDAQ,EQUITY,NMS,PDD Holdings Inc. - American Depositary Shares,COMMON_ADS_INFERRED,MEDIUM,SEC annual cover unavailable; accepted unavailable; symbol-to-title mapping unresolved; inferred common: sole exchange-listed ADS class for this CIK,784.443,Consumer Cyclical,Internet Retail,126.056,107.867,55.98,31.4,0.053,0.0,淨負債/EBITDA,False,False,True,絕對毛利率>=25%,False,,,False,Pass,2026-07-industry-models-v7,92b0f35b2c927674,2026-08-01T05:51:51.380368+00:00,Only eligible listed class for CIK,,,,,,,,,,
BMO,0000927971,BANK OF MONTREAL /CAN/,NYSE,EQUITY,NYQ,Bank Of Montreal Common Stock,COMMON_OR_EQUIVALENT,HIGH,NASDAQ Trader otherlisted,146.332,Financial Services,Banks - Diversified,125.69,,,,,,,,,,,,,,False,Pass,2026-07-industry-models-v7,92b0f35b2c927674,2026-08-01T05:51:54.482101+00:00,Only eligible listed class for CIK,BANK,BANK,True,"Tier 1 capital buffer, ROTCE, deposit funding and credit-loss model",True,94.0,,,,
PBR,0001119639,PETROBRAS - PETROLEO BRASILEIRO SA,NYSE,EQUITY,NYQ,Petroleo Brasileiro S.A. Petrobras ADS,COMMON_ADS_INFERRED,MEDIUM,SEC annual cover unavailable; accepted unavailable; symbol-to-title mapping unresolved; inferred common: only unresolved ADS after an official preferred sibling was excluded,304.714,Energy,Oil & Gas Integrated,125.021,,,,,,,,,,,,,,False,Pass,2026-07-industry-models-v7,92b0f35b2c927674,2026-08-01T05:51:56.967467+00:00,Only eligible listed class for CIK,CYCLICAL_MIDCYCLE,CYCLICAL_MIDCYCLE,True,Peak/current/mid-cycle/trough EBITDA and trough-survival model,True,97.0,,,,
SYK,0000310764,STRYKER CORP,NYSE,EQUITY,NYQ,Stryker Corporation Common Stock,COMMON_OR_EQUIVALENT,HIGH,NASDAQ Trader otherlisted,910.631,Healthcare,Medical Devices,124.861,5.525,66.03,82.17,1.884,1.423,淨負債/EBITDA,False,False,False,絕對毛利率>=25%,False,,,False,Pass,2026-07-industry-models-v7,92b0f35b2c927674,2026-08-01T05:51:59.590356+00:00,Only eligible listed class for CIK,,,,,,,,,,
PH,0000076334,Parker-Hannifin Corp,NYSE,EQUITY,NYQ,Parker-Hannifin Corporation Common Stock,COMMON_OR_EQUIVALENT,HIGH,NASDAQ Trader otherlisted,695.535,Industrials,Specialty Industrial Machinery,123.127,4.095,37.44,90.79,1.749,1.662,淨負債/EBITDA,False,False,False,絕對毛利率>=25%,False,,,False,Pass,2026-07-industry-models-v7,92b0f35b2c927674,2026-08-01T05:52:02.415132+00:00,Only eligible listed class for CIK,,,,,,,,,,
PGR,0000080661,PROGRESSIVE CORP/OH/,NYSE,EQUITY,NYQ,Progressive Corporation (The) Common Stock,COMMON_OR_EQUIVALENT,HIGH,NASDAQ Trader otherlisted,696.579,Financial Services,Insurance - Property & Casualty,122.92,,,,,,,,,,,,,,False,Pass,2026-07-industry-models-v7,92b0f35b2c927674,2026-08-01T05:52:05.217367+00:00,Only eligible listed class for CIK,INSURANCE,INSURANCE_P_AND_C,True,"Dedicated underwriting, claims, capital and reserve-development model",True,94.0,,,,
HDB,0001144967,HDFC BANK LTD,NYSE,EQUITY,NYQ,HDFC Bank Limited Common Stock,COMMON_OR_EQUIVALENT,HIGH,NASDAQ Trader otherlisted,219.72,Financial Services,Banks - Regional,122.881,,,,,,,,,,,,,,False,Pass,2026-07-industry-models-v7,92b0f35b2c927674,2026-08-01T05:52:07.888582+00:00,Only eligible listed class for CIK,BANK,BANK,True,"Tier 1 capital buffer, ROTCE, deposit funding and credit-loss model",True,91.0,,,,
SPGI,0000064040,S&P Global Inc.,NYSE,EQUITY,NYQ,S&P Global Inc. Common Stock,COMMON_OR_EQUIVALENT,HIGH,NASDAQ Trader otherlisted,963.027,Financial Services,Financial Data & Stock Exchanges,121.437,,,,,,,,,,,,,,False,Pass,2026-07-industry-models-v7,92b0f35b2c927674,2026-08-01T05:52:10.703003+00:00,Only eligible listed class for CIK,FINANCIAL_SPECIALTY,FINANCIAL_FEE,True,"Fee-financial margin, cash conversion, tangible capital and balance-sheet model",True,97.0,,,,
VRTX,0000875320,VERTEX PHARMACEUTICALS INC / MA,NASDAQ,EQUITY,NMS,Vertex Pharmaceuticals Incorporated - Common Stock,COMMON_OR_EQUIVALENT,HIGH,NASDAQ Trader nasdaqlisted,735.663,Healthcare,Biotechnology,121.091,4.241,54.39,98.0,0.399,0.0,淨負債/EBITDA,False,False,True,絕對毛利率>=25%,False,,,False,Pass,2026-07-industry-models-v7,92b0f35b2c927674,2026-08-01T05:52:13.359583+00:00,Only eligible listed class for CIK,,,,,,,,,,
SBUX,0000829224,STARBUCKS CORP,NASDAQ,EQUITY,NMS,Starbucks Corporation - Common Stock,COMMON_OR_EQUIVALENT,HIGH,NASDAQ Trader nasdaqlisted,815.293,Consumer Cyclical,Restaurants,119.985,4.986,22.34,86.74,3.979,3.34,淨負債/EBITDA,False,False,False,低於同業中位數，交由 SEC 深篩,False,,,False,Pass,2026-07-industry-models-v7,92b0f35b2c927674,2026-08-01T05:52:16.059651+00:00,Only eligible listed class for CIK,,,,,,,,,28.71,True
ENB,0000895728,ENBRIDGE INC,NYSE,EQUITY,NYQ,Enbridge Inc Common Stock,COMMON_OR_EQUIVALENT,HIGH,NASDAQ Trader otherlisted,221.606,Energy,Oil & Gas Midstream,118.924,,,,,,,,,,,,,,False,Pass,2026-07-industry-models-v7,92b0f35b2c927674,2026-08-01T05:52:18.704373+00:00,Only eligible listed class for CIK,CYCLICAL_MIDCYCLE,CYCLICAL_MIDCYCLE,True,Peak/current/mid-cycle/trough EBITDA and trough-survival model,True,97.0,,,,
GLW,0000024741,CORNING INC /NY,NYSE,EQUITY,NYQ,Corning Incorporated Common Stock,COMMON_OR_EQUIVALENT,HIGH,NASDAQ Trader otherlisted,2148.8,Technology,Electronic Components,118.845,3.915,36.39,73.54,2.296,1.683,淨負債/EBITDA,False,False,False,絕對毛利率>=25%,False,,,False,Pass,2026-07-industry-models-v7,92b0f35b2c927674,2026-08-01T05:52:21.397803+00:00,Only eligible listed class for CIK,,,,,,,,,,
FTNT,0001262039,"Fortinet, Inc.",NASDAQ,EQUITY,NMS,"Fortinet, Inc. - Common Stock",COMMON_OR_EQUIVALENT,HIGH,NASDAQ Trader nasdaqlisted,1031.111,Technology,Software - Infrastructure,118.825,3.396,80.2,71.89,0.191,0.0,淨負債/EBITDA,False,False,True,絕對毛利率>=25%,False,,,False,Pass,2026-07-industry-models-v7,92b0f35b2c927674,2026-08-01T05:52:24.166407+00:00,Only eligible listed class for CIK,,,,,,,,,,
LOW,0000060667,LOWES COMPANIES INC,NYSE,EQUITY,NYQ,"Lowe's Companies, Inc. Common Stock",COMMON_OR_EQUIVALENT,HIGH,NASDAQ Trader otherlisted,642.877,Consumer Cyclical,Home Improvement Retail,116.581,9.835,33.29,81.54,3.378,3.316,淨負債/EBITDA,False,False,False,絕對毛利率>=25%,False,,,False,Pass,2026-07-industry-models-v7,92b0f35b2c927674,2026-08-01T05:52:26.773768+00:00,Only eligible listed class for CIK,,,,,,,,,,
BP,0000313807,BP PLC,NYSE,EQUITY,NYQ,BP p.l.c. Common Stock,COMMON_OR_EQUIVALENT,HIGH,NASDAQ Trader otherlisted,406.953,Energy,Oil & Gas Integrated,116.447,,,,,,,,,,,,,,False,Pass,2026-07-industry-models-v7,92b0f35b2c927674,2026-08-01T05:52:29.447226+00:00,Only eligible listed class for CIK,CYCLICAL_MIDCYCLE,CYCLICAL_MIDCYCLE,True,Peak/current/mid-cycle/trough EBITDA and trough-survival model,True,97.0,,,,
NOW,0001373715,"ServiceNow, Inc.",NYSE,EQUITY,NYQ,"ServiceNow, Inc. Common Stock",COMMON_OR_EQUIVALENT,HIGH,NASDAQ Trader otherlisted,3114.139,Technology,Software - Application,114.996,5.308,74.77,88.85,2.918,1.308,淨負債/EBITDA,False,False,False,絕對毛利率>=25%,False,,,False,Pass,2026-07-industry-models-v7,92b0f35b2c927674,2026-08-01T05:52:32.105079+00:00,Only eligible listed class for CIK,,,,,,,,,,
MO,0000764180,"ALTRIA GROUP, INC.",NYSE,EQUITY,NYQ,"Altria Group, Inc.",COMMON_OR_EQUIVALENT,HIGH,NASDAQ Trader otherlisted,572.943,Consumer Defensive,Tobacco,114.094,9.408,87.22,63.63,1.558,1.408,淨負債/EBITDA,False,False,False,絕對毛利率>=25%,False,,,False,Pass,2026-07-industry-models-v7,92b0f35b2c927674,2026-08-01T05:52:34.756764+00:00,Only eligible listed class for CIK,,,,,,,,,,
HWM,0000004281,Howmet Aerospace Inc.,NYSE,EQUITY,NYQ,Howmet Aerospace Inc. Common Stock,COMMON_OR_EQUIVALENT,HIGH,NASDAQ Trader otherlisted,781.991,Industrials,Aerospace & Defense,112.934,2.084,35.05,94.81,1.893,0.942,淨負債/EBITDA,False,False,False,絕對毛利率>=25%,False,,,False,Pass,2026-07-industry-models-v7,92b0f35b2c927674,2026-08-01T05:52:37.450357+00:00,Only eligible listed class for CIK,,,,,,,,,,
MDT,0001613103,Medtronic plc,NYSE,EQUITY,NYQ,Medtronic plc. Ordinary Shares,COMMON_OR_EQUIVALENT,HIGH,NASDAQ Trader otherlisted,845.221,Healthcare,Medical Devices,109.303,7.33,65.31,89.32,2.885,1.973,淨負債/EBITDA,False,False,False,絕對毛利率>=25%,False,,,False,Pass,2026-07-industry-models-v7,92b0f35b2c927674,2026-08-01T05:52:40.068462+00:00,Only eligible listed class for CIK,,,,,,,,,,
SO,0000092122,SOUTHERN CO,NYSE,EQUITY,NYQ,Southern Company (The) Common Stock,COMMON_OR_EQUIVALENT,HIGH,NASDAQ Trader otherlisted,553.147,Utilities,Utilities - Regulated Electric,108.755,,,,,,,,,,,,,,False,Pass,2026-07-industry-models-v7,92b0f35b2c927674,2026-08-01T05:52:42.881625+00:00,Only eligible listed class for CIK,REGULATED_UTILITY,REGULATED_UTILITY,True,"Regulated-asset growth proxy, capex funding, capital structure and coverage model",True,97.0,,,,
CM,0001045520,CANADIAN IMPERIAL BANK OF COMMERCE /CAN/,NYSE,EQUITY,NYQ,Canadian Imperial Bank of Commerce Common Stock,COMMON_OR_EQUIVALENT,HIGH,NASDAQ Trader otherlisted,155.717,Financial Services,Banks - Diversified,108.213,,,,,,,,,,,,,,False,Pass,2026-07-industry-models-v7,92b0f35b2c927674,2026-08-01T05:52:45.335302+00:00,Only eligible listed class for CIK,BANK,BANK,True,"Tier 1 capital buffer, ROTCE, deposit funding and credit-loss model",True,94.0,,,,
IBN,0001103838,ICICI BANK LTD,NYSE,EQUITY,NYQ,ICICI Bank Limited Common Stock,COMMON_OR_EQUIVALENT,HIGH,NASDAQ Trader otherlisted,224.083,Financial Services,Banks - Regional,107.563,,,,,,,,,,,,,,False,Pass,2026-07-industry-models-v7,92b0f35b2c927674,2026-08-01T05:52:48.200237+00:00,Only eligible listed class for CIK,BANK,BANK,True,"Tier 1 capital buffer, ROTCE, deposit funding and credit-loss model",True,91.0,,,,
BNS,0000009631,BANK OF NOVA SCOTIA,NYSE,EQUITY,NYQ,Bank Nova Scotia Halifax Pfd 3 Ordinary Shares,COMMON_OR_EQUIVALENT,HIGH,NASDAQ Trader otherlisted,221.302,Financial Services,Banks - Diversified,107.191,,,,,,,,,,,,,,False,Pass,2026-07-industry-models-v7,92b0f35b2c927674,2026-08-01T05:52:50.835064+00:00,Only eligible listed class for CIK,BANK,BANK,True,"Tier 1 capital buffer, ROTCE, deposit funding and credit-loss model",True,94.0,,,,
BNY,0001390777,Bank of New York Mellon Corp,NYSE,EQUITY,NYQ,The Bank of New York Mellon Corporation Common Stock,COMMON_OR_EQUIVALENT,HIGH,NASDAQ Trader otherlisted,602.173,Financial Services,Banks - Diversified,106.071,,,,,,,,,,,,,,False,Pass,2026-07-industry-models-v7,92b0f35b2c927674,2026-08-01T05:52:53.495507+00:00,Only eligible listed class for CIK,BANK,BANK,True,"Tier 1 capital buffer, ROTCE, deposit funding and credit-loss model",True,91.0,,,,
ADP,0000008670,AUTOMATIC DATA PROCESSING INC,NASDAQ,EQUITY,NMS,"Automatic Data Processing, Inc. - Common Stock",COMMON_OR_EQUIVALENT,HIGH,NASDAQ Trader nasdaqlisted,735.317,Technology,Software - Application,105.998,5.441,48.65,91.07,0.846,0.185,淨負債/EBITDA,False,False,False,絕對毛利率>=25%,False,,,False,Pass,2026-07-industry-models-v7,92b0f35b2c927674,2026-08-01T05:52:56.167073+00:00,Only eligible listed class for CIK,,,,,,,,,,
GD,0000040533,GENERAL DYNAMICS CORP,NYSE,EQUITY,NYQ,General Dynamics Corporation Common Stock,COMMON_OR_EQUIVALENT,HIGH,NASDAQ Trader otherlisted,480.052,Industrials,Aerospace & Defense,103.737,7.694,15.38,87.56,1.429,0.776,淨負債/EBITDA,False,False,False,低於同業中位數，交由 SEC 深篩,False,,,False,Pass,2026-07-industry-models-v7,92b0f35b2c927674,2026-08-01T05:52:58.913342+00:00,Only eligible listed class for CIK,,,,,,,,,27.27,True
GSK,0001131399,GSK plc,NYSE,EQUITY,NYQ,GSK plc American Depositary Shares (Each representing two Ordinary Shares),COMMON_OR_EQUIVALENT,HIGH,NASDAQ Trader otherlisted,207.359,Healthcare,Drug Manufacturers - General,103.525,8.331,73.49,18.74,1.691,1.404,淨負債/EBITDA,False,False,False,絕對毛利率>=25%,False,,,False,Pass,2026-07-industry-models-v7,92b0f35b2c927674,2026-08-01T05:53:01.580107+00:00,Only eligible listed class for CIK,,,,,,,,,,
SNY,0001121404,Sanofi,NASDAQ,EQUITY,NMS,Sanofi - American Depositary Shares,COMMON_ADS_INFERRED,MEDIUM,SEC annual cover unavailable; accepted unavailable; symbol-to-title mapping unresolved; inferred common: sole exchange-listed ADS class for this CIK,145.176,Healthcare,Drug Manufacturers - General,103.226,10.34,72.36,8.86,1.561,1.129,淨負債/EBITDA,False,False,False,絕對毛利率>=25%,False,,,False,Pass,2026-07-industry-models-v7,92b0f35b2c927674,2026-08-01T05:53:04.422958+00:00,Only eligible listed class for CIK,,,,,,,,,,
SPOT,0001639920,Spotify Technology S.A.,NYSE,EQUITY,NYQ,Spotify Technology S.A. Ordinary Shares,COMMON_OR_EQUIVALENT,HIGH,NASDAQ Trader otherlisted,1002.969,Communication Services,Internet Content & Information,102.798,3.23,32.32,68.43,0.195,0.0,淨負債/EBITDA,False,False,True,絕對毛利率>=25%,False,,,False,Pass,2026-07-industry-models-v7,92b0f35b2c927674,2026-08-01T05:53:07.150969+00:00,Only eligible listed class for CIK,,,,,,,,,,
ACN,0001467373,Accenture plc,NYSE,EQUITY,NYQ,Accenture plc Class A Ordinary Shares (Ireland),COMMON_OR_EQUIVALENT,HIGH,NASDAQ Trader otherlisted,1432.459,Technology,Information Technology Services,101.533,13.182,32.01,86.15,0.648,0.0,淨負債/EBITDA,False,False,True,絕對毛利率>=25%,False,,,False,Pass,2026-07-industry-models-v7,92b0f35b2c927674,2026-08-01T05:53:15.137966+00:00,Only eligible listed class for CIK,,,,,,,,,,
EQIX,0001101239,EQUINIX INC,NASDAQ,EQUITY,NMS,"Equinix, Inc. - Common Stock",COMMON_OR_EQUIVALENT,HIGH,NASDAQ Trader nasdaqlisted,598.257,Real Estate,REIT - Specialty,100.574,,,,,,,,,,,,,,False,Pass,2026-07-industry-models-v7,92b0f35b2c927674,2026-08-01T05:53:17.808610+00:00,Only eligible listed class for CIK,REIT,REIT_EQUITY,True,"Nareit FFO/EBITDAre proxy, AFFO coverage, leverage and lease-growth model",True,87.0,Yahoo FFO unavailable; rebuild Nareit FFO proxy from SEC facts,,,
PWR,0001050915,"QUANTA SERVICES, INC.",NYSE,EQUITY,NYQ,"Quanta Services, Inc. Common Stock",COMMON_OR_EQUIVALENT,HIGH,NASDAQ Trader otherlisted,862.338,Industrials,Engineering & Construction,100.333,2.379,15.1,95.0,2.377,2.239,淨負債/EBITDA,False,False,False,低於同業中位數，交由 SEC 深篩,False,,,False,Pass,2026-07-industry-models-v7,92b0f35b2c927674,2026-08-01T05:53:20.601317+00:00,Only eligible listed class for CIK,,,,,,,,,20.6,True
MCK,0000927653,MCKESSON CORP,NYSE,EQUITY,NYQ,McKesson Corporation Common Stock,COMMON_OR_EQUIVALENT,HIGH,NASDAQ Trader otherlisted,1005.565,Healthcare,Medical Distribution,100.241,6.155,3.6,95.32,1.276,0.699,淨負債/EBITDA,False,False,False,同業樣本不足(4)，交由 SEC 深篩,False,,,False,Pass,2026-07-industry-models-v7,92b0f35b2c927674,2026-08-01T05:53:23.286019+00:00,Only eligible listed class for CIK,,,,,,,,,,True
TT,0001466258,Trane Technologies plc,NYSE,EQUITY,NYQ,Trane Technologies plc,COMMON_OR_EQUIVALENT,HIGH,NASDAQ Trader otherlisted,628.076,Industrials,Building Products & Equipment,100.1,3.481,35.92,91.61,1.09,0.837,淨負債/EBITDA,False,False,False,絕對毛利率>=25%,False,,,False,Pass,2026-07-industry-models-v7,92b0f35b2c927674,2026-08-01T05:53:25.856487+00:00,Only eligible listed class for CIK,,,,,,,,,,
ING,0001039765,ING GROEP NV,NYSE,EQUITY,NYQ,"ING Group, N.V. Common Stock",COMMON_OR_EQUIVALENT,HIGH,NASDAQ Trader otherlisted,112.25,Financial Services,Banks - Diversified,99.78,,,,,,,,,,,,,,False,Pass,2026-07-industry-models-v7,92b0f35b2c927674,2026-08-01T05:53:28.624564+00:00,Only eligible listed class for CIK,BANK,BANK,True,"Tier 1 capital buffer, ROTCE, deposit funding and credit-loss model",True,91.0,,,,
PNC,0000713676,"PNC FINANCIAL SERVICES GROUP, INC.",NYSE,EQUITY,NYQ,"PNC Financial Services Group, Inc. (The) Common Stock",COMMON_OR_EQUIVALENT,HIGH,NASDAQ Trader otherlisted,506.161,Financial Services,Banks - Regional,99.698,,,,,,,,,,,,,,False,Pass,2026-07-industry-models-v7,92b0f35b2c927674,2026-08-01T05:53:31.398609+00:00,Only eligible listed class for CIK,BANK,BANK,True,"Tier 1 capital buffer, ROTCE, deposit funding and credit-loss model",True,91.0,,,,
ADBE,0000796343,ADOBE INC.,NASDAQ,EQUITY,NMS,Adobe Inc. - Common Stock,COMMON_OR_EQUIVALENT,HIGH,NASDAQ Trader nasdaqlisted,1611.766,Technology,Software - Application,99.538,10.481,89.4,87.84,0.727,0.149,淨負債/EBITDA,False,False,False,絕對毛利率>=25%,False,,,False,Pass,2026-07-industry-models-v7,92b0f35b2c927674,2026-08-01T05:53:34.055751+00:00,Only eligible listed class for CIK,,,,,,,,,,
CNQ,0001017413,CANADIAN NATURAL RESOURCES Ltd,NYSE,EQUITY,NYQ,Canadian Natural Resources Limited Common Stock,COMMON_OR_EQUIVALENT,HIGH,NASDAQ Trader otherlisted,398.284,Energy,Oil & Gas E&P,99.447,,,,,,,,,,,,,,False,Pass,2026-07-industry-models-v7,92b0f35b2c927674,2026-08-01T05:53:36.776069+00:00,Only eligible listed class for CIK,CYCLICAL_MIDCYCLE,CYCLICAL_MIDCYCLE,True,Peak/current/mid-cycle/trough EBITDA and trough-survival model,True,97.0,,,,
NEM,0001164727,NEWMONT Corp /DE/,NYSE,EQUITY,NYQ,Newmont Corporation,COMMON_OR_EQUIVALENT,HIGH,NASDAQ Trader otherlisted,740.674,Basic Materials,Gold,98.742,,,,,,,,,,,,,,False,Pass,2026-07-industry-models-v7,92b0f35b2c927674,2026-08-01T05:53:42.484811+00:00,Only eligible listed class for CIK,CYCLICAL_MIDCYCLE,CYCLICAL_MIDCYCLE,True,Peak/current/mid-cycle/trough EBITDA and trough-survival model,True,97.0,,,,
MAR,0001048286,MARRIOTT INTERNATIONAL INC /MD/,NASDAQ,EQUITY,NMS,Marriott International - Class A Common Stock,COMMON_OR_EQUIVALENT,HIGH,NASDAQ Trader nasdaqlisted,552.45,Consumer Cyclical,Lodging,98.311,3.423,79.04,64.24,3.676,3.58,淨負債/EBITDA,False,False,False,絕對毛利率>=25%,False,,,False,Pass,2026-07-industry-models-v7,92b0f35b2c927674,2026-08-01T05:53:45.168344+00:00,Only eligible listed class for CIK,,,,,,,,,,
USB,0000036104,US BANCORP \DE\,NYSE,EQUITY,NYQ,U.S. Bancorp Common Stock,COMMON_OR_EQUIVALENT,HIGH,NASDAQ Trader otherlisted,560.995,Financial Services,Banks - Regional,98.153,,,,,,,,,,,,,,False,Pass,2026-07-industry-models-v7,92b0f35b2c927674,2026-08-01T05:53:47.932457+00:00,Only eligible listed class for CIK,BANK,BANK,True,"Tier 1 capital buffer, ROTCE, deposit funding and credit-loss model",True,91.0,,,,
DUK,0001326160,Duke Energy CORP,NYSE,EQUITY,NYQ,Duke Energy Corporation (Holding Company) Common Stock,COMMON_OR_EQUIVALENT,HIGH,NASDAQ Trader otherlisted,450.41,Utilities,Utilities - Regulated Electric,97.785,,,,,,,,,,,,,,False,Pass,2026-07-industry-models-v7,92b0f35b2c927674,2026-08-01T05:53:50.605224+00:00,Only eligible listed class for CIK,REGULATED_UTILITY,REGULATED_UTILITY,True,"Regulated-asset growth proxy, capex funding, capital structure and coverage model",True,97.0,,,,
EQNR,0001140625,EQUINOR ASA,NYSE,EQUITY,NYQ,Equinor ASA,COMMON_OR_EQUIVALENT,HIGH,NASDAQ Trader otherlisted,162.146,Energy,Oil & Gas Integrated,97.655,,,,,,,,,,,,,,False,Pass,2026-07-industry-models-v7,92b0f35b2c927674,2026-08-01T05:53:53.432168+00:00,Only eligible listed class for CIK,CYCLICAL_MIDCYCLE,CYCLICAL_MIDCYCLE,True,Peak/current/mid-cycle/trough EBITDA and trough-survival model,True,97.0,,,,
CME,0001156375,CME GROUP INC.,NASDAQ,EQUITY,NMS,CME Group Inc. - Class A Common Stock,COMMON_OR_EQUIVALENT,HIGH,NASDAQ Trader nasdaqlisted,898.763,Financial Services,Financial Data & Stock Exchanges,96.292,,,,,,,,,,,,,,False,Pass,2026-07-industry-models-v7,92b0f35b2c927674,2026-08-01T05:53:56.030815+00:00,Only eligible listed class for CIK,FINANCIAL_SPECIALTY,FINANCIAL_FEE,True,"Fee-financial margin, cash conversion, tangible capital and balance-sheet model",True,97.0,,,,
DDOG,0001561550,"Datadog, Inc.",NASDAQ,EQUITY,NMS,"Datadog, Inc. - Class A Common Stock",COMMON_OR_EQUIVALENT,HIGH,NASDAQ Trader nasdaqlisted,1511.387,Technology,Software - Application,95.387,1.113,79.91,92.11,37.098,0.0,淨負債/EBITDA,False,True,True,絕對毛利率>=25%,False,,,False,Pass,2026-07-industry-models-v7,92b0f35b2c927674,2026-08-01T05:53:58.747510+00:00,Only eligible listed class for CIK,,,,,,,,,,
MELI,0001099590,MERCADOLIBRE INC,NASDAQ,EQUITY,NMS,"MercadoLibre, Inc. - Common Stock",COMMON_OR_EQUIVALENT,HIGH,NASDAQ Trader nasdaqlisted,1001.024,Consumer Cyclical,Internet Retail,95.207,13.16,49.47,82.28,3.14,1.703,淨負債/EBITDA,False,False,False,絕對毛利率>=25%,False,,,False,Pass,2026-07-industry-models-v7,92b0f35b2c927674,2026-08-01T05:54:01.432919+00:00,Only eligible listed class for CIK,,,,,,,,,,
BN,0001001085,BROOKFIELD Corp /ON/,NYSE,EQUITY,NYQ,Brookfield Corporation Class A Limited Voting Shares,COMMON_OR_EQUIVALENT,HIGH,NASDAQ Trader otherlisted,185.346,Financial Services,Asset Management,94.995,,,,,,,,,,,,,,False,Pass,2026-07-industry-models-v7,92b0f35b2c927674,2026-08-01T05:54:04.199102+00:00,Only eligible listed class for CIK,FINANCIAL_SPECIALTY,FINANCIAL_FEE,True,"Fee-financial margin, cash conversion, tangible capital and balance-sheet model",True,97.0,,,,
KKR,0001404912,KKR & Co. Inc.,NYSE,EQUITY,NYQ,KKR & Co. Inc. Common Stock,COMMON_OR_EQUIVALENT,HIGH,NASDAQ Trader otherlisted,458.173,Financial Services,Asset Management,94.578,,,,,,,,,,,,,,False,Pass,2026-07-industry-models-v7,92b0f35b2c927674,2026-08-01T05:54:26.238877+00:00,Only eligible listed class for CIK,FINANCIAL_SPECIALTY,FINANCIAL_FEE,True,"Fee-financial margin, cash conversion, tangible capital and balance-sheet model",True,88.0,,,,
MNST,0000865752,Monster Beverage Corp,NASDAQ,EQUITY,NMS,Monster Beverage Corporation - Common Stock,COMMON_OR_EQUIVALENT,HIGH,NASDAQ Trader nasdaqlisted,562.833,Consumer Defensive,Beverages - Non-Alcoholic,94.26,2.196,55.47,70.95,0.033,0.0,淨負債/EBITDA,False,False,True,絕對毛利率>=25%,False,,,False,Pass,2026-07-industry-models-v7,92b0f35b2c927674,2026-08-01T05:54:06.877649+00:00,Only eligible listed class for CIK,,,,,,,,,,
CEG,0001868275,Constellation Energy Corp,NASDAQ,EQUITY,NMS,Constellation Energy Corporation - Common Stock When-Issued,COMMON_OR_EQUIVALENT,HIGH,NASDAQ Trader nasdaqlisted,957.678,Utilities,Utilities - Independent Power Producers,93.829,4.555,23.26,83.36,2.823,2.715,淨負債/EBITDA,False,False,False,同業樣本不足(4)，交由 SEC 深篩,False,,,False,Pass,2026-07-industry-models-v7,92b0f35b2c927674,2026-08-01T05:54:09.556231+00:00,Only eligible listed class for CIK,,,,,,,,,,True
CDNS,0000813672,CADENCE DESIGN SYSTEMS INC,NASDAQ,EQUITY,NMS,"Cadence Design Systems, Inc. - Common Stock",COMMON_OR_EQUIVALENT,HIGH,NASDAQ Trader nasdaqlisted,825.712,Technology,Software - Application,93.783,1.855,85.87,91.24,1.23,0.519,淨負債/EBITDA,False,False,False,絕對毛利率>=25%,False,,,False,Pass,2026-07-industry-models-v7,92b0f35b2c927674,2026-08-01T05:54:12.396928+00:00,Only eligible listed class for CIK,,,,,,,,,,
CSX,0000277948,CSX CORP,NASDAQ,EQUITY,NMS,CSX Corporation - Common Stock,COMMON_OR_EQUIVALENT,HIGH,NASDAQ Trader nasdaqlisted,653.983,Industrials,Railroads,93.365,5.322,47.07,82.07,2.847,2.644,淨負債/EBITDA,False,False,False,絕對毛利率>=25%,False,,,False,Pass,2026-07-industry-models-v7,92b0f35b2c927674,2026-08-01T05:54:15.181330+00:00,Only eligible listed class for CIK,,,,,,,,,,
VRT,0001674101,Vertiv Holdings Co,NYSE,EQUITY,NYQ,"Vertiv Holdings, LLC Class A Common Stock",COMMON_OR_EQUIVALENT,HIGH,NASDAQ Trader otherlisted,1535.618,Industrials,Electrical Equipment & Parts,93.002,3.354,38.04,85.76,1.246,0.085,淨負債/EBITDA,False,False,False,絕對毛利率>=25%,False,,,False,Pass,2026-07-industry-models-v7,92b0f35b2c927674,2026-08-01T05:54:17.921239+00:00,Only eligible listed class for CIK,,,,,,,,,,
CVNA,0001690820,CARVANA CO.,NYSE,EQUITY,NYQ,Carvana Co. Class A Common Stock,COMMON_OR_EQUIVALENT,HIGH,NASDAQ Trader otherlisted,691.452,Consumer Cyclical,Auto & Truck Dealerships,92.796,1.12,19.37,,2.27,1.022,淨負債/EBITDA,False,False,False,低於25%但高於同業中位數,False,,,False,Pass,2026-07-industry-models-v7,92b0f35b2c927674,2026-08-01T05:57:40.318236+00:00,Only eligible listed class for CIK,,,,,,,,,18.67,False
BCS,0000312069,BARCLAYS PLC,NYSE,EQUITY,NYQ,Barclays PLC Common Stock,COMMON_OR_EQUIVALENT,HIGH,NASDAQ Trader otherlisted,150.048,Financial Services,Banks - Diversified,92.721,,,,,,,,,,,,,,False,Pass,2026-07-industry-models-v7,92b0f35b2c927674,2026-08-01T05:54:20.667522+00:00,Only eligible listed class for CIK,BANK,BANK,True,"Tier 1 capital buffer, ROTCE, deposit funding and credit-loss model",True,94.0,,,,
MPC,0001510295,Marathon Petroleum Corp,NYSE,EQUITY,NYQ,Marathon Petroleum Corporation Common Stock,COMMON_OR_EQUIVALENT,HIGH,NASDAQ Trader otherlisted,736.306,Energy,Oil & Gas Refining & Marketing,92.389,,,,,,,,,,,,,,False,Pass,2026-07-industry-models-v7,92b0f35b2c927674,2026-08-01T05:54:23.524769+00:00,Only eligible listed class for CIK,CYCLICAL_MIDCYCLE,CYCLICAL_MIDCYCLE,True,Peak/current/mid-cycle/trough EBITDA and trough-survival model,True,97.0,,,,
MMM,0000066740,3M CO,NYSE,EQUITY,NYQ,3M Company Common Stock,COMMON_OR_EQUIVALENT,HIGH,NASDAQ Trader otherlisted,686.808,Industrials,Conglomerates,90.912,4.899,39.41,78.19,2.028,1.211,淨負債/EBITDA,False,False,False,絕對毛利率>=25%,False,,,False,Pass,2026-07-industry-models-v7,92b0f35b2c927674,2026-08-01T05:54:28.937670+00:00,Only eligible listed class for CIK,,,,,,,,,,
WM,0000823768,WASTE MANAGEMENT INC,NYSE,EQUITY,NYQ,"Waste Management, Inc. Common Stock",COMMON_OR_EQUIVALENT,HIGH,NASDAQ Trader otherlisted,485.697,Industrials,Waste Management,90.555,6.517,40.6,86.24,3.004,2.933,淨負債/EBITDA,False,False,False,絕對毛利率>=25%,False,,,False,Pass,2026-07-industry-models-v7,92b0f35b2c927674,2026-08-01T05:54:31.737129+00:00,Only eligible listed class for CIK,,,,,,,,,,
MRSH,0000062709,"MARSH & MCLENNAN COMPANIES, INC.",NYSE,EQUITY,NYQ,Marsh Common Stock,COMMON_OR_EQUIVALENT,HIGH,NASDAQ Trader otherlisted,530.438,Financial Services,Insurance Brokers,90.522,,,,,,,,,,,,,,False,Pass,2026-07-industry-models-v7,92b0f35b2c927674,2026-08-01T05:54:34.400694+00:00,Only eligible listed class for CIK,FINANCIAL_SPECIALTY,FINANCIAL_FEE,True,"Fee-based insurance intermediary model using margin, cash conversion and tangible capital",True,97.0,,,,
VLO,0001035002,VALERO ENERGY CORP/TX,NYSE,EQUITY,NYQ,Valero Energy Corporation Common Stock,COMMON_OR_EQUIVALENT,HIGH,NASDAQ Trader otherlisted,942.489,Energy,Oil & Gas Refining & Marketing,90.093,,,,,,,,,,,,,,False,Pass,2026-07-industry-models-v7,92b0f35b2c927674,2026-08-01T05:54:37.081279+00:00,Only eligible listed class for CIK,CYCLICAL_MIDCYCLE,CYCLICAL_MIDCYCLE,True,Peak/current/mid-cycle/trough EBITDA and trough-survival model,True,91.0,,,,
FCX,0000831259,FREEPORT-MCMORAN INC,NYSE,EQUITY,NYQ,"Freeport-McMoRan, Inc. Common Stock",COMMON_OR_EQUIVALENT,HIGH,NASDAQ Trader otherlisted,909.666,Basic Materials,Copper,90.034,,,,,,,,,,,,,,False,Pass,2026-07-industry-models-v7,92b0f35b2c927674,2026-08-01T05:54:39.911392+00:00,Only eligible listed class for CIK,CYCLICAL_MIDCYCLE,CYCLICAL_MIDCYCLE,True,Peak/current/mid-cycle/trough EBITDA and trough-survival model,True,97.0,,,,
ABNB,0001559720,"Airbnb, Inc.",NASDAQ,EQUITY,NMS,"Airbnb, Inc. - Class A Common Stock",COMMON_OR_EQUIVALENT,HIGH,NASDAQ Trader nasdaqlisted,579.321,Consumer Cyclical,Travel Services,89.928,4.565,82.91,88.43,0.968,0.0,淨負債/EBITDA,False,False,True,絕對毛利率>=25%,False,,,False,Pass,2026-07-industry-models-v7,92b0f35b2c927674,2026-08-01T05:54:42.630884+00:00,Only eligible listed class for CIK,,,,,,,,,,
LYG,0001160106,Lloyds Banking Group plc,NYSE,EQUITY,NYQ,Lloyds Banking Group Plc American Depositary Shares,COMMON_ADS_INFERRED,MEDIUM,SEC annual cover unavailable; accepted unavailable; symbol-to-title mapping unresolved; inferred common: sole exchange-listed ADS class for this CIK,131.576,Financial Services,Banks - Regional,89.543,,,,,,,,,,,,,,False,Pass,2026-07-industry-models-v7,92b0f35b2c927674,2026-08-01T05:54:45.107193+00:00,Only eligible listed class for CIK,BANK,BANK,True,"Tier 1 capital buffer, ROTCE, deposit funding and credit-loss model",True,94.0,,,,
HCA,0000860730,"HCA Healthcare, Inc.",NYSE,EQUITY,NYQ,"HCA Healthcare, Inc. Common Stock",COMMON_OR_EQUIVALENT,HIGH,NASDAQ Trader otherlisted,672.327,Healthcare,Medical Care Facilities,89.31,11.124,42.58,80.36,3.274,3.202,淨負債/EBITDA,False,False,False,絕對毛利率>=25%,False,,,False,Pass,2026-07-industry-models-v7,92b0f35b2c927674,2026-08-01T05:54:58.628603+00:00,Only eligible listed class for CIK,,,,,,,,,,
JCI,0000833444,Johnson Controls International plc,NYSE,EQUITY,NYQ,Johnson Controls International plc Ordinary Share,COMMON_OR_EQUIVALENT,HIGH,NASDAQ Trader otherlisted,615.222,Industrials,Building Products & Equipment,88.838,2.032,36.65,94.45,2.191,2.043,淨負債/EBITDA,False,False,False,絕對毛利率>=25%,False,,,False,Pass,2026-07-industry-models-v7,92b0f35b2c927674,2026-08-01T05:54:47.781042+00:00,Only eligible listed class for CIK,,,,,,,,,,
UPS,0001090727,UNITED PARCEL SERVICE INC,NYSE,EQUITY,NYQ,"United Parcel Service, Inc. Common Stock",COMMON_OR_EQUIVALENT,HIGH,NASDAQ Trader otherlisted,587.234,Industrials,Integrated Freight & Logistics,88.588,8.867,21.22,70.81,2.584,2.165,淨負債/EBITDA,False,False,False,低於25%但高於同業中位數,False,,,False,Pass,2026-07-industry-models-v7,92b0f35b2c927674,2026-08-01T05:54:50.613822+00:00,Only eligible listed class for CIK,,,,,,,,,19.03,False
CMI,0000026172,CUMMINS INC,NYSE,EQUITY,NYQ,Cummins Inc. Common Stock,COMMON_OR_EQUIVALENT,HIGH,NASDAQ Trader otherlisted,654.798,Industrials,Specialty Industrial Machinery,87.513,3.933,25.85,88.35,1.647,1.011,淨負債/EBITDA,False,False,False,絕對毛利率>=25%,False,,,False,Pass,2026-07-industry-models-v7,92b0f35b2c927674,2026-08-01T05:54:53.397483+00:00,Only eligible listed class for CIK,,,,,,,,,,
WMB,0000107263,"WILLIAMS COMPANIES, INC.",NYSE,EQUITY,NYQ,"Williams Companies, Inc. (The) Common Stock",COMMON_OR_EQUIVALENT,HIGH,NASDAQ Trader otherlisted,502.924,Energy,Oil & Gas Midstream,87.493,,,,,,,,,,,,,,False,Pass,2026-07-industry-models-v7,92b0f35b2c927674,2026-08-01T05:54:56.037367+00:00,Only eligible listed class for CIK,CYCLICAL_MIDCYCLE,CYCLICAL_MIDCYCLE,True,Peak/current/mid-cycle/trough EBITDA and trough-survival model,True,97.0,,,,
SPG,0001063761,SIMON PROPERTY GROUP INC.,NYSE,EQUITY,NYQ,"Simon Property Group, Inc. Common Stock",COMMON_OR_EQUIVALENT,HIGH,NASDAQ Trader otherlisted,435.855,Real Estate,REIT - Retail,87.156,,,,,,,,,,,,,,False,Pass,2026-07-industry-models-v7,92b0f35b2c927674,2026-08-01T05:56:38.427684+00:00,Only eligible listed class for CIK,REIT,REIT_EQUITY,True,"Nareit FFO/EBITDAre proxy, AFFO coverage, leverage and lease-growth model",True,87.0,Yahoo FFO unavailable; rebuild Nareit FFO proxy from SEC facts,,,
INTU,0000896878,INTUIT INC.,NASDAQ,EQUITY,NMS,Intuit Inc. - Common Stock,COMMON_OR_EQUIVALENT,HIGH,NASDAQ Trader nasdaqlisted,1669.056,Technology,Software - Application,86.457,7.888,80.79,91.67,1.076,0.019,淨負債/EBITDA,False,False,False,絕對毛利率>=25%,False,,,False,Pass,2026-07-industry-models-v7,92b0f35b2c927674,2026-08-01T05:55:01.433528+00:00,Only eligible listed class for CIK,,,,,,,,,,
ICE,0001571949,"Intercontinental Exchange, Inc.",NYSE,EQUITY,NYQ,Intercontinental Exchange Inc. Common Stock,COMMON_OR_EQUIVALENT,HIGH,NASDAQ Trader otherlisted,681.162,Financial Services,Financial Data & Stock Exchanges,85.601,,,,,,,,,,,,,,False,Pass,2026-07-industry-models-v7,92b0f35b2c927674,2026-08-01T05:55:04.251782+00:00,Only eligible listed class for CIK,FINANCIAL_SPECIALTY,FINANCIAL_FEE,True,"Fee-financial margin, cash conversion, tangible capital and balance-sheet model",True,94.0,,,,
DASH,0001792789,"DoorDash, Inc.",NASDAQ,EQUITY,NMS,"DoorDash, Inc. - Common Stock",COMMON_OR_EQUIVALENT,HIGH,NASDAQ Trader nasdaqlisted,943.315,Consumer Cyclical,Internet Retail,85.471,2.39,51.76,93.04,2.435,0.0,淨負債/EBITDA,False,False,True,絕對毛利率>=25%,False,,,False,Pass,2026-07-industry-models-v7,92b0f35b2c927674,2026-08-01T05:55:07.062163+00:00,Only eligible listed class for CIK,,,,,,,,,,
NTES,0001110646,"NetEase, Inc.",NASDAQ,EQUITY,NMS,"NetEase, Inc. - American Depositary Shares, each representing 5 ordinary shares",COMMON_OR_EQUIVALENT,HIGH,NASDAQ Trader nasdaqlisted,135.836,Communication Services,Electronic Gaming & Multimedia,85.326,52.366,65.69,9.98,0.272,0.0,淨負債/EBITDA,False,False,True,絕對毛利率>=25%,False,,,False,Pass,2026-07-industry-models-v7,92b0f35b2c927674,2026-08-01T05:55:09.676285+00:00,Only eligible listed class for CIK,,,,,,,,,,
RCL,0000884887,ROYAL CARIBBEAN CRUISES LTD,NYSE,EQUITY,NYQ,Royal Caribbean Cruises Ltd. Common Stock,COMMON_OR_EQUIVALENT,HIGH,NASDAQ Trader otherlisted,875.787,Consumer Cyclical,Travel Services,85.13,6.786,50.28,90.78,3.396,3.269,淨負債/EBITDA,False,False,False,絕對毛利率>=25%,False,,,False,Pass,2026-07-industry-models-v7,92b0f35b2c927674,2026-08-01T05:55:12.471415+00:00,Only eligible listed class for CIK,,,,,,,,,,
CMCSA,0001166691,COMCAST CORP,NASDAQ,EQUITY,NMS,Comcast Corporation - Class A Common Stock,COMMON_OR_EQUIVALENT,HIGH,NASDAQ Trader nasdaqlisted,866.929,Communication Services,Telecom Services,85.025,32.517,69.39,94.35,2.653,2.428,淨負債/EBITDA,False,False,False,絕對毛利率>=25%,False,,,False,Pass,2026-07-industry-models-v7,92b0f35b2c927674,2026-08-01T05:55:15.056245+00:00,Only eligible listed class for CIK,,,,,,,,,,
PSX,0001534701,Phillips 66,NYSE,EQUITY,NYQ,Phillips 66 Common Stock,COMMON_OR_EQUIVALENT,HIGH,NASDAQ Trader otherlisted,538.468,Energy,Oil & Gas Refining & Marketing,84.87,,,,,,,,,,,,,,False,Pass,2026-07-industry-models-v7,92b0f35b2c927674,2026-08-01T05:55:17.653420+00:00,Only eligible listed class for CIK,CYCLICAL_MIDCYCLE,CYCLICAL_MIDCYCLE,True,Peak/current/mid-cycle/trough EBITDA and trough-survival model,True,97.0,,,,
EMR,0000032604,EMERSON ELECTRIC CO,NYSE,EQUITY,NYQ,Emerson Electric Company Common Stock,COMMON_OR_EQUIVALENT,HIGH,NASDAQ Trader otherlisted,429.678,Industrials,Specialty Industrial Machinery,83.914,3.558,52.67,85.24,2.393,2.088,淨負債/EBITDA,False,False,False,絕對毛利率>=25%,False,,,False,Pass,2026-07-industry-models-v7,92b0f35b2c927674,2026-08-01T05:55:20.454164+00:00,Only eligible listed class for CIK,,,,,,,,,,
MCO,0001059556,MOODYS CORP /DE/,NYSE,EQUITY,NYQ,Moody's Corporation Common Stock,COMMON_OR_EQUIVALENT,HIGH,NASDAQ Trader otherlisted,483.599,Financial Services,Financial Data & Stock Exchanges,82.846,,,,,,,,,,,,,,False,Pass,2026-07-industry-models-v7,92b0f35b2c927674,2026-08-01T05:55:23.308608+00:00,Only eligible listed class for CIK,FINANCIAL_SPECIALTY,FINANCIAL_FEE,True,"Fee-financial margin, cash conversion, tangible capital and balance-sheet model",True,97.0,,,,
SHW,0000089800,SHERWIN WILLIAMS CO,NYSE,EQUITY,NYQ,Sherwin-Williams Company (The) Common Stock,COMMON_OR_EQUIVALENT,HIGH,NASDAQ Trader otherlisted,814.781,Basic Materials,Specialty Chemicals,82.744,,,,,,,,,,,,,,False,Pass,2026-07-industry-models-v7,92b0f35b2c927674,2026-08-01T05:55:25.952209+00:00,Only eligible listed class for CIK,CYCLICAL_MIDCYCLE,CYCLICAL_MIDCYCLE,True,Peak/current/mid-cycle/trough EBITDA and trough-survival model,True,97.0,,,,
ITW,0000049826,ILLINOIS TOOL WORKS INC,NYSE,EQUITY,NYQ,Illinois Tool Works Inc. Common Stock,COMMON_OR_EQUIVALENT,HIGH,NASDAQ Trader otherlisted,421.279,Industrials,Specialty Industrial Machinery,82.556,,44.16,86.34,2.017,1.842,淨負債/EBITDA,False,False,False,絕對毛利率>=25%,True,Yahoo OCF missing; defer to SEC,,False,Pass,2026-07-industry-models-v7,92b0f35b2c927674,2026-08-01T05:55:28.621994+00:00,Only eligible listed class for CIK,,,,,,,,,,
EPD,0001061219,ENTERPRISE PRODUCTS PARTNERS L.P.,NYSE,EQUITY,NYQ,Enterprise Products Partners L.P. Common Stock,COMMON_OR_EQUIVALENT,HIGH,NASDAQ Trader otherlisted,129.208,Energy,Oil & Gas Midstream,82.322,,,,,,,,,,,,,,False,Pass,2026-07-industry-models-v7,92b0f35b2c927674,2026-08-01T05:55:31.456782+00:00,Only eligible listed class for CIK,CYCLICAL_MIDCYCLE,CYCLICAL_MIDCYCLE,True,Peak/current/mid-cycle/trough EBITDA and trough-survival model,True,91.0,,,,
CTAS,0000723254,CINTAS CORP,NASDAQ,EQUITY,NMS,Cintas Corporation - Common Stock,COMMON_OR_EQUIVALENT,HIGH,NASDAQ Trader nasdaqlisted,473.7,Industrials,Specialty Business Services,81.887,2.276,50.67,68.97,0.903,0.807,淨負債/EBITDA,False,False,False,絕對毛利率>=25%,False,,,False,Pass,2026-07-industry-models-v7,92b0f35b2c927674,2026-08-01T05:55:34.023954+00:00,Only eligible listed class for CIK,,,,,,,,,,
ELV,0001156039,"Elevance Health, Inc.",NYSE,EQUITY,NYQ,"Elevance Health, Inc. Common Stock",COMMON_OR_EQUIVALENT,HIGH,NASDAQ Trader otherlisted,620.888,Healthcare,Healthcare Plans,81.508,,,,,,,,,,,,,,False,Pass,2026-07-industry-models-v7,92b0f35b2c927674,2026-08-01T05:55:36.744172+00:00,Only eligible listed class for CIK,INSURANCE,INSURANCE_LIFE,True,"Dedicated underwriting, claims, capital and reserve-development model",True,97.0,,,,
AMT,0001053507,AMERICAN TOWER CORP /MA/,NYSE,EQUITY,NYQ,American Tower Corporation (REIT) Common Stock,COMMON_OR_EQUIVALENT,HIGH,NASDAQ Trader otherlisted,568.606,Real Estate,REIT - Specialty,80.779,,,,,,,,,,,,,,False,Pass,2026-07-industry-models-v7,92b0f35b2c927674,2026-08-01T05:55:39.447537+00:00,Only eligible listed class for CIK,REIT,REIT_EQUITY,True,"Nareit FFO/EBITDAre proxy, AFFO coverage, leverage and lease-growth model",True,87.0,Yahoo FFO unavailable; rebuild Nareit FFO proxy from SEC facts,,,
E,0001002242,ENI SPA,NYSE,EQUITY,NYQ,ENI S.p.A. Common Stock,COMMON_OR_EQUIVALENT,HIGH,NASDAQ Trader otherlisted,23.529,Energy,Oil & Gas Integrated,80.618,,,,,,,,,,,,,,False,Pass,2026-07-industry-models-v7,92b0f35b2c927674,2026-08-01T05:55:42.133433+00:00,Only eligible listed class for CIK,CYCLICAL_MIDCYCLE,CYCLICAL_MIDCYCLE,True,Peak/current/mid-cycle/trough EBITDA and trough-survival model,True,97.0,,,,
ROST,0000745732,"ROSS STORES, INC.",NASDAQ,EQUITY,NMS,"Ross Stores, Inc. - Common Stock",COMMON_OR_EQUIVALENT,HIGH,NASDAQ Trader nasdaqlisted,780.514,Consumer Cyclical,Apparel Retail,80.539,3.453,32.74,95.46,1.377,0.173,淨負債/EBITDA,False,False,False,絕對毛利率>=25%,False,,,False,Pass,2026-07-industry-models-v7,92b0f35b2c927674,2026-08-01T05:55:44.895554+00:00,Only eligible listed class for CIK,,,,,,,,,,
NGG,0001004315,NATIONAL GRID PLC,NYSE,EQUITY,NYQ,"National Grid Transco, PLC National Grid PLC (NEW) American Depositary Shares",COMMON_ADS_INFERRED,MEDIUM,SEC annual cover unavailable; accepted unavailable; symbol-to-title mapping unresolved; inferred common: sole exchange-listed ADS class for this CIK,100.672,Utilities,Utilities - Regulated Electric,80.399,,,,,,,,,,,,,,False,Pass,2026-07-industry-models-v7,92b0f35b2c927674,2026-08-01T05:55:47.599669+00:00,Only eligible listed class for CIK,REGULATED_UTILITY,REGULATED_UTILITY,True,"Regulated-asset growth proxy, capex funding, capital structure and coverage model",True,97.0,,,,
GM,0001467858,General Motors Co,NYSE,EQUITY,NYQ,General Motors Company Common Stock,COMMON_OR_EQUIVALENT,HIGH,NASDAQ Trader otherlisted,704.576,Consumer Cyclical,Auto Manufacturers,80.37,,,,,,,,,,,,,,False,Pass,2026-07-industry-models-v7,92b0f35b2c927674,2026-08-01T05:55:50.196755+00:00,Only eligible listed class for CIK,CYCLICAL_MIDCYCLE,CYCLICAL_MIDCYCLE,True,Peak/current/mid-cycle/trough EBITDA and trough-survival model,True,97.0,,,,
MDLZ,0001103982,"Mondelez International, Inc.",NASDAQ,EQUITY,NMS,"Mondelez International, Inc. - Class A Common Stock",COMMON_OR_EQUIVALENT,HIGH,NASDAQ Trader nasdaqlisted,557.716,Consumer Defensive,Confectioners,79.984,4.436,31.15,90.29,3.628,3.346,淨負債/EBITDA,False,False,False,絕對毛利率>=25%,False,,,False,Pass,2026-07-industry-models-v7,92b0f35b2c927674,2026-08-01T05:55:52.881529+00:00,Only eligible listed class for CIK,,,,,,,,,,
SU,0000311337,SUNCOR ENERGY INC,NYSE,EQUITY,NYQ,Suncor Energy  Inc. Common Stock,COMMON_OR_EQUIVALENT,HIGH,NASDAQ Trader otherlisted,285.535,Energy,Oil & Gas Integrated,79.441,,,,,,,,,,,,,,False,Pass,2026-07-industry-models-v7,92b0f35b2c927674,2026-08-01T05:55:55.586903+00:00,Only eligible listed class for CIK,CYCLICAL_MIDCYCLE,CYCLICAL_MIDCYCLE,True,Peak/current/mid-cycle/trough EBITDA and trough-survival model,True,97.0,,,,
EOG,0000821189,EOG RESOURCES INC,NYSE,EQUITY,NYQ,"EOG Resources, Inc. Common Stock",COMMON_OR_EQUIVALENT,HIGH,NASDAQ Trader otherlisted,529.15,Energy,Oil & Gas E&P,79.197,,,,,,,,,,,,,,False,Pass,2026-07-industry-models-v7,92b0f35b2c927674,2026-08-01T05:55:58.219091+00:00,Only eligible listed class for CIK,CYCLICAL_MIDCYCLE,CYCLICAL_MIDCYCLE,True,Peak/current/mid-cycle/trough EBITDA and trough-survival model,True,97.0,,,,
REGN,0000872589,"REGENERON PHARMACEUTICALS, INC.",NASDAQ,EQUITY,NMS,"Regeneron Pharmaceuticals, Inc. - Common Stock",COMMON_OR_EQUIVALENT,HIGH,NASDAQ Trader nasdaqlisted,766.794,Healthcare,Biotechnology,78.517,5.013,43.89,92.19,0.617,0.0,淨負債/EBITDA,False,False,True,絕對毛利率>=25%,False,,,False,Pass,2026-07-industry-models-v7,92b0f35b2c927674,2026-08-01T05:56:00.797488+00:00,Only eligible listed class for CIK,,,,,,,,,,
CP,0000016875,CANADIAN PACIFIC KANSAS CITY LTD/CN,NYSE,EQUITY,NYQ,Canadian Pacific Kansas City Limited Common Shares,COMMON_OR_EQUIVALENT,HIGH,NASDAQ Trader otherlisted,248.137,Industrials,Railroads,78.141,5.5,53.4,74.13,3.048,3.004,淨負債/EBITDA,False,False,False,絕對毛利率>=25%,False,,,False,Pass,2026-07-industry-models-v7,92b0f35b2c927674,2026-08-01T05:56:03.360752+00:00,Only eligible listed class for CIK,,,,,,,,,,
ECL,0000031462,ECOLAB INC.,NYSE,EQUITY,NYQ,Ecolab Inc. Common Stock,COMMON_OR_EQUIVALENT,HIGH,NASDAQ Trader otherlisted,447.098,Basic Materials,Specialty Chemicals,78.135,,,,,,,,,,,,,,False,Pass,2026-07-industry-models-v7,92b0f35b2c927674,2026-08-01T05:56:06.188941+00:00,Only eligible listed class for CIK,CYCLICAL_MIDCYCLE,CYCLICAL_MIDCYCLE,True,Peak/current/mid-cycle/trough EBITDA and trough-survival model,True,94.0,,,,
TRV,0000086312,"TRAVELERS COMPANIES, INC.",NYSE,EQUITY,NYQ,"The Travelers Companies, Inc. Common Stock",COMMON_OR_EQUIVALENT,HIGH,NASDAQ Trader otherlisted,696.232,Financial Services,Insurance - Property & Casualty,78.082,,,,,,,,,,,,,,False,Pass,2026-07-industry-models-v7,92b0f35b2c927674,2026-08-01T05:56:08.940908+00:00,Only eligible listed class for CIK,INSURANCE,INSURANCE_P_AND_C,True,"Dedicated underwriting, claims, capital and reserve-development model",True,97.0,,,,
HOOD,0001783879,"Robinhood Markets, Inc.",NASDAQ,EQUITY,NMS,"Robinhood Markets, Inc. - Class A Common Stock",COMMON_OR_EQUIVALENT,HIGH,NASDAQ Trader nasdaqlisted,2345.605,Financial Services,Capital Markets,77.825,,,,,,,,,,,,,,False,Pass,2026-07-industry-models-v7,92b0f35b2c927674,2026-08-01T05:56:11.707713+00:00,Only eligible listed class for CIK,FINANCIAL_SPECIALTY,FINANCIAL_FEE,True,"Fee-financial margin, cash conversion, tangible capital and balance-sheet model",True,94.0,,,,
ASX,0001122411,"ASE Technology Holding Co., Ltd.",NYSE,EQUITY,NYQ,"ASE Technology Holding Co., Ltd. American Depositary Shares (each representing Two Common Shares)",COMMON_OR_EQUIVALENT,HIGH,NASDAQ Trader otherlisted,381.108,Technology,Semiconductors,77.332,168.832,19.49,,2.115,1.464,淨負債/EBITDA,False,False,False,低於同業中位數，交由 SEC 深篩,False,,,False,Pass,2026-07-industry-models-v7,92b0f35b2c927674,2026-08-01T05:56:14.380275+00:00,Only eligible listed class for CIK,,,,,,,,,55.2,True
BAM,0001937926,Brookfield Asset Management Ltd.,NYSE,EQUITY,NYQ,Brookfield Asset Management Inc Class A Limited Voting Shares,COMMON_OR_EQUIVALENT,HIGH,NASDAQ Trader otherlisted,137.087,Financial Services,Asset Management,77.284,,,,,,,,,,,,,,False,Pass,2026-07-industry-models-v7,92b0f35b2c927674,2026-08-01T05:56:17.143063+00:00,Only eligible listed class for CIK,FINANCIAL_SPECIALTY,FINANCIAL_FEE,True,"Fee-financial margin, cash conversion, tangible capital and balance-sheet model",True,97.0,,,,
NOC,0001133421,NORTHROP GRUMMAN CORP /DE/,NYSE,EQUITY,NYQ,Northrop Grumman Corporation Common Stock,COMMON_OR_EQUIVALENT,HIGH,NASDAQ Trader otherlisted,526.527,Industrials,Aerospace & Defense,77.066,5.078,20.06,84.34,2.35,2.032,淨負債/EBITDA,False,False,False,低於同業中位數，交由 SEC 深篩,False,,,False,Pass,2026-07-industry-models-v7,92b0f35b2c927674,2026-08-01T05:56:19.835401+00:00,Only eligible listed class for CIK,,,,,,,,,27.27,True
HON,0000773840,HONEYWELL INTERNATIONAL INC,NASDAQ,EQUITY,NMS,Honeywell International Inc. - Common Stock,COMMON_OR_EQUIVALENT,HIGH,NASDAQ Trader nasdaqlisted,1114.298,Industrials,Conglomerates,77.032,5.118,36.51,81.36,4.107,3.026,淨負債/EBITDA,False,True,False,絕對毛利率>=25%,False,,,False,Pass,2026-07-industry-models-v7,92b0f35b2c927674,2026-08-01T05:56:22.471300+00:00,Only eligible listed class for CIK,,,,,,,,,,
CNI,0000016868,CANADIAN NATIONAL RAILWAY CO,NYSE,EQUITY,NYQ,Canadian National Railway Company Common Stock,COMMON_OR_EQUIVALENT,HIGH,NASDAQ Trader otherlisted,196.067,Industrials,Railroads,76.949,7.016,55.96,74.36,2.488,2.454,淨負債/EBITDA,False,False,False,絕對毛利率>=25%,False,,,False,Pass,2026-07-industry-models-v7,92b0f35b2c927674,2026-08-01T05:56:25.042008+00:00,Only eligible listed class for CIK,,,,,,,,,,
AON,0000315293,Aon plc,NYSE,EQUITY,NYQ,Aon plc Class A Ordinary Shares (Ireland),COMMON_OR_EQUIVALENT,HIGH,NASDAQ Trader otherlisted,577.033,Financial Services,Insurance Brokers,76.482,,,,,,,,,,,,,,False,Pass,2026-07-industry-models-v7,92b0f35b2c927674,2026-08-01T05:56:27.695099+00:00,Only eligible listed class for CIK,FINANCIAL_SPECIALTY,FINANCIAL_FEE,True,"Fee-based insurance intermediary model using margin, cash conversion and tangible capital",True,97.0,,,,
NWG,0000844150,NatWest Group plc,NYSE,EQUITY,NYQ,"NatWest Group plc American Depositary Shares, (each representing two (2) Ordinary Shares)",COMMON_OR_EQUIVALENT,HIGH,NASDAQ Trader otherlisted,85.852,Financial Services,Banks - Regional,75.409,,,,,,,,,,,,,,False,Pass,2026-07-industry-models-v7,92b0f35b2c927674,2026-08-01T05:56:33.055269+00:00,Only eligible listed class for CIK,BANK,BANK,True,"Tier 1 capital buffer, ROTCE, deposit funding and credit-loss model",True,91.0,,,,
NSC,0000702165,NORFOLK SOUTHERN CORP,NYSE,EQUITY,NYQ,Norfolk Southern Corporation Common Stock,COMMON_OR_EQUIVALENT,HIGH,NASDAQ Trader otherlisted,392.513,Industrials,Railroads,75.352,3.732,45.16,77.87,3.028,2.84,淨負債/EBITDA,False,False,False,絕對毛利率>=25%,False,,,False,Pass,2026-07-industry-models-v7,92b0f35b2c927674,2026-08-01T05:56:30.432610+00:00,Only eligible listed class for CIK,,,,,,,,,,
SNPS,0000883241,SYNOPSYS INC,NASDAQ,EQUITY,NMS,"Synopsys, Inc. - Common Stock",COMMON_OR_EQUIVALENT,HIGH,NASDAQ Trader nasdaqlisted,778.037,Technology,Software - Infrastructure,74.44,2.796,82.6,91.49,6.392,4.927,淨負債/EBITDA,True,True,False,絕對毛利率>=25%,False,,,False,Pass,2026-07-industry-models-v7,92b0f35b2c927674,2026-08-01T05:56:35.709528+00:00,Only eligible listed class for CIK,,,,,,,,,,
MFC,0001086888,MANULIFE FINANCIAL CORP,NYSE,EQUITY,NYQ,Manulife Financial Corporation Common Stock,COMMON_OR_EQUIVALENT,HIGH,NASDAQ Trader otherlisted,91.283,Financial Services,Insurance - Life,74.023,,,,,,,,,,,,,,False,Pass,2026-07-industry-models-v7,92b0f35b2c927674,2026-08-01T05:56:41.149454+00:00,Only eligible listed class for CIK,INSURANCE,INSURANCE_LIFE,True,"Dedicated underwriting, claims, capital and reserve-development model",True,97.0,,,,
CI,0001739940,Cigna Group,NYSE,EQUITY,NYQ,The Cigna Group Common Stock,COMMON_OR_EQUIVALENT,HIGH,NASDAQ Trader otherlisted,464.839,Healthcare,Healthcare Plans,73.736,,,,,,,,,,,,,,False,Pass,2026-07-industry-models-v7,92b0f35b2c927674,2026-08-01T05:56:43.803572+00:00,Only eligible listed class for CIK,INSURANCE,INSURANCE_LIFE,True,"Dedicated underwriting, claims, capital and reserve-development model",True,97.0,,,,
SLB,0000087347,SLB LIMITED/NV,NYSE,EQUITY,NYQ,SLB Limited Common Shares,COMMON_OR_EQUIVALENT,HIGH,NASDAQ Trader otherlisted,700.808,Energy,Oil & Gas Equipment & Services,73.599,,,,,,,,,,,,,,False,Pass,2026-07-industry-models-v7,92b0f35b2c927674,2026-08-01T05:56:46.592020+00:00,Only eligible listed class for CIK,CYCLICAL_MIDCYCLE,CYCLICAL_MIDCYCLE,True,Peak/current/mid-cycle/trough EBITDA and trough-survival model,True,97.0,,,,
AEM,0000002809,AGNICO EAGLE MINES LTD,NYSE,EQUITY,NYQ,Agnico Eagle Mines Limited Common Stock,COMMON_OR_EQUIVALENT,HIGH,NASDAQ Trader otherlisted,381.843,Basic Materials,Gold,73.56,,,,,,,,,,,,,,False,Pass,2026-07-industry-models-v7,92b0f35b2c927674,2026-08-01T05:56:49.230764+00:00,Only eligible listed class for CIK,CYCLICAL_MIDCYCLE,CYCLICAL_MIDCYCLE,True,Peak/current/mid-cycle/trough EBITDA and trough-survival model,True,97.0,,,,
CL,0000021665,COLGATE PALMOLIVE CO,NYSE,EQUITY,NYQ,Colgate-Palmolive Company Common Stock,COMMON_OR_EQUIVALENT,HIGH,NASDAQ Trader otherlisted,470.962,Consumer Defensive,Household & Personal Products,73.057,4.345,60.06,88.03,1.62,1.332,淨負債/EBITDA,False,False,False,絕對毛利率>=25%,False,,,False,Pass,2026-07-industry-models-v7,92b0f35b2c927674,2026-08-01T05:56:52.003322+00:00,Only eligible listed class for CIK,,,,,,,,,,
ORLY,0000898173,O REILLY AUTOMOTIVE INC,NASDAQ,EQUITY,NMS,"O'Reilly Automotive, Inc. - Common Stock",COMMON_OR_EQUIVALENT,HIGH,NASDAQ Trader nasdaqlisted,713.255,Consumer Cyclical,Auto Parts,72.924,,,,,,,,,,,,,,False,Pass,2026-07-industry-models-v7,92b0f35b2c927674,2026-08-01T05:56:54.607226+00:00,Only eligible listed class for CIK,CYCLICAL_MIDCYCLE,CYCLICAL_MIDCYCLE,True,Peak/current/mid-cycle/trough EBITDA and trough-survival model,True,94.0,,,,
FDX,0001048911,FEDEX CORP,NYSE,EQUITY,NYQ,FedEx Corporation Common Stock,COMMON_OR_EQUIVALENT,HIGH,NASDAQ Trader otherlisted,628.539,Industrials,Integrated Freight & Logistics,72.725,8.925,27.32,81.98,3.626,2.482,淨負債/EBITDA,False,False,False,絕對毛利率>=25%,False,,,False,Pass,2026-07-industry-models-v7,92b0f35b2c927674,2026-08-01T05:56:57.417071+00:00,Only eligible listed class for CIK,,,,,,,,,,
APO,0001858681,"Apollo Global Management, Inc.",NYSE,EQUITY,NYQ,"Apollo Global Management, Inc. (New) Common Stock",COMMON_OR_EQUIVALENT,HIGH,NASDAQ Trader otherlisted,510.881,Financial Services,Asset Management,72.405,,,,,,,,,,,,,,False,Pass,2026-07-industry-models-v7,92b0f35b2c927674,2026-08-01T05:57:00.029588+00:00,Only eligible listed class for CIK,FINANCIAL_SPECIALTY,FINANCIAL_FEE,True,"Fee-financial margin, cash conversion, tangible capital and balance-sheet model",True,94.0,,,,
MSI,0000068505,"Motorola Solutions, Inc.",NYSE,EQUITY,NYQ,"Motorola Solutions, Inc. Common Stock",COMMON_OR_EQUIVALENT,HIGH,NASDAQ Trader otherlisted,487.921,Technology,Communication Equipment,72.333,2.778,51.51,89.94,2.744,2.491,淨負債/EBITDA,False,False,False,絕對毛利率>=25%,False,,,False,Pass,2026-07-industry-models-v7,92b0f35b2c927674,2026-08-01T05:57:02.703772+00:00,Only eligible listed class for CIK,,,,,,,,,,
HLT,0001585689,Hilton Worldwide Holdings Inc.,NYSE,EQUITY,NYQ,Hilton Worldwide Holdings Inc. Common Stock,COMMON_OR_EQUIVALENT,HIGH,NASDAQ Trader otherlisted,643.278,Consumer Cyclical,Lodging,72.131,2.109,79.04,99.65,4.541,4.214,淨負債/EBITDA,True,True,False,絕對毛利率>=25%,False,,,False,Pass,2026-07-industry-models-v7,92b0f35b2c927674,2026-08-01T05:57:05.392522+00:00,Only eligible listed class for CIK,,,,,,,,,,
KMI,0001506307,"KINDER MORGAN, INC.",NYSE,EQUITY,NYQ,"Kinder Morgan, Inc. Common Stock",COMMON_OR_EQUIVALENT,HIGH,NASDAQ Trader otherlisted,325.658,Energy,Oil & Gas Midstream,71.595,,,,,,,,,,,,,,False,Pass,2026-07-industry-models-v7,92b0f35b2c927674,2026-08-01T05:57:07.977614+00:00,Only eligible listed class for CIK,CYCLICAL_MIDCYCLE,CYCLICAL_MIDCYCLE,True,Peak/current/mid-cycle/trough EBITDA and trough-survival model,True,97.0,,,,
DLR,0001297996,"DIGITAL REALTY TRUST, INC.",NYSE,EQUITY,NYQ,"Digital Realty Trust, Inc. Common Stock",COMMON_OR_EQUIVALENT,HIGH,NASDAQ Trader otherlisted,550.635,Real Estate,REIT - Specialty,70.934,,,,,,,,,,,,,,False,Pass,2026-07-industry-models-v7,92b0f35b2c927674,2026-08-01T05:57:24.248420+00:00,Only eligible listed class for CIK,REIT,REIT_EQUITY,True,"Nareit FFO/EBITDAre proxy, AFFO coverage, leverage and lease-growth model",True,84.0,Yahoo FFO unavailable; rebuild Nareit FFO proxy from SEC facts,,,
TRP,0001232384,TC ENERGY CORP,NYSE,EQUITY,NYQ,TC Energy Corporation Common Stock,COMMON_OR_EQUIVALENT,HIGH,NASDAQ Trader otherlisted,163.307,Energy,Oil & Gas Midstream,70.246,,,,,,,,,,,,,,False,Pass,2026-07-industry-models-v7,92b0f35b2c927674,2026-08-01T05:57:10.778354+00:00,Only eligible listed class for CIK,CYCLICAL_MIDCYCLE,CYCLICAL_MIDCYCLE,True,Peak/current/mid-cycle/trough EBITDA and trough-survival model,True,97.0,,,,
ET,0001276187,Energy Transfer LP,NYSE,EQUITY,NYQ,Energy Transfer LP Common Units,COMMON_OR_EQUIVALENT,HIGH,NASDAQ Trader otherlisted,210.63,Energy,Oil & Gas Midstream,70.062,,,,,,,,,,,,,,False,Pass,2026-07-industry-models-v7,92b0f35b2c927674,2026-08-01T05:57:16.264913+00:00,Only eligible listed class for CIK,CYCLICAL_MIDCYCLE,CYCLICAL_MIDCYCLE,True,Peak/current/mid-cycle/trough EBITDA and trough-survival model,True,97.0,,,,
MPWR,0001280452,"MONOLITHIC POWER SYSTEMS, INC.",NASDAQ,EQUITY,NMS,"Monolithic Power Systems, Inc. - Common Stock",COMMON_OR_EQUIVALENT,HIGH,NASDAQ Trader nasdaqlisted,1328.703,Technology,Semiconductors,70.061,,55.2,,0.0,0.0,淨負債/EBITDA,False,False,True,絕對毛利率>=25%,True,Yahoo OCF missing; defer to SEC,,False,Pass,2026-07-industry-models-v7,92b0f35b2c927674,2026-08-01T05:57:18.812600+00:00,Only eligible listed class for CIK,,,,,,,,,,
MDLN,0002046386,Medline Inc.,NASDAQ,EQUITY,NMS,Medline Inc. - Class A common stock,COMMON_OR_EQUIVALENT,HIGH,NASDAQ Trader nasdaqlisted,377.432,Healthcare,Medical Instruments & Supplies,69.988,1.474,25.86,,4.151,3.406,淨負債/EBITDA,False,True,False,絕對毛利率>=25%,False,,,False,Pass,2026-07-industry-models-v7,92b0f35b2c927674,2026-08-01T06:05:30.612176+00:00,Only eligible listed class for CIK,,,,,,,,,,
PCAR,0000075362,PACCAR INC,NASDAQ,EQUITY,NMS,PACCAR Inc. - Common Stock,COMMON_OR_EQUIVALENT,HIGH,NASDAQ Trader nasdaqlisted,426.52,Industrials,Farm & Heavy Construction Machinery,69.838,4.345,13.71,75.98,4.529,1.879,淨負債/EBITDA,False,True,False,低於同業中位數，交由 SEC 深篩,False,,,False,Pass,2026-07-industry-models-v7,92b0f35b2c927674,2026-08-01T05:57:21.464541+00:00,Only eligible listed class for CIK,,,,,,,,,21.88,True
AEP,0000004904,AMERICAN ELECTRIC POWER CO INC,NASDAQ,EQUITY,NMS,"American Electric Power Company, Inc. - Common Stock",COMMON_OR_EQUIVALENT,HIGH,NASDAQ Trader nasdaqlisted,645.718,Utilities,Utilities - Regulated Electric,69.601,,,,,,,,,,,,,,False,Pass,2026-07-industry-models-v7,92b0f35b2c927674,2026-08-01T05:57:26.861546+00:00,Only eligible listed class for CIK,REGULATED_UTILITY,REGULATED_UTILITY,True,"Regulated-asset growth proxy, capex funding, capital structure and coverage model",True,97.0,,,,
BSX,0000885725,BOSTON SCIENTIFIC CORP,NYSE,EQUITY,NYQ,Boston Scientific Corporation Common Stock,COMMON_OR_EQUIVALENT,HIGH,NASDAQ Trader otherlisted,976.604,Healthcare,Medical Devices,69.457,,69.28,93.03,1.926,1.672,淨負債/EBITDA,False,False,False,絕對毛利率>=25%,True,Yahoo OCF missing; defer to SEC,,False,Pass,2026-07-industry-models-v7,92b0f35b2c927674,2026-08-01T05:57:29.684567+00:00,Only eligible listed class for CIK,,,,,,,,,,
RACE,0001648416,Ferrari N.V.,NYSE,EQUITY,NYQ,Ferrari N.V. Common Shares,COMMON_OR_EQUIVALENT,HIGH,NASDAQ Trader otherlisted,239.49,Consumer Cyclical,Auto Manufacturers,69.233,,,,,,,,,,,,,,False,Pass,2026-07-industry-models-v7,92b0f35b2c927674,2026-08-01T05:57:32.324491+00:00,Only eligible listed class for CIK,CYCLICAL_MIDCYCLE,CYCLICAL_MIDCYCLE,True,Peak/current/mid-cycle/trough EBITDA and trough-survival model,True,97.0,,,,
NU,0001691493,Nu Holdings Ltd.,NYSE,EQUITY,NYQ,Nu Holdings Ltd. Class A Ordinary Shares,COMMON_OR_EQUIVALENT,HIGH,NASDAQ Trader otherlisted,1057.96,Financial Services,Banks - Regional,69.221,,,,,,,,,,,,,,False,Pass,2026-07-industry-models-v7,92b0f35b2c927674,2026-08-01T05:57:34.918936+00:00,Only eligible listed class for CIK,BANK,BANK,True,"Tier 1 capital buffer, ROTCE, deposit funding and credit-loss model",True,94.0,,,,
DB,0001159508,DEUTSCHE BANK AKTIENGESELLSCHAFT,NYSE,EQUITY,NYQ,Deutsche Bank AG Common Stock,COMMON_OR_EQUIVALENT,HIGH,NASDAQ Trader otherlisted,95.319,Financial Services,Banks - Regional,68.959,,,,,,,,,,,,,,False,Pass,2026-07-industry-models-v7,92b0f35b2c927674,2026-08-01T05:57:37.535586+00:00,Only eligible listed class for CIK,BANK,BANK,True,"Tier 1 capital buffer, ROTCE, deposit funding and credit-loss model",True,94.0,,,,
ALL,0000899051,ALLSTATE CORP,NYSE,EQUITY,NYQ,Allstate Corporation (The) Common Stock,COMMON_OR_EQUIVALENT,HIGH,NASDAQ Trader otherlisted,466.166,Financial Services,Insurance - Property & Casualty,67.98,,,,,,,,,,,,,,False,Pass,2026-07-industry-models-v7,92b0f35b2c927674,2026-08-01T05:57:43.124431+00:00,Only eligible listed class for CIK,INSURANCE,INSURANCE_P_AND_C,True,"Dedicated underwriting, claims, capital and reserve-development model",True,97.0,,,,
URI,0001067701,"UNITED RENTALS, INC.",NYSE,EQUITY,NYQ,"United Rentals, Inc. Common Stock",COMMON_OR_EQUIVALENT,HIGH,NASDAQ Trader otherlisted,552.548,Industrials,Rental & Leasing Services,67.176,5.742,38.48,96.97,3.28,3.256,淨負債/EBITDA,False,False,False,絕對毛利率>=25%,False,,,False,Pass,2026-07-industry-models-v7,92b0f35b2c927674,2026-08-01T05:57:45.908131+00:00,Only eligible listed class for CIK,,,,,,,,,,
WBD,0001437107,"Warner Bros. Discovery, Inc.",NASDAQ,EQUITY,NMS,"Warner Bros. Discovery, Inc. - Series A Common Stock",COMMON_OR_EQUIVALENT,HIGH,NASDAQ Trader nasdaqlisted,569.894,Communication Services,Entertainment,65.938,3.558,45.75,75.72,4.281,3.846,淨負債/EBITDA,False,True,False,絕對毛利率>=25%,False,,,False,Pass,2026-07-industry-models-v7,92b0f35b2c927674,2026-08-01T05:57:48.838346+00:00,Only eligible listed class for CIK,,,,,,,,,,
APD,0000002969,"Air Products & Chemicals, Inc.",NYSE,EQUITY,NYQ,"Air Products and Chemicals, Inc. Common Stock",COMMON_OR_EQUIVALENT,HIGH,NASDAQ Trader otherlisted,382.641,Basic Materials,Specialty Chemicals,65.668,,,,,,,,,,,,,,False,Pass,2026-07-industry-models-v7,92b0f35b2c927674,2026-08-01T05:57:51.449557+00:00,Only eligible listed class for CIK,CYCLICAL_MIDCYCLE,CYCLICAL_MIDCYCLE,True,Peak/current/mid-cycle/trough EBITDA and trough-survival model,True,97.0,,,,
TGT,0000027419,TARGET CORP,NYSE,EQUITY,NYQ,Target Corporation Common Stock,COMMON_OR_EQUIVALENT,HIGH,NASDAQ Trader otherlisted,700.78,Consumer Defensive,Discount Stores,65.626,7.003,28.14,87.54,2.31,1.886,淨負債/EBITDA,False,False,False,絕對毛利率>=25%,False,,,False,Pass,2026-07-industry-models-v7,92b0f35b2c927674,2026-08-01T05:57:54.128537+00:00,Only eligible listed class for CIK,,,,,,,,,,
HONA,0002089271,Honeywell Aerospace Inc.,NASDAQ,EQUITY,NMS,Honeywell Aerospace Inc. - Common Stock,COMMON_OR_EQUIVALENT,HIGH,NASDAQ Trader nasdaqlisted,573.28,Industrials,Aerospace & Defense,65.524,3.203,34.89,18.01,4.148,3.894,淨負債/EBITDA,False,True,False,絕對毛利率>=25%,False,,,False,Pass,2026-07-industry-models-v7,92b0f35b2c927674,2026-08-01T05:57:57.004064+00:00,Only eligible listed class for CIK,,,,,,,,,,
SE,0001703399,Sea Ltd,NYSE,EQUITY,NYQ,"Sea Limited American Depositary Shares, each representing one Class A Ordinary Share",COMMON_OR_EQUIVALENT,HIGH,NASDAQ Trader otherlisted,472.193,Consumer Cyclical,Internet Retail,65.377,5.325,44.27,69.84,1.43,0.0,淨負債/EBITDA,False,False,True,絕對毛利率>=25%,False,,,False,Pass,2026-07-industry-models-v7,92b0f35b2c927674,2026-08-01T05:57:59.720603+00:00,Only eligible listed class for CIK,,,,,,,,,,
GWW,0000277135,"W.W. GRAINGER, INC.",NYSE,EQUITY,NYQ,"W.W. Grainger, Inc. Common Stock",COMMON_OR_EQUIVALENT,HIGH,NASDAQ Trader otherlisted,425.199,Industrials,Industrial Distribution,65.259,2.108,39.15,75.88,0.901,0.676,淨負債/EBITDA,False,False,False,絕對毛利率>=25%,False,,,False,Pass,2026-07-industry-models-v7,92b0f35b2c927674,2026-08-01T05:58:02.476227+00:00,Only eligible listed class for CIK,,,,,,,,,,
AFL,0000004977,AFLAC INC,NYSE,EQUITY,NYQ,AFLAC Incorporated Common Stock,COMMON_OR_EQUIVALENT,HIGH,NASDAQ Trader otherlisted,305.575,Financial Services,Insurance - Life,64.885,,,,,,,,,,,,,,False,Pass,2026-07-industry-models-v7,92b0f35b2c927674,2026-08-01T05:58:05.172798+00:00,Only eligible listed class for CIK,INSURANCE,INSURANCE_LIFE,True,"Dedicated underwriting, claims, capital and reserve-development model",True,97.0,,,,
RSG,0001060391,"REPUBLIC SERVICES, INC.",NYSE,EQUITY,NYQ,"Republic Services, Inc. Common Stock",COMMON_OR_EQUIVALENT,HIGH,NASDAQ Trader otherlisted,352.545,Industrials,Waste Management,64.779,4.498,43.05,96.78,2.712,2.689,淨負債/EBITDA,False,False,False,絕對毛利率>=25%,False,,,False,Pass,2026-07-industry-models-v7,92b0f35b2c927674,2026-08-01T05:58:07.922190+00:00,Only eligible listed class for CIK,,,,,,,,,,
IMO,0000049938,IMPERIAL OIL LTD,NYSE,EQUITY,ASE,Imperial Oil Limited Common Stock,COMMON_OR_EQUIVALENT,HIGH,NASDAQ Trader otherlisted,74.101,Energy,Oil & Gas Integrated,64.427,,,,,,,,,,,,,,False,Pass,2026-07-industry-models-v7,92b0f35b2c927674,2026-08-01T05:58:10.740994+00:00,Only eligible listed class for CIK,CYCLICAL_MIDCYCLE,CYCLICAL_MIDCYCLE,True,Peak/current/mid-cycle/trough EBITDA and trough-survival model,True,97.0,,,,
VALE,0000917851,Vale S.A.,NYSE,EQUITY,NYQ,VALE S.A.  American Depositary Shares Each Representing one common share,COMMON_OR_EQUIVALENT,HIGH,NASDAQ Trader otherlisted,344.686,Basic Materials,Other Industrial Metals & Mining,64.092,,,,,,,,,,,,,,False,Pass,2026-07-industry-models-v7,92b0f35b2c927674,2026-08-01T05:58:13.443419+00:00,Only eligible listed class for CIK,CYCLICAL_MIDCYCLE,CYCLICAL_MIDCYCLE,True,Peak/current/mid-cycle/trough EBITDA and trough-survival model,True,88.0,,,,
AJG,0000354190,Arthur J. Gallagher & Co.,NYSE,EQUITY,NYQ,Arthur J. Gallagher & Co. Common Stock,COMMON_OR_EQUIVALENT,HIGH,NASDAQ Trader otherlisted,448.513,Financial Services,Insurance Brokers,64.086,,,,,,,,,,,,,,False,Pass,2026-07-industry-models-v7,92b0f35b2c927674,2026-08-01T05:58:16.165821+00:00,Only eligible listed class for CIK,FINANCIAL_SPECIALTY,FINANCIAL_FEE,True,"Fee-based insurance intermediary model using margin, cash conversion and tangible capital",True,94.0,,,,
HPE,0001645590,Hewlett Packard Enterprise Co,NYSE,EQUITY,NYQ,Hewlett Packard Enterprise Company Common Stock,COMMON_OR_EQUIVALENT,HIGH,NASDAQ Trader otherlisted,1243.529,Technology,Communication Equipment,63.429,6.358,33.78,94.29,3.783,2.844,淨負債/EBITDA,False,False,False,絕對毛利率>=25%,False,,,False,Pass,2026-07-industry-models-v7,92b0f35b2c927674,2026-08-01T05:58:19.018353+00:00,Only eligible listed class for CIK,,,,,,,,,,
TFC,0000092230,TRUIST FINANCIAL CORP,NYSE,EQUITY,NYQ,Truist Financial Corporation Common Stock,COMMON_OR_EQUIVALENT,HIGH,NASDAQ Trader otherlisted,459.401,Financial Services,Banks - Regional,63.329,,,,,,,,,,,,,,False,Pass,2026-07-industry-models-v7,92b0f35b2c927674,2026-08-01T05:58:21.686609+00:00,Only eligible listed class for CIK,BANK,BANK,True,"Tier 1 capital buffer, ROTCE, deposit funding and credit-loss model",True,91.0,,,,
CRH,0000849395,CRH PUBLIC LTD CO,NYSE,EQUITY,NYQ,CRH PLC Ordinary Shares,COMMON_OR_EQUIVALENT,HIGH,NASDAQ Trader otherlisted,445.949,Basic Materials,Building Materials,63.209,,,,,,,,,,,,,,False,Pass,2026-07-industry-models-v7,92b0f35b2c927674,2026-08-01T05:58:24.224462+00:00,Only eligible listed class for CIK,CYCLICAL_MIDCYCLE,CYCLICAL_MIDCYCLE,True,Peak/current/mid-cycle/trough EBITDA and trough-survival model,True,97.0,,,,
NKE,0000320187,"NIKE, Inc.",NYSE,EQUITY,NYQ,"Nike, Inc. Common Stock",COMMON_OR_EQUIVALENT,HIGH,NASDAQ Trader otherlisted,961.537,Consumer Cyclical,Footwear & Accessories,61.877,2.868,43.24,81.66,2.24,0.409,淨負債/EBITDA,False,False,False,絕對毛利率>=25%,False,,,False,Pass,2026-07-industry-models-v7,92b0f35b2c927674,2026-08-01T05:58:26.922070+00:00,Only eligible listed class for CIK,,,,,,,,,,
MET,0001099219,METLIFE INC,NYSE,EQUITY,NYQ,"MetLife, Inc. Common Stock",COMMON_OR_EQUIVALENT,HIGH,NASDAQ Trader otherlisted,360.239,Financial Services,Insurance - Life,61.854,,,,,,,,,,,,,,False,Pass,2026-07-industry-models-v7,92b0f35b2c927674,2026-08-01T05:58:29.607488+00:00,Only eligible listed class for CIK,INSURANCE,INSURANCE_LIFE,True,"Dedicated underwriting, claims, capital and reserve-development model",True,97.0,,,,
RELX,0000929869,RELX PLC,NYSE,EQUITY,NYQ,RELX PLC PLC American Depositary Shares (Each representing One Ordinary Share),COMMON_OR_EQUIVALENT,HIGH,NASDAQ Trader otherlisted,97.174,Industrials,Specialty Business Services,61.84,2.881,66.42,4.98,2.705,2.639,淨負債/EBITDA,False,False,False,絕對毛利率>=25%,False,,,False,Pass,2026-07-industry-models-v7,92b0f35b2c927674,2026-08-01T05:58:32.262499+00:00,Only eligible listed class for CIK,,,,,,,,,,
B,0000756894,BARRICK MINING CORP,NYSE,EQUITY,NYQ,Barrick Mining Corporation Common Shares,COMMON_OR_EQUIVALENT,HIGH,NASDAQ Trader otherlisted,414.179,Basic Materials,Gold,61.689,,,,,,,,,,,,,,False,Pass,2026-07-industry-models-v7,92b0f35b2c927674,2026-08-01T05:58:34.964524+00:00,Only eligible listed class for CIK,CYCLICAL_MIDCYCLE,CYCLICAL_MIDCYCLE,True,Peak/current/mid-cycle/trough EBITDA and trough-survival model,True,97.0,,,,
FIX,0001035983,COMFORT SYSTEMS USA INC,NYSE,EQUITY,NYQ,"Comfort Systems USA, Inc. Common Stock",COMMON_OR_EQUIVALENT,HIGH,NASDAQ Trader otherlisted,856.091,Industrials,Engineering & Construction,60.875,2.55,25.66,96.86,0.152,0.117,淨負債/EBITDA,False,False,False,絕對毛利率>=25%,False,,,False,Pass,2026-07-industry-models-v7,92b0f35b2c927674,2026-08-01T05:58:37.731272+00:00,Only eligible listed class for CIK,,,,,,,,,,
D,0000715957,"DOMINION ENERGY, INC",NYSE,EQUITY,NYQ,"Dominion Energy, Inc. Common Stock",COMMON_OR_EQUIVALENT,HIGH,NASDAQ Trader otherlisted,473.965,Utilities,Utilities - Regulated Electric,60.837,,,,,,,,,,,,,,False,Pass,2026-07-industry-models-v7,92b0f35b2c927674,2026-08-01T05:58:40.458697+00:00,Only eligible listed class for CIK,REGULATED_UTILITY,REGULATED_UTILITY,True,"Regulated-asset growth proxy, capex funding, capital structure and coverage model",True,97.0,,,,
BE,0001664703,Bloom Energy Corp,NYSE,EQUITY,NYQ,Bloom Energy Corporation Class A Common Stock,COMMON_OR_EQUIVALENT,HIGH,NASDAQ Trader otherlisted,2834.637,Industrials,Electrical Equipment & Parts,60.617,0.738,31.65,85.06,6.727,0.235,淨負債/EBITDA,False,True,False,絕對毛利率>=25%,False,,,False,Pass,2026-07-industry-models-v7,92b0f35b2c927674,2026-08-01T05:58:43.152251+00:00,Only eligible listed class for CIK,,,,,,,,,,
COR,0001140859,"Cencora, Inc.",NYSE,EQUITY,NYQ,"Cencora, Inc. Common Stock",COMMON_OR_EQUIVALENT,HIGH,NASDAQ Trader otherlisted,549.614,Healthcare,Medical Distribution,60.575,2.276,3.8,98.94,2.847,2.437,淨負債/EBITDA,False,False,False,同業樣本不足(4)，交由 SEC 深篩,False,,,False,Pass,2026-07-industry-models-v7,92b0f35b2c927674,2026-08-01T05:58:45.958513+00:00,Only eligible listed class for CIK,,,,,,,,,,True
PSA,0001393311,Public Storage,NYSE,EQUITY,NYQ,Public Storage Common Stock,COMMON_OR_EQUIVALENT,HIGH,NASDAQ Trader otherlisted,338.795,Real Estate,REIT - Industrial,60.537,,,,,,,,,,,,,,False,Pass,2026-07-industry-models-v7,92b0f35b2c927674,2026-08-01T05:58:48.602807+00:00,Only eligible listed class for CIK,REIT,REIT_EQUITY,True,"Nareit FFO/EBITDAre proxy, AFFO coverage, leverage and lease-growth model",True,87.0,Yahoo FFO unavailable; rebuild Nareit FFO proxy from SEC facts,,,
BKR,0001701605,Baker Hughes Co,NASDAQ,EQUITY,NMS,Baker Hughes Company - Common Stock,COMMON_OR_EQUIVALENT,HIGH,NASDAQ Trader nasdaqlisted,531.025,Energy,Oil & Gas Equipment & Services,60.047,,,,,,,,,,,,,,False,Pass,2026-07-industry-models-v7,92b0f35b2c927674,2026-08-01T05:58:51.143103+00:00,Only eligible listed class for CIK,CYCLICAL_MIDCYCLE,CYCLICAL_MIDCYCLE,True,Peak/current/mid-cycle/trough EBITDA and trough-survival model,True,97.0,,,,
TEL,0001385157,TE Connectivity plc,NYSE,EQUITY,NYQ,TE Connectivity plc Ordinary Shares,COMMON_OR_EQUIVALENT,HIGH,NASDAQ Trader otherlisted,559.941,Technology,Electronic Components,59.638,4.418,36.12,98.43,1.175,0.925,淨負債/EBITDA,False,False,False,絕對毛利率>=25%,False,,,False,Pass,2026-07-industry-models-v7,92b0f35b2c927674,2026-08-01T05:58:53.812244+00:00,Only eligible listed class for CIK,,,,,,,,,,
O,0000726728,REALTY INCOME CORP,NYSE,EQUITY,NYQ,Realty Income Corporation Common Stock,COMMON_OR_EQUIVALENT,HIGH,NASDAQ Trader otherlisted,376.298,Real Estate,REIT - Retail,59.558,,,,,,,,,,,,,,False,Pass,2026-07-industry-models-v7,92b0f35b2c927674,2026-08-01T05:58:56.490390+00:00,Only eligible listed class for CIK,REIT,REIT_EQUITY,True,"Nareit FFO/EBITDAre proxy, AFFO coverage, leverage and lease-growth model",True,87.0,Yahoo FFO unavailable; rebuild Nareit FFO proxy from SEC facts,,,
MPLX,0001552000,MPLX LP,NYSE,EQUITY,NYQ,MPLX LP Common Units Representing Limited Partner Interests,COMMON_OR_EQUIVALENT,HIGH,NASDAQ Trader otherlisted,101.851,Energy,Oil & Gas Midstream,59.311,,,,,,,,,,,,,,False,Pass,2026-07-industry-models-v7,92b0f35b2c927674,2026-08-01T05:58:59.296244+00:00,Only eligible listed class for CIK,CYCLICAL_MIDCYCLE,CYCLICAL_MIDCYCLE,True,Peak/current/mid-cycle/trough EBITDA and trough-survival model,True,97.0,,,,
NUE,0000073309,NUCOR CORP,NYSE,EQUITY,NYQ,Nucor Corporation Common Stock,COMMON_OR_EQUIVALENT,HIGH,NASDAQ Trader otherlisted,396.953,Basic Materials,Steel,58.595,,,,,,,,,,,,,,False,Pass,2026-07-industry-models-v7,92b0f35b2c927674,2026-08-01T05:59:02.094175+00:00,Only eligible listed class for CIK,CYCLICAL_MIDCYCLE,CYCLICAL_MIDCYCLE,True,Peak/current/mid-cycle/trough EBITDA and trough-survival model,True,97.0,,,,
F,0000037996,FORD MOTOR CO,NYSE,EQUITY,NYQ,Ford Motor Company Common Stock,COMMON_OR_EQUIVALENT,HIGH,NASDAQ Trader otherlisted,943.852,Consumer Cyclical,Auto Manufacturers,58.538,,,,,,,,,,,,,,False,Pass,2026-07-industry-models-v7,92b0f35b2c927674,2026-08-01T05:59:04.885076+00:00,Only eligible listed class for CIK,CYCLICAL_MIDCYCLE,CYCLICAL_MIDCYCLE,True,Peak/current/mid-cycle/trough EBITDA and trough-survival model,True,97.0,,,,
TRGP,0001389170,Targa Resources Corp.,NYSE,EQUITY,NYQ,"Targa Resources, Inc. Common Stock",COMMON_OR_EQUIVALENT,HIGH,NASDAQ Trader otherlisted,330.043,Energy,Oil & Gas Midstream,58.033,,,,,,,,,,,,,,False,Pass,2026-07-industry-models-v7,92b0f35b2c927674,2026-08-01T05:59:07.473592+00:00,Only eligible listed class for CIK,CYCLICAL_MIDCYCLE,CYCLICAL_MIDCYCLE,True,Peak/current/mid-cycle/trough EBITDA and trough-survival model,True,97.0,,,,
SRE,0001032208,SEMPRA,NYSE,EQUITY,NYQ,DBA Sempra Common Stock,COMMON_OR_EQUIVALENT,HIGH,NASDAQ Trader otherlisted,318.735,Utilities,Utilities - Diversified,57.886,,,,,,,,,,,,,,False,Pass,2026-07-industry-models-v7,92b0f35b2c927674,2026-08-01T05:59:10.201135+00:00,Only eligible listed class for CIK,REGULATED_UTILITY,REGULATED_UTILITY,True,"Regulated-asset growth proxy, capex funding, capital structure and coverage model",True,97.0,,,,
NXPI,0001413447,NXP Semiconductors N.V.,NASDAQ,EQUITY,NMS,NXP Semiconductors N.V. - Common Stock,COMMON_OR_EQUIVALENT,HIGH,NASDAQ Trader nasdaqlisted,976.287,Technology,Semiconductors,57.786,3.129,56.1,,2.166,1.53,淨負債/EBITDA,False,False,False,絕對毛利率>=25%,False,,,False,Pass,2026-07-industry-models-v7,92b0f35b2c927674,2026-08-01T05:59:12.948874+00:00,Only eligible listed class for CIK,,,,,,,,,,
TER,0000097210,"TERADYNE, INC",NASDAQ,EQUITY,NMS,"Teradyne, Inc. - Common Stock",COMMON_OR_EQUIVALENT,HIGH,NASDAQ Trader nasdaqlisted,1610.246,Technology,Semiconductor Equipment & Materials,57.559,1.065,59.23,96.17,0.067,0.0,淨負債/EBITDA,False,False,True,絕對毛利率>=25%,False,,,False,Pass,2026-07-industry-models-v7,92b0f35b2c927674,2026-08-01T05:59:15.722966+00:00,Only eligible listed class for CIK,,,,,,,,,,
DAL,0000027904,"DELTA AIR LINES, INC.",NYSE,EQUITY,NYQ,"Delta Air Lines, Inc. Common Stock",COMMON_OR_EQUIVALENT,HIGH,NASDAQ Trader otherlisted,657.987,Industrials,Airlines,57.503,,,,,,,,,,,,,,False,Pass,2026-07-industry-models-v7,92b0f35b2c927674,2026-08-01T05:59:18.395312+00:00,Only eligible listed class for CIK,CYCLICAL_MIDCYCLE,CYCLICAL_MIDCYCLE,True,Peak/current/mid-cycle/trough EBITDA and trough-survival model,True,97.0,,,,
OKE,0001039684,ONEOK INC /NEW/,NYSE,EQUITY,NYQ,"ONEOK, Inc. Common Stock",COMMON_OR_EQUIVALENT,HIGH,NASDAQ Trader otherlisted,343.122,Energy,Oil & Gas Midstream,57.213,,,,,,,,,,,,,,False,Pass,2026-07-industry-models-v7,92b0f35b2c927674,2026-08-01T05:59:21.024202+00:00,Only eligible listed class for CIK,CYCLICAL_MIDCYCLE,CYCLICAL_MIDCYCLE,True,Peak/current/mid-cycle/trough EBITDA and trough-survival model,True,97.0,,,,
FANG,0001539838,"Diamondback Energy, Inc.",NASDAQ,EQUITY,NMS,"Diamondback Energy, Inc. - Common Stock",COMMON_OR_EQUIVALENT,HIGH,NASDAQ Trader nasdaqlisted,481.394,Energy,Oil & Gas E&P,57.093,,,,,,,,,,,,,,False,Pass,2026-07-industry-models-v7,92b0f35b2c927674,2026-08-01T05:59:23.689805+00:00,Only eligible listed class for CIK,CYCLICAL_MIDCYCLE,CYCLICAL_MIDCYCLE,True,Peak/current/mid-cycle/trough EBITDA and trough-survival model,True,97.0,,,,
OXY,0000797468,OCCIDENTAL PETROLEUM CORP /DE/,NYSE,EQUITY,NYQ,Occidental Petroleum Corporation Common Stock,COMMON_OR_EQUIVALENT,HIGH,NASDAQ Trader otherlisted,593.151,Energy,Oil & Gas E&P,56.764,,,,,,,,,,,,,,False,Pass,2026-07-industry-models-v7,92b0f35b2c927674,2026-08-01T05:59:26.299510+00:00,Only eligible listed class for CIK,CYCLICAL_MIDCYCLE,CYCLICAL_MIDCYCLE,True,Peak/current/mid-cycle/trough EBITDA and trough-survival model,True,97.0,,,,
GRMN,0001121788,GARMIN LTD,NYSE,EQUITY,NYQ,Garmin Ltd. Common Stock (Switzerland),COMMON_OR_EQUIVALENT,HIGH,NASDAQ Trader otherlisted,265.704,Technology,Scientific & Technical Instruments,56.657,1.979,60.08,58.56,0.098,0.0,淨負債/EBITDA,False,False,True,絕對毛利率>=25%,False,,,False,Pass,2026-07-industry-models-v7,92b0f35b2c927674,2026-08-01T05:59:29.020870+00:00,Only eligible listed class for CIK,,,,,,,,,,
CVE,0001475260,CENOVUS ENERGY INC.,NYSE,EQUITY,NYQ,Cenovus Energy Inc Common Stock,COMMON_OR_EQUIVALENT,HIGH,NASDAQ Trader otherlisted,249.274,Energy,Oil & Gas Integrated,55.678,,,,,,,,,,,,,,False,Pass,2026-07-industry-models-v7,92b0f35b2c927674,2026-08-01T05:59:31.665223+00:00,Only eligible listed class for CIK,CYCLICAL_MIDCYCLE,CYCLICAL_MIDCYCLE,True,Peak/current/mid-cycle/trough EBITDA and trough-survival model,True,97.0,,,,
LITE,0001633978,Lumentum Holdings Inc.,NASDAQ,EQUITY,NMS,Lumentum Holdings Inc. - Common Stock,COMMON_OR_EQUIVALENT,HIGH,NASDAQ Trader nasdaqlisted,3949.486,Technology,Communication Equipment,55.545,0.452,40.84,,6.513,0.278,淨負債/EBITDA,False,True,False,絕對毛利率>=25%,False,,,False,Pass,2026-07-industry-models-v7,92b0f35b2c927674,2026-08-01T05:59:34.336826+00:00,Only eligible listed class for CIK,,,,,,,,,,
AME,0001037868,AMETEK INC/,NYSE,EQUITY,NYQ,"AMETEK, Inc.",COMMON_OR_EQUIVALENT,HIGH,NASDAQ Trader otherlisted,287.638,Industrials,Specialty Industrial Machinery,55.401,1.836,36.68,92.56,1.015,0.816,淨負債/EBITDA,False,False,False,絕對毛利率>=25%,False,,,False,Pass,2026-07-industry-models-v7,92b0f35b2c927674,2026-08-01T05:59:36.940525+00:00,Only eligible listed class for CIK,,,,,,,,,,
LNG,0000003570,"Cheniere Energy, Inc.",NYSE,EQUITY,NYQ,"Cheniere Energy, Inc. Common Stock",COMMON_OR_EQUIVALENT,HIGH,NASDAQ Trader otherlisted,572.053,Energy,Oil & Gas Midstream,55.232,,,,,,,,,,,,,,False,Pass,2026-07-industry-models-v7,92b0f35b2c927674,2026-08-01T05:59:39.761518+00:00,Only eligible listed class for CIK,CYCLICAL_MIDCYCLE,CYCLICAL_MIDCYCLE,True,Peak/current/mid-cycle/trough EBITDA and trough-survival model,True,97.0,,,,
FAST,0000815556,FASTENAL CO,NASDAQ,EQUITY,NMS,Fastenal Company - Common Stock,COMMON_OR_EQUIVALENT,HIGH,NASDAQ Trader nasdaqlisted,368.957,Industrials,Industrial Distribution,54.747,1.399,44.7,87.37,0.226,0.121,淨負債/EBITDA,False,False,False,絕對毛利率>=25%,False,,,False,Pass,2026-07-industry-models-v7,92b0f35b2c927674,2026-08-01T05:59:42.607180+00:00,Only eligible listed class for CIK,,,,,,,,,,
TAK,0001395064,TAKEDA PHARMACEUTICAL CO LTD,NYSE,EQUITY,NYQ,Takeda Pharmaceutical Company Limited American Depositary Shares (each representing 1/2 of a share of Common Stock),COMMON_OR_EQUIVALENT,HIGH,NASDAQ Trader otherlisted,57.91,Healthcare,Drug Manufacturers - Specialty & Generic,54.577,953.631,64.47,3.11,4.432,4.063,淨負債/EBITDA,True,True,False,絕對毛利率>=25%,False,,,False,Pass,2026-07-industry-models-v7,92b0f35b2c927674,2026-08-01T05:59:45.297861+00:00,Only eligible listed class for CIK,,,,,,,,,,
KEYS,0001601046,"Keysight Technologies, Inc.",NYSE,EQUITY,NYQ,Keysight Technologies Inc. Common Stock,COMMON_OR_EQUIVALENT,HIGH,NASDAQ Trader otherlisted,502.174,Technology,Scientific & Technical Instruments,54.529,1.489,62.14,92.54,1.932,0.245,淨負債/EBITDA,False,False,False,絕對毛利率>=25%,False,,,False,Pass,2026-07-industry-models-v7,92b0f35b2c927674,2026-08-01T05:59:47.885476+00:00,Only eligible listed class for CIK,,,,,,,,,,
CAH,0000721371,CARDINAL HEALTH INC,NYSE,EQUITY,NYQ,"Cardinal Health, Inc. Common Stock",COMMON_OR_EQUIVALENT,HIGH,NASDAQ Trader otherlisted,548.458,Healthcare,Medical Distribution,53.874,5.002,3.76,90.26,2.232,1.247,淨負債/EBITDA,False,False,False,同業樣本不足(4)，交由 SEC 深篩,False,,,False,Pass,2026-07-industry-models-v7,92b0f35b2c927674,2026-08-01T05:59:50.555571+00:00,Only eligible listed class for CIK,,,,,,,,,,True
ROK,0001024478,"ROCKWELL AUTOMATION, INC",NYSE,EQUITY,NYQ,"Rockwell Automation, Inc. Common Stock",COMMON_OR_EQUIVALENT,HIGH,NASDAQ Trader otherlisted,388.481,Industrials,Specialty Industrial Machinery,53.42,1.535,48.92,91.22,2.059,1.844,淨負債/EBITDA,False,False,False,絕對毛利率>=25%,False,,,False,Pass,2026-07-industry-models-v7,92b0f35b2c927674,2026-08-01T05:59:53.373799+00:00,Only eligible listed class for CIK,,,,,,,,,,
ARGX,0001697862,ARGENX SE,NASDAQ,EQUITY,NMS,argenx SE - American Depositary Shares,COMMON_ADS_INFERRED,MEDIUM,SEC annual cover unavailable; accepted unavailable; symbol-to-title mapping unresolved; inferred common: sole exchange-listed ADS class for this CIK,289.34,Healthcare,Biotechnology,53.416,0.974,59.07,47.38,0.029,0.0,淨負債/EBITDA,False,False,True,絕對毛利率>=25%,False,,,False,Pass,2026-07-industry-models-v7,92b0f35b2c927674,2026-08-01T05:59:56.083061+00:00,Only eligible listed class for CIK,,,,,,,,,,
CIEN,0000936395,CIENA CORP,NYSE,EQUITY,NYQ,Ciena Corporation Common Stock,COMMON_OR_EQUIVALENT,HIGH,NASDAQ Trader otherlisted,1025.846,Technology,Communication Equipment,53.373,1.033,43.05,98.1,2.012,0.481,淨負債/EBITDA,False,False,False,絕對毛利率>=25%,False,,,False,Pass,2026-07-industry-models-v7,92b0f35b2c927674,2026-08-01T05:59:58.685906+00:00,Only eligible listed class for CIK,,,,,,,,,,
ALAB,0001736297,"Astera Labs, Inc.",NASDAQ,EQUITY,NMS,"Astera Labs, Inc. - Common Stock",COMMON_OR_EQUIVALENT,HIGH,NASDAQ Trader nasdaqlisted,1807.478,Technology,Semiconductors,53.347,0.383,75.99,73.13,0.179,0.0,淨負債/EBITDA,False,False,True,絕對毛利率>=25%,False,,,False,Pass,2026-07-industry-models-v7,92b0f35b2c927674,2026-08-01T06:00:01.311559+00:00,Only eligible listed class for CIK,,,,,,,,,,
MT,0001243429,ArcelorMittal,NYSE,EQUITY,NYQ,Arcelor Mittal NY Registry Shares NEW,COMMON_OR_EQUIVALENT,HIGH,NASDAQ Trader otherlisted,137.25,Basic Materials,Steel,52.888,,,,,,,,,,,,,,False,Pass,2026-07-industry-models-v7,92b0f35b2c927674,2026-08-01T06:00:04.142651+00:00,Only eligible listed class for CIK,CYCLICAL_MIDCYCLE,CYCLICAL_MIDCYCLE,True,Peak/current/mid-cycle/trough EBITDA and trough-survival model,True,97.0,,,,
NDAQ,0001120193,"NASDAQ, INC.",NASDAQ,EQUITY,NMS,"Nasdaq, Inc. - Common Stock",COMMON_OR_EQUIVALENT,HIGH,NASDAQ Trader nasdaqlisted,379.015,Financial Services,Financial Data & Stock Exchanges,52.65,,,,,,,,,,,,,,False,Pass,2026-07-industry-models-v7,92b0f35b2c927674,2026-08-01T06:00:06.820621+00:00,Only eligible listed class for CIK,FINANCIAL_SPECIALTY,FINANCIAL_FEE,True,"Fee-financial margin, cash conversion, tangible capital and balance-sheet model",True,97.0,,,,
CTVA,0001755672,"Corteva, Inc.",NYSE,EQUITY,NYQ,"Corteva, Inc. Common Stock",COMMON_OR_EQUIVALENT,HIGH,NASDAQ Trader otherlisted,320.236,Basic Materials,Agricultural Inputs,52.643,,,,,,,,,,,,,,False,Pass,2026-07-industry-models-v7,92b0f35b2c927674,2026-08-01T06:00:09.411533+00:00,Only eligible listed class for CIK,CYCLICAL_MIDCYCLE,CYCLICAL_MIDCYCLE,True,Peak/current/mid-cycle/trough EBITDA and trough-survival model,True,97.0,,,,
EA,0000712515,ELECTRONIC ARTS INC.,NASDAQ,EQUITY,NMS,Electronic Arts Inc. - Common Stock,COMMON_OR_EQUIVALENT,HIGH,NASDAQ Trader nasdaqlisted,466.371,Communication Services,Electronic Gaming & Multimedia,52.623,2.553,78.97,93.17,1.248,0.0,淨負債/EBITDA,False,False,True,絕對毛利率>=25%,False,,,False,Pass,2026-07-industry-models-v7,92b0f35b2c927674,2026-08-01T06:00:12.065559+00:00,Only eligible listed class for CIK,,,,,,,,,,
DVN,0001090012,DEVON ENERGY CORP/DE,NYSE,EQUITY,NYQ,Devon Energy Corporation Common Stock,COMMON_OR_EQUIVALENT,HIGH,NASDAQ Trader otherlisted,635.334,Energy,Oil & Gas E&P,52.053,,,,,,,,,,,,,,False,Pass,2026-07-industry-models-v7,92b0f35b2c927674,2026-08-01T06:00:14.626169+00:00,Only eligible listed class for CIK,CYCLICAL_MIDCYCLE,CYCLICAL_MIDCYCLE,True,Peak/current/mid-cycle/trough EBITDA and trough-survival model,True,97.0,,,,
LHX,0000202058,"L3HARRIS TECHNOLOGIES, INC. /DE/",NYSE,EQUITY,NYQ,"L3Harris Technologies, Inc. Common Stock",COMMON_OR_EQUIVALENT,HIGH,NASDAQ Trader otherlisted,390.607,Industrials,Aerospace & Defense,51.593,1.655,30.41,89.45,3.693,3.227,淨負債/EBITDA,False,False,False,絕對毛利率>=25%,False,,,False,Pass,2026-07-industry-models-v7,92b0f35b2c927674,2026-08-01T06:00:17.347806+00:00,Only eligible listed class for CIK,,,,,,,,,,
COHR,0000820318,COHERENT CORP.,NYSE,EQUITY,NYQ,Coherent Corp. Common Stock,COMMON_OR_EQUIVALENT,HIGH,NASDAQ Trader otherlisted,1523.973,Technology,Scientific & Technical Instruments,51.432,0.14,36.99,91.01,2.607,0.762,淨負債/EBITDA,False,False,False,絕對毛利率>=25%,False,,,False,Pass,2026-07-industry-models-v7,92b0f35b2c927674,2026-08-01T06:00:20.028295+00:00,Only eligible listed class for CIK,,,,,,,,,,
CARR,0001783180,CARRIER GLOBAL Corp,NYSE,EQUITY,NYQ,Carrier Global Corporation Common Stock,COMMON_OR_EQUIVALENT,HIGH,NASDAQ Trader otherlisted,407.976,Industrials,Building Products & Equipment,51.338,2.387,24.69,89.99,4.007,3.573,淨負債/EBITDA,False,True,False,低於同業中位數，交由 SEC 深篩,False,,,False,Pass,2026-07-industry-models-v7,92b0f35b2c927674,2026-08-01T06:00:22.697799+00:00,Only eligible listed class for CIK,,,,,,,,,35.92,True
FITB,0000035527,FIFTH THIRD BANCORP,NYSE,EQUITY,NYQ,Fifth Third Bancorp Common Stock,COMMON_OR_EQUIVALENT,HIGH,NASDAQ Trader otherlisted,384.712,Financial Services,Banks - Regional,51.221,,,,,,,,,,,,,,False,Pass,2026-07-industry-models-v7,92b0f35b2c927674,2026-08-01T06:00:25.456980+00:00,Only eligible listed class for CIK,BANK,BANK,True,"Tier 1 capital buffer, ROTCE, deposit funding and credit-loss model",True,91.0,,,,
NOK,0000924613,NOKIA CORP,NYSE,EQUITY,NYQ,Nokia Corporation Sponsored American Depositary Shares,COMMON_ADS_INFERRED,MEDIUM,SEC annual cover unavailable; accepted unavailable; symbol-to-title mapping unresolved; inferred common: sole exchange-listed ADS class for this CIK,1011.96,Technology,Communication Equipment,51.024,1.134,45.5,18.79,1.289,0.0,淨負債/EBITDA,False,False,True,絕對毛利率>=25%,False,,,False,Pass,2026-07-industry-models-v7,92b0f35b2c927674,2026-08-01T06:00:28.268100+00:00,Only eligible listed class for CIK,,,,,,,,,,
EBAY,0001065088,EBAY INC,NASDAQ,EQUITY,NMS,eBay Inc. - Common Stock,COMMON_OR_EQUIVALENT,HIGH,NASDAQ Trader nasdaqlisted,528.846,Consumer Cyclical,Internet Retail,50.62,2.173,71.79,95.84,2.417,1.122,淨負債/EBITDA,False,False,False,絕對毛利率>=25%,False,,,False,Pass,2026-07-industry-models-v7,92b0f35b2c927674,2026-08-01T06:00:31.077536+00:00,Only eligible listed class for CIK,,,,,,,,,,
STT,0000093751,STATE STREET CORP,NYSE,EQUITY,NYQ,State Street Corporation Common Stock,COMMON_OR_EQUIVALENT,HIGH,NASDAQ Trader otherlisted,419.451,Financial Services,Asset Management,50.589,,,,,,,,,,,,,,False,Pass,2026-07-industry-models-v7,92b0f35b2c927674,2026-08-01T06:00:33.906936+00:00,Only eligible listed class for CIK,FINANCIAL_SPECIALTY,FINANCIAL_FEE,True,"Fee-financial margin, cash conversion, tangible capital and balance-sheet model",True,91.0,,,,
ETR,0000065984,ENTERGY CORP /DE/,NYSE,EQUITY,NYQ,Entergy Corporation Common Stock,COMMON_OR_EQUIVALENT,HIGH,NASDAQ Trader otherlisted,382.195,Utilities,Utilities - Regulated Electric,50.219,,,,,,,,,,,,,,False,Pass,2026-07-industry-models-v7,92b0f35b2c927674,2026-08-01T06:00:36.485281+00:00,Only eligible listed class for CIK,REGULATED_UTILITY,REGULATED_UTILITY,True,"Regulated-asset growth proxy, capex funding, capital structure and coverage model",True,97.0,,,,
VST,0001692819,Vistra Corp.,NYSE,EQUITY,NYQ,Vistra Corp. Common Stock,COMMON_OR_EQUIVALENT,HIGH,NASDAQ Trader otherlisted,706.666,Utilities,Utilities - Independent Power Producers,49.967,4.67,38.64,91.53,3.029,2.932,淨負債/EBITDA,False,False,False,絕對毛利率>=25%,False,,,False,Pass,2026-07-industry-models-v7,92b0f35b2c927674,2026-08-01T06:00:39.208576+00:00,Only eligible listed class for CIK,,,,,,,,,,
HEI,0000046619,HEICO CORP,NYSE,EQUITY,NYQ,Heico Corporation Common Stock,COMMON_OR_EQUIVALENT,HIGH,NASDAQ Trader otherlisted,224.911,Industrials,Aerospace & Defense,49.797,0.997,40.06,76.13,1.884,1.73,淨負債/EBITDA,False,False,False,絕對毛利率>=25%,False,,,False,Pass,2026-07-industry-models-v7,92b0f35b2c927674,2026-08-01T06:00:41.960304+00:00,Only eligible listed class for CIK,,,,,,,,,,
EW,0001099800,Edwards Lifesciences Corp,NYSE,EQUITY,NYQ,Edwards Lifesciences Corporation Common Stock,COMMON_OR_EQUIVALENT,HIGH,NASDAQ Trader otherlisted,434.887,Healthcare,Medical Devices,49.559,,77.84,94.29,0.352,0.0,淨負債/EBITDA,False,False,True,絕對毛利率>=25%,True,Yahoo OCF missing; defer to SEC,,False,Pass,2026-07-industry-models-v7,92b0f35b2c927674,2026-08-01T06:00:44.769243+00:00,Only eligible listed class for CIK,,,,,,,,,,
WPM,0001323404,Wheaton Precious Metals Corp.,NYSE,EQUITY,NYQ,Wheaton Precious Metals Corp Common Shares (Canada),COMMON_OR_EQUIVALENT,HIGH,NASDAQ Trader otherlisted,216.181,Basic Materials,Gold,49.513,,,,,,,,,,,,,,False,Pass,2026-07-industry-models-v7,92b0f35b2c927674,2026-08-01T06:00:47.346699+00:00,Only eligible listed class for CIK,CYCLICAL_MIDCYCLE,CYCLICAL_MIDCYCLE,True,Peak/current/mid-cycle/trough EBITDA and trough-survival model,True,97.0,,,,
ADSK,0000769397,"Autodesk, Inc.",NASDAQ,EQUITY,NMS,"Autodesk, Inc. - Common Stock",COMMON_OR_EQUIVALENT,HIGH,NASDAQ Trader nasdaqlisted,625.699,Technology,Software - Application,49.45,2.781,92.43,97.76,1.273,0.0,淨負債/EBITDA,False,False,True,絕對毛利率>=25%,False,,,False,Pass,2026-07-industry-models-v7,92b0f35b2c927674,2026-08-01T06:00:50.120989+00:00,Only eligible listed class for CIK,,,,,,,,,,
PYPL,0001633917,"PayPal Holdings, Inc.",NASDAQ,EQUITY,NMS,"PayPal Holdings, Inc. - Common Stock",COMMON_OR_EQUIVALENT,HIGH,NASDAQ Trader nasdaqlisted,997.007,Financial Services,Credit Services,49.315,,,,,,,,,,,,,,False,Pass,2026-07-industry-models-v7,92b0f35b2c927674,2026-08-01T06:00:52.921315+00:00,Only eligible listed class for CIK,FINANCIAL_SPECIALTY,FINANCIAL_FEE,True,"Fee-financial margin, cash conversion, tangible capital and balance-sheet model",True,97.0,,,,
AZO,0000866787,AUTOZONE INC,NYSE,EQUITY,NYQ,"AutoZone, Inc. Common Stock",COMMON_OR_EQUIVALENT,HIGH,NASDAQ Trader otherlisted,1071.318,Consumer Cyclical,Auto Parts,49.241,,,,,,,,,,,,,,False,Pass,2026-07-industry-models-v7,92b0f35b2c927674,2026-08-01T06:00:55.557015+00:00,Only eligible listed class for CIK,CYCLICAL_MIDCYCLE,CYCLICAL_MIDCYCLE,True,Peak/current/mid-cycle/trough EBITDA and trough-survival model,True,94.0,,,,
WAB,0000943452,WESTINGHOUSE AIR BRAKE TECHNOLOGIES CORP,NYSE,EQUITY,NYQ,Westinghouse Air Brake Technologies Corporation Common Stock,COMMON_OR_EQUIVALENT,HIGH,NASDAQ Trader otherlisted,276.502,Industrials,Railroads,49.129,1.999,35.73,96.39,2.616,2.367,淨負債/EBITDA,False,False,False,絕對毛利率>=25%,False,,,False,Pass,2026-07-industry-models-v7,92b0f35b2c927674,2026-08-01T06:00:58.324470+00:00,Only eligible listed class for CIK,,,,,,,,,,
DEO,0000835403,DIAGEO PLC,NYSE,EQUITY,NYQ,Diageo plc Common Stock,COMMON_OR_EQUIVALENT,HIGH,NASDAQ Trader otherlisted,101.457,Consumer Defensive,Beverages - Wineries & Distilleries,48.952,4.095,60.0,9.78,3.927,3.57,淨負債/EBITDA,False,False,False,絕對毛利率>=25%,False,,,False,Pass,2026-07-industry-models-v7,92b0f35b2c927674,2026-08-01T06:01:00.988197+00:00,Only eligible listed class for CIK,,,,,,,,,,
XEL,0000072903,XCEL ENERGY INC,NASDAQ,EQUITY,NMS,Xcel Energy Inc. - Common Stock,COMMON_OR_EQUIVALENT,HIGH,NASDAQ Trader nasdaqlisted,443.848,Utilities,Utilities - Regulated Electric,48.846,,,,,,,,,,,,,,False,Pass,2026-07-industry-models-v7,92b0f35b2c927674,2026-08-01T06:01:03.847531+00:00,Only eligible listed class for CIK,REGULATED_UTILITY,REGULATED_UTILITY,True,"Regulated-asset growth proxy, capex funding, capital structure and coverage model",True,97.0,,,,
INFY,0001067491,Infosys Ltd,NYSE,EQUITY,NYQ,Infosys Limited American Depositary Shares,COMMON_ADS_INFERRED,MEDIUM,SEC annual cover unavailable; accepted unavailable; symbol-to-title mapping unresolved; inferred common: sole exchange-listed ADS class for this CIK,263.138,Technology,Information Technology Services,48.723,4.092,29.68,12.39,0.206,0.0,淨負債/EBITDA,False,False,True,絕對毛利率>=25%,False,,,False,Pass,2026-07-industry-models-v7,92b0f35b2c927674,2026-08-01T06:01:06.554771+00:00,Only eligible listed class for CIK,,,,,,,,,,
XYZ,0001512673,"Block, Inc.",NYSE,EQUITY,NYQ,"Block, Inc. Class A Common Stock,",COMMON_OR_EQUIVALENT,HIGH,NASDAQ Trader otherlisted,467.413,Technology,Software - Infrastructure,48.353,3.412,45.08,84.63,5.162,0.516,淨負債/EBITDA,False,True,False,絕對毛利率>=25%,False,,,False,Pass,2026-07-industry-models-v7,92b0f35b2c927674,2026-08-01T06:01:09.095119+00:00,Only eligible listed class for CIK,,,,,,,,,,
CCEP,0001650107,COCA-COLA EUROPACIFIC PARTNERS plc,NASDAQ,EQUITY,NMS,Coca-Cola Europacific Partners plc - Ordinary Shares,COMMON_OR_EQUIVALENT,HIGH,NASDAQ Trader nasdaqlisted,211.838,Consumer Defensive,Beverages - Non-Alcoholic,48.333,2.953,35.58,38.39,3.152,2.868,淨負債/EBITDA,False,False,False,絕對毛利率>=25%,False,,,False,Pass,2026-07-industry-models-v7,92b0f35b2c927674,2026-08-01T06:01:14.793505+00:00,Only eligible listed class for CIK,,,,,,,,,,
AMP,0000820027,AMERIPRISE FINANCIAL INC,NYSE,EQUITY,NYQ,"Ameriprise Financial, Inc. Common Stock",COMMON_OR_EQUIVALENT,HIGH,NASDAQ Trader otherlisted,363.59,Financial Services,Asset Management,48.252,,,,,,,,,,,,,,False,Pass,2026-07-industry-models-v7,92b0f35b2c927674,2026-08-01T06:01:17.374255+00:00,Only eligible listed class for CIK,FINANCIAL_SPECIALTY,FINANCIAL_FEE,True,"Fee-financial margin, cash conversion, tangible capital and balance-sheet model",True,91.0,,,,
ABEV,0001565025,AMBEV S.A.,NYSE,EQUITY,NYQ,Ambev S.A. American Depositary Shares (Each representing 1 Common Share),COMMON_OR_EQUIVALENT,HIGH,NASDAQ Trader otherlisted,85.794,Consumer Defensive,Beverages - Brewers,48.058,28.069,51.9,6.93,0.107,0.0,淨負債/EBITDA,False,False,True,絕對毛利率>=25%,False,,,False,Pass,2026-07-industry-models-v7,92b0f35b2c927674,2026-08-01T06:01:19.971976+00:00,Only eligible listed class for CIK,,,,,,,,,,
VTR,0000740260,"Ventas, Inc.",NYSE,EQUITY,NYQ,"Ventas, Inc. Common Stock",COMMON_OR_EQUIVALENT,HIGH,NASDAQ Trader otherlisted,384.825,Real Estate,REIT - Healthcare Facilities,47.966,,,,,,,,,,,,,,False,Pass,2026-07-industry-models-v7,92b0f35b2c927674,2026-08-01T06:01:22.572030+00:00,Only eligible listed class for CIK,REIT,REIT_EQUITY,True,"Nareit FFO/EBITDAre proxy, AFFO coverage, leverage and lease-growth model",True,84.0,Yahoo FFO unavailable; rebuild Nareit FFO proxy from SEC facts,,,
UMC,0001033767,UNITED MICROELECTRONICS CORP,NYSE,EQUITY,NYQ,United Microelectronics Corporation (NEW) Common Stock,COMMON_OR_EQUIVALENT,HIGH,NASDAQ Trader otherlisted,340.947,Technology,Semiconductors,47.726,109.619,30.6,7.2,0.578,0.0,淨負債/EBITDA,False,False,True,絕對毛利率>=25%,False,,,False,Pass,2026-07-industry-models-v7,92b0f35b2c927674,2026-08-01T06:01:25.384795+00:00,Only eligible listed class for CIK,,,,,,,,,,
EXC,0001109357,EXELON CORP,NASDAQ,EQUITY,NMS,Exelon Corporation - Common Stock,COMMON_OR_EQUIVALENT,HIGH,NASDAQ Trader nasdaqlisted,406.849,Utilities,Utilities - Regulated Electric,47.206,,,,,,,,,,,,,,False,Pass,2026-07-industry-models-v7,92b0f35b2c927674,2026-08-01T06:01:33.616462+00:00,Only eligible listed class for CIK,REGULATED_UTILITY,REGULATED_UTILITY,True,"Regulated-asset growth proxy, capex funding, capital structure and coverage model",True,97.0,,,,
CMG,0001058090,CHIPOTLE MEXICAN GRILL INC,NYSE,EQUITY,NYQ,"Chipotle Mexican Grill, Inc. Common Stock",COMMON_OR_EQUIVALENT,HIGH,NASDAQ Trader otherlisted,712.952,Consumer Cyclical,Restaurants,47.189,2.328,39.36,93.28,2.361,2.066,淨負債/EBITDA,False,False,False,絕對毛利率>=25%,False,,,False,Pass,2026-07-industry-models-v7,92b0f35b2c927674,2026-08-01T06:01:28.156927+00:00,Only eligible listed class for CIK,,,,,,,,,,
FER,0001468522,Ferrovial N.V.,NASDAQ,EQUITY,NMS,Ferrovial N.V. - Ordinary Shares,COMMON_OR_EQUIVALENT,HIGH,NASDAQ Trader nasdaqlisted,106.57,Industrials,Engineering & Construction,46.934,2.488,87.14,45.57,6.884,4.388,淨負債/EBITDA,True,True,False,絕對毛利率>=25%,False,,,False,Pass,2026-07-industry-models-v7,92b0f35b2c927674,2026-08-01T06:01:30.981771+00:00,Only eligible listed class for CIK,,,,,,,,,,
STM,0000932787,STMicroelectronics N.V.,NYSE,EQUITY,NYQ,STMicroelectronics N.V. Common Stock,COMMON_OR_EQUIVALENT,HIGH,NASDAQ Trader otherlisted,662.964,Technology,Semiconductors,46.725,2.26,34.29,13.29,1.478,0.0,淨負債/EBITDA,False,False,True,絕對毛利率>=25%,False,,,False,Pass,2026-07-industry-models-v7,92b0f35b2c927674,2026-08-01T06:01:36.180616+00:00,Only eligible listed class for CIK,,,,,,,,,,
VIK,0001745201,Viking Holdings Ltd,NYSE,EQUITY,NYQ,Viking Holdings Ltd Ordinary Shares,COMMON_OR_EQUIVALENT,HIGH,NASDAQ Trader otherlisted,302.942,Consumer Cyclical,Travel Services,46.556,2.715,44.27,,3.252,0.988,淨負債/EBITDA,False,False,False,絕對毛利率>=25%,False,,,False,Pass,2026-07-industry-models-v7,92b0f35b2c927674,2026-08-01T06:01:38.875899+00:00,Only eligible listed class for CIK,,,,,,,,,,
JBS,0001791942,JBS N.V.,NYSE,EQUITY,NYQ,JBS N.V. Class A Common Shares,COMMON_OR_EQUIVALENT,HIGH,NASDAQ Trader otherlisted,101.417,Consumer Defensive,Packaged Foods,46.112,2.697,12.46,22.5,4.12,3.562,淨負債/EBITDA,False,True,False,低於同業中位數，交由 SEC 深篩,False,,,False,Pass,2026-07-industry-models-v7,92b0f35b2c927674,2026-08-01T06:01:41.499014+00:00,Only eligible listed class for CIK,,,,,,,,,26.33,True
SLF,0001097362,SUN LIFE FINANCIAL INC,NYSE,EQUITY,NYQ,Sun Life Financial Inc. Common Stock,COMMON_OR_EQUIVALENT,HIGH,NASDAQ Trader otherlisted,55.532,Financial Services,Insurance - Diversified,45.979,,,,,,,,,,,,,,False,Pass,2026-07-industry-models-v7,92b0f35b2c927674,2026-08-01T06:01:44.189872+00:00,Only eligible listed class for CIK,INSURANCE,INSURANCE_P_AND_C,True,"Dedicated underwriting, claims, capital and reserve-development model",True,97.0,,,,
BDX,0000010795,BECTON DICKINSON & CO,NYSE,EQUITY,NYQ,"Becton, Dickinson and Company Common Stock",COMMON_OR_EQUIVALENT,HIGH,NASDAQ Trader otherlisted,439.887,Healthcare,Medical Instruments & Supplies,45.635,3.828,47.09,,2.806,2.674,淨負債/EBITDA,False,False,False,絕對毛利率>=25%,False,,,False,Pass,2026-07-industry-models-v7,92b0f35b2c927674,2026-08-01T06:01:46.876557+00:00,Only eligible listed class for CIK,,,,,,,,,,
FERG,0002011641,Ferguson Enterprises Inc. /DE/,NYSE,EQUITY,NYQ,Ferguson Enterprises Inc. Common Stock,COMMON_OR_EQUIVALENT,HIGH,NASDAQ Trader otherlisted,322.545,Industrials,Industrial Distribution,45.445,1.96,30.7,96.98,1.999,1.729,淨負債/EBITDA,False,False,False,絕對毛利率>=25%,False,,,False,Pass,2026-07-industry-models-v7,92b0f35b2c927674,2026-08-01T06:01:49.732216+00:00,Only eligible listed class for CIK,,,,,,,,,,
TTWO,0000946581,TAKE TWO INTERACTIVE SOFTWARE INC,NASDAQ,EQUITY,NMS,"Take-Two Interactive Software, Inc. - Common Stock",COMMON_OR_EQUIVALENT,HIGH,NASDAQ Trader nasdaqlisted,608.374,Communication Services,Electronic Gaming & Multimedia,45.421,0.624,57.67,97.07,3.752,1.229,淨負債/EBITDA,False,False,False,絕對毛利率>=25%,False,,,False,Pass,2026-07-industry-models-v7,92b0f35b2c927674,2026-08-01T06:01:52.562843+00:00,Only eligible listed class for CIK,,,,,,,,,,
WDS,0000844551,WOODSIDE ENERGY GROUP LTD,NYSE,EQUITY,NYQ,"Woodside Energy Group Limited American Depositary Shares, each representing one Ordinary Share",COMMON_OR_EQUIVALENT,HIGH,NASDAQ Trader otherlisted,20.755,Energy,Oil & Gas E&P,44.6,,,,,,,,,,,,,,False,Pass,2026-07-industry-models-v7,92b0f35b2c927674,2026-08-01T06:01:55.168762+00:00,Only eligible listed class for CIK,CYCLICAL_MIDCYCLE,CYCLICAL_MIDCYCLE,True,Peak/current/mid-cycle/trough EBITDA and trough-survival model,True,97.0,,,,
JD,0001549802,"JD.com, Inc.",NASDAQ,EQUITY,NMS,"JD.com, Inc. - American Depositary Shares",COMMON_ADS_INFERRED,MEDIUM,SEC annual cover unavailable; accepted unavailable; symbol-to-title mapping unresolved; inferred common: sole exchange-listed ADS class for this CIK,304.832,Consumer Cyclical,Internet Retail,44.58,37.808,9.32,15.84,15.248,0.0,淨負債/EBITDA,False,True,True,低於同業中位數，交由 SEC 深篩,False,,,False,Pass,2026-07-industry-models-v7,92b0f35b2c927674,2026-08-01T06:01:57.877161+00:00,Only eligible listed class for CIK,,,,,,,,,45.59,True
ODFL,0000878927,"OLD DOMINION FREIGHT LINE, INC.",NASDAQ,EQUITY,NMS,"Old Dominion Freight Line, Inc. - Common Stock",COMMON_OR_EQUIVALENT,HIGH,NASDAQ Trader nasdaqlisted,397.935,Industrials,Trucking,44.118,,,,,,,,,,,,,,False,Pass,2026-07-industry-models-v7,92b0f35b2c927674,2026-08-01T06:02:03.316699+00:00,Only eligible listed class for CIK,CYCLICAL_MIDCYCLE,CYCLICAL_MIDCYCLE,True,Peak/current/mid-cycle/trough EBITDA and trough-survival model,True,94.0,,,,
IDXX,0000874716,IDEXX LABORATORIES INC /DE,NASDAQ,EQUITY,NMS,"IDEXX Laboratories, Inc. - Common Stock",COMMON_OR_EQUIVALENT,HIGH,NASDAQ Trader nasdaqlisted,360.432,Healthcare,Diagnostics & Research,44.101,1.21,62.05,96.06,0.715,0.585,淨負債/EBITDA,False,False,False,絕對毛利率>=25%,False,,,False,Pass,2026-07-industry-models-v7,92b0f35b2c927674,2026-08-01T06:02:05.893382+00:00,Only eligible listed class for CIK,,,,,,,,,,
IX,0001070304,ORIX CORP,NYSE,EQUITY,NYQ,ORIX Corporation American Depositary Shares,COMMON_ADS_INFERRED,MEDIUM,SEC annual cover unavailable; accepted unavailable; symbol-to-title mapping unresolved; inferred common: sole exchange-listed ADS class for this CIK,11.151,Financial Services,Financial Conglomerates,44.028,,,,,,,,,,,,,,False,Pass,2026-07-industry-models-v7,92b0f35b2c927674,2026-08-01T06:02:08.659108+00:00,Only eligible listed class for CIK,FINANCIAL_SPECIALTY,FINANCIAL_FEE,True,"Fee-financial margin, cash conversion, tangible capital and balance-sheet model",True,97.0,,,,
HUM,0000049071,HUMANA INC,NYSE,EQUITY,NYQ,Humana Inc. Common Stock,COMMON_OR_EQUIVALENT,HIGH,NASDAQ Trader otherlisted,566.228,Healthcare,Healthcare Plans,43.692,,,,,,,,,,,,,,False,Pass,2026-07-industry-models-v7,92b0f35b2c927674,2026-08-01T06:02:11.250185+00:00,Only eligible listed class for CIK,INSURANCE,INSURANCE_LIFE,True,"Dedicated underwriting, claims, capital and reserve-development model",True,97.0,,,,
FMX,0001061736,MEXICAN ECONOMIC DEVELOPMENT INC,NYSE,EQUITY,NYQ,Fomento Economico Mexicano S.A.B. de C.V. Common Stock,COMMON_OR_EQUIVALENT,HIGH,NASDAQ Trader otherlisted,69.194,Consumer Defensive,Beverages - Brewers,43.604,102.724,40.51,47.9,2.453,1.309,淨負債/EBITDA,False,False,False,絕對毛利率>=25%,False,,,False,Pass,2026-07-industry-models-v7,92b0f35b2c927674,2026-08-01T06:02:13.879518+00:00,Only eligible listed class for CIK,,,,,,,,,,
HLN,0001900304,Haleon plc,NYSE,EQUITY,NYQ,Haleon plc American Depositary Shares (Each representing two Ordinary Shares),COMMON_OR_EQUIVALENT,HIGH,NASDAQ Trader otherlisted,100.639,Healthcare,Drug Manufacturers - Specialty & Generic,43.465,2.651,65.57,13.28,2.897,2.607,淨負債/EBITDA,False,False,False,絕對毛利率>=25%,False,,,False,Pass,2026-07-industry-models-v7,92b0f35b2c927674,2026-08-01T06:02:16.758927+00:00,Only eligible listed class for CIK,,,,,,,,,,
TRI,0001075124,THOMSON REUTERS CORP /CAN/,NASDAQ,EQUITY,NMS,Thomson Reuters Corp - Common Shares,COMMON_OR_EQUIVALENT,HIGH,NASDAQ Trader nasdaqlisted,210.013,Industrials,Specialty Business Services,42.838,2.711,39.46,28.75,1.244,1.018,淨負債/EBITDA,False,False,False,絕對毛利率>=25%,False,,,False,Pass,2026-07-industry-models-v7,92b0f35b2c927674,2026-08-01T06:02:19.344948+00:00,Only eligible listed class for CIK,,,,,,,,,,
CBRE,0001138118,"CBRE GROUP, INC.",NYSE,EQUITY,NYQ,CBRE Group Inc Common Stock Class A,COMMON_OR_EQUIVALENT,HIGH,NASDAQ Trader otherlisted,325.893,Real Estate,Real Estate Services,42.513,1.361,18.57,99.4,4.881,4.208,淨負債/EBITDA,True,True,False,低於同業中位數，交由 SEC 深篩,False,,,False,Pass,2026-07-industry-models-v7,92b0f35b2c927674,2026-08-01T06:02:24.911564+00:00,Only eligible listed class for CIK,,,,,,,,,33.37,True
PRU,0001137774,PRUDENTIAL FINANCIAL INC,NYSE,EQUITY,NYQ,"Prudential Financial, Inc. Common Stock",COMMON_OR_EQUIVALENT,HIGH,NASDAQ Trader otherlisted,233.264,Financial Services,Insurance - Life,42.401,,,,,,,,,,,,,,False,Pass,2026-07-industry-models-v7,92b0f35b2c927674,2026-08-01T06:02:27.495202+00:00,Only eligible listed class for CIK,INSURANCE,INSURANCE_LIFE,True,"Dedicated underwriting, claims, capital and reserve-development model",True,97.0,,,,
ARES,0001176948,Ares Management Corp,NYSE,EQUITY,NYQ,Ares Management Corporation Class A Common Stock,COMMON_OR_EQUIVALENT,HIGH,NASDAQ Trader otherlisted,324.15,Financial Services,Asset Management,42.25,,,,,,,,,,,,,,False,Pass,2026-07-industry-models-v7,92b0f35b2c927674,2026-08-01T06:07:22.161652+00:00,Only eligible listed class for CIK,FINANCIAL_SPECIALTY,FINANCIAL_FEE,True,"Fee-financial margin, cash conversion, tangible capital and balance-sheet model",True,97.0,,,,
WCN,0001318220,"Waste Connections, Inc.",NYSE,EQUITY,NYQ,"Waste Connections, Inc. Common Shares",COMMON_OR_EQUIVALENT,HIGH,NASDAQ Trader otherlisted,278.312,Industrials,Waste Management,42.188,2.513,42.53,90.92,3.085,3.053,淨負債/EBITDA,False,False,False,絕對毛利率>=25%,False,,,False,Pass,2026-07-industry-models-v7,92b0f35b2c927674,2026-08-01T06:02:35.336971+00:00,Only eligible listed class for CIK,,,,,,,,,,
YUM,0001041061,YUM BRANDS INC,NYSE,EQUITY,NYQ,"Yum! Brands, Inc.",COMMON_OR_EQUIVALENT,HIGH,NASDAQ Trader otherlisted,362.849,Consumer Cyclical,Restaurants,41.845,2.083,45.31,88.73,4.023,3.802,淨負債/EBITDA,False,True,False,絕對毛利率>=25%,False,,,False,Pass,2026-07-industry-models-v7,92b0f35b2c927674,2026-08-01T06:02:32.682232+00:00,Only eligible listed class for CIK,,,,,,,,,,
FLEX,0000866374,FLEX LTD.,NASDAQ,EQUITY,NMS,Flex Ltd. - Ordinary Shares,COMMON_OR_EQUIVALENT,HIGH,NASDAQ Trader nasdaqlisted,832.501,Technology,Electronic Components,41.677,1.562,9.53,,2.8,1.459,淨負債/EBITDA,False,False,False,低於同業中位數，交由 SEC 深篩,False,,,False,Pass,2026-07-industry-models-v7,92b0f35b2c927674,2026-08-01T06:02:37.967768+00:00,Only eligible listed class for CIK,,,,,,,,,21.0,True
AIG,0000005272,"AMERICAN INTERNATIONAL GROUP, INC.",NYSE,EQUITY,NYQ,"American International Group, Inc. New Common Stock",COMMON_OR_EQUIVALENT,HIGH,NASDAQ Trader otherlisted,318.833,Financial Services,Insurance - Diversified,41.664,,,,,,,,,,,,,,False,Pass,2026-07-industry-models-v7,92b0f35b2c927674,2026-08-01T06:02:40.815448+00:00,Only eligible listed class for CIK,INSURANCE,INSURANCE_P_AND_C,True,"Dedicated underwriting, claims, capital and reserve-development model",True,97.0,,,,
MSCI,0001408198,MSCI Inc.,NYSE,EQUITY,NYQ,MSCI Inc. Common Stock,COMMON_OR_EQUIVALENT,HIGH,NASDAQ Trader otherlisted,408.161,Financial Services,Financial Data & Stock Exchanges,41.602,,,,,,,,,,,,,,False,Pass,2026-07-industry-models-v7,92b0f35b2c927674,2026-08-01T06:02:43.541232+00:00,Only eligible listed class for CIK,FINANCIAL_SPECIALTY,FINANCIAL_FEE,True,"Fee-financial margin, cash conversion, tangible capital and balance-sheet model",True,94.0,,,,
PAYX,0000723531,PAYCHEX INC,NASDAQ,EQUITY,NMS,"Paychex, Inc. - Common Stock",COMMON_OR_EQUIVALENT,HIGH,NASDAQ Trader nasdaqlisted,399.362,Technology,Software - Application,41.558,1.179,67.2,85.73,2.88,2.168,淨負債/EBITDA,False,False,False,絕對毛利率>=25%,False,,,False,Pass,2026-07-industry-models-v7,92b0f35b2c927674,2026-08-01T06:02:46.099713+00:00,Only eligible listed class for CIK,,,,,,,,,,
KB,0001445930,KB Financial Group Inc.,NYSE,EQUITY,NYQ,KB Financial Group Inc,COMMON_OR_EQUIVALENT,HIGH,NASDAQ Trader otherlisted,33.555,Financial Services,Banks - Regional,41.367,,,,,,,,,,,,,,False,Pass,2026-07-industry-models-v7,92b0f35b2c927674,2026-08-01T06:02:48.798946+00:00,Only eligible listed class for CIK,BANK,BANK,True,"Tier 1 capital buffer, ROTCE, deposit funding and credit-loss model",True,91.0,,,,
FNV,0001456346,FRANCO NEVADA Corp,NYSE,EQUITY,NYQ,Franco-Nevada Corporation,COMMON_OR_EQUIVALENT,HIGH,NASDAQ Trader otherlisted,177.807,Basic Materials,Gold,41.063,,,,,,,,,,,,,,False,Pass,2026-07-industry-models-v7,92b0f35b2c927674,2026-08-01T06:02:51.569095+00:00,Only eligible listed class for CIK,CYCLICAL_MIDCYCLE,CYCLICAL_MIDCYCLE,True,Peak/current/mid-cycle/trough EBITDA and trough-survival model,True,97.0,,,,
SYY,0000096021,SYSCO CORP,NYSE,EQUITY,NYQ,Sysco Corporation Common Stock,COMMON_OR_EQUIVALENT,HIGH,NASDAQ Trader otherlisted,286.9,Consumer Defensive,Food Distribution,40.808,2.656,18.54,90.36,3.373,2.957,淨負債/EBITDA,False,False,False,同業樣本不足(3)，交由 SEC 深篩,False,,,False,Pass,2026-07-industry-models-v7,92b0f35b2c927674,2026-08-01T06:02:54.114219+00:00,Only eligible listed class for CIK,,,,,,,,,,True
TEVA,0000818686,TEVA PHARMACEUTICAL INDUSTRIES LTD,NYSE,EQUITY,NYQ,Teva Pharmaceutical Industries Limited American Depositary Shares,COMMON_ADS_INFERRED,MEDIUM,SEC annual cover unavailable; accepted unavailable; symbol-to-title mapping unresolved; inferred common: sole exchange-listed ADS class for this CIK,209.407,Healthcare,Drug Manufacturers - Specialty & Generic,40.797,1.898,52.46,62.87,3.958,3.102,淨負債/EBITDA,False,False,False,絕對毛利率>=25%,False,,,False,Pass,2026-07-industry-models-v7,92b0f35b2c927674,2026-08-01T06:02:56.817484+00:00,Only eligible listed class for CIK,,,,,,,,,,
LYV,0001335258,"Live Nation Entertainment, Inc.",NYSE,EQUITY,NYQ,"Live Nation Entertainment, Inc. Common Stock",COMMON_OR_EQUIVALENT,HIGH,NASDAQ Trader otherlisted,442.498,Communication Services,Entertainment,40.565,2.609,25.78,84.71,7.275,1.426,淨負債/EBITDA,False,True,False,絕對毛利率>=25%,False,,,False,Pass,2026-07-industry-models-v7,92b0f35b2c927674,2026-08-01T06:03:02.137105+00:00,Only eligible listed class for CIK,,,,,,,,,,
MCHP,0000827054,MICROCHIP TECHNOLOGY INC,NASDAQ,EQUITY,NMS,Microchip Technology Incorporated - Common Stock,COMMON_OR_EQUIVALENT,HIGH,NASDAQ Trader nasdaqlisted,891.444,Technology,Semiconductors,40.34,0.962,57.73,99.52,4.628,4.431,淨負債/EBITDA,True,True,False,絕對毛利率>=25%,False,,,False,Pass,2026-07-industry-models-v7,92b0f35b2c927674,2026-08-01T06:03:04.940513+00:00,Only eligible listed class for CIK,,,,,,,,,,
AU,0001973832,AngloGold Ashanti PLC,NYSE,EQUITY,NYQ,AngloGold Ashanti PLC Ordinary Shares,COMMON_OR_EQUIVALENT,HIGH,NASDAQ Trader otherlisted,237.548,Basic Materials,Gold,40.116,,,,,,,,,,,,,,False,Pass,2026-07-industry-models-v7,92b0f35b2c927674,2026-08-01T06:03:07.693568+00:00,Only eligible listed class for CIK,CYCLICAL_MIDCYCLE,CYCLICAL_MIDCYCLE,True,Peak/current/mid-cycle/trough EBITDA and trough-survival model,True,97.0,,,,
ED,0001047862,CONSOLIDATED EDISON INC,NYSE,EQUITY,NYQ,"Consolidated Edison, Inc. Common Stock",COMMON_OR_EQUIVALENT,HIGH,NASDAQ Trader otherlisted,267.409,Utilities,Utilities - Regulated Electric,40.114,,,,,,,,,,,,,,False,Pass,2026-07-industry-models-v7,92b0f35b2c927674,2026-08-01T06:03:10.429654+00:00,Only eligible listed class for CIK,REGULATED_UTILITY,REGULATED_UTILITY,True,"Regulated-asset growth proxy, capex funding, capital structure and coverage model",True,97.0,,,,
DHI,0000882184,HORTON D R INC /DE/,NYSE,EQUITY,NYQ,"D.R. Horton, Inc. Common Stock",COMMON_OR_EQUIVALENT,HIGH,NASDAQ Trader otherlisted,348.148,Consumer Cyclical,Residential Construction,40.014,3.353,21.3,89.8,1.742,1.238,淨負債/EBITDA,False,False,False,低於同業中位數，交由 SEC 深篩,False,,,False,Pass,2026-07-industry-models-v7,92b0f35b2c927674,2026-08-01T06:03:13.140745+00:00,Only eligible listed class for CIK,,,,,,,,,21.84,True
WDAY,0001327811,"Workday, Inc.",NASDAQ,EQUITY,NMS,"Workday, Inc. - Class A Common Stock",COMMON_OR_EQUIVALENT,HIGH,NASDAQ Trader nasdaqlisted,826.644,Technology,Software - Application,39.6,3.178,75.77,,2.517,0.0,淨負債/EBITDA,False,False,True,絕對毛利率>=25%,False,,,False,Pass,2026-07-industry-models-v7,92b0f35b2c927674,2026-08-01T06:03:18.619454+00:00,Only eligible listed class for CIK,,,,,,,,,,
UAL,0000100517,"United Airlines Holdings, Inc.",NASDAQ,EQUITY,NMS,"United Airlines Holdings, Inc. - Common Stock",COMMON_OR_EQUIVALENT,HIGH,NASDAQ Trader nasdaqlisted,658.029,Industrials,Airlines,39.38,,,,,,,,,,,,,,False,Pass,2026-07-industry-models-v7,92b0f35b2c927674,2026-08-01T06:03:21.316580+00:00,Only eligible listed class for CIK,CYCLICAL_MIDCYCLE,CYCLICAL_MIDCYCLE,True,Peak/current/mid-cycle/trough EBITDA and trough-survival model,True,97.0,,,,
A,0001090872,"AGILENT TECHNOLOGIES, INC.",NYSE,EQUITY,NYQ,"Agilent Technologies, Inc. Common Stock",COMMON_OR_EQUIVALENT,HIGH,NASDAQ Trader otherlisted,332.779,Healthcare,Diagnostics & Research,39.08,1.452,52.64,93.81,1.758,0.861,淨負債/EBITDA,False,False,False,絕對毛利率>=25%,False,,,False,Pass,2026-07-industry-models-v7,92b0f35b2c927674,2026-08-01T06:03:29.485286+00:00,Only eligible listed class for CIK,,,,,,,,,,
HMC,0000715153,HONDA MOTOR CO LTD,NYSE,EQUITY,NYQ,"Honda Motor Company, Ltd. Common Stock",COMMON_OR_EQUIVALENT,HIGH,NASDAQ Trader otherlisted,53.735,Consumer Cyclical,Auto Manufacturers,39.069,,,,,,,,,,,,,,False,Pass,2026-07-industry-models-v7,92b0f35b2c927674,2026-08-01T06:03:32.151710+00:00,Only eligible listed class for CIK,CYCLICAL_MIDCYCLE,CYCLICAL_MIDCYCLE,True,Peak/current/mid-cycle/trough EBITDA and trough-survival model,True,97.0,,,,
HIG,0000874766,"HARTFORD INSURANCE GROUP, INC.",NYSE,EQUITY,NYQ,"The Hartford Insurance Group, Inc. Common Stock",COMMON_OR_EQUIVALENT,HIGH,NASDAQ Trader otherlisted,249.937,Financial Services,Insurance - Diversified,38.902,,,,,,,,,,,,,,False,Pass,2026-07-industry-models-v7,92b0f35b2c927674,2026-08-01T06:03:34.862695+00:00,Only eligible listed class for CIK,INSURANCE,INSURANCE_P_AND_C,True,"Dedicated underwriting, claims, capital and reserve-development model",True,97.0,,,,
ROP,0000882835,ROPER TECHNOLOGIES INC,NASDAQ,EQUITY,NMS,"Roper Technologies, Inc. - Common Stock",COMMON_OR_EQUIVALENT,HIGH,NASDAQ Trader nasdaqlisted,436.118,Technology,Software - Application,38.766,2.669,69.53,,3.496,3.383,淨負債/EBITDA,False,False,False,絕對毛利率>=25%,False,,,False,Pass,2026-07-industry-models-v7,92b0f35b2c927674,2026-08-01T06:03:37.576321+00:00,Only eligible listed class for CIK,,,,,,,,,,
IQV,0001478242,IQVIA HOLDINGS INC.,NYSE,EQUITY,NYQ,"IQVIA Holdings, Inc. Common Stock",COMMON_OR_EQUIVALENT,HIGH,NASDAQ Trader otherlisted,392.207,Healthcare,Diagnostics & Research,38.684,2.819,32.97,,5.333,4.651,淨負債/EBITDA,True,True,False,絕對毛利率>=25%,False,,,False,Pass,2026-07-industry-models-v7,92b0f35b2c927674,2026-08-01T06:03:40.232562+00:00,Only eligible listed class for CIK,,,,,,,,,,
CRDO,0001807794,Credo Technology Group Holding Ltd,NASDAQ,EQUITY,NMS,Credo Technology Group Holding Ltd - Ordinary Shares,COMMON_OR_EQUIVALENT,HIGH,NASDAQ Trader nasdaqlisted,1686.798,Technology,Semiconductors,38.599,0.464,68.04,76.17,0.053,0.0,淨負債/EBITDA,False,False,True,絕對毛利率>=25%,False,,,False,Pass,2026-07-industry-models-v7,92b0f35b2c927674,2026-08-01T06:03:42.927117+00:00,Only eligible listed class for CIK,,,,,,,,,,
COIN,0001679788,"Coinbase Global, Inc.",NASDAQ,EQUITY,NMS,"Coinbase Global, Inc. - Class A Common Stock",COMMON_OR_EQUIVALENT,HIGH,NASDAQ Trader nasdaqlisted,1264.832,Financial Services,Financial Data & Stock Exchanges,38.589,,,,,,,,,,,,,,False,Pass,2026-07-industry-models-v7,92b0f35b2c927674,2026-08-01T06:03:45.641179+00:00,Only eligible listed class for CIK,FINANCIAL_SPECIALTY,FINANCIAL_FEE,True,"Fee-financial margin, cash conversion, tangible capital and balance-sheet model",True,97.0,,,,
PCG,0001004980,PG&E Corp,NYSE,EQUITY,NYQ,Pacific Gas & Electric Co. Common Stock,COMMON_OR_EQUIVALENT,HIGH,NASDAQ Trader otherlisted,330.731,Utilities,Utilities - Regulated Electric,38.277,,,,,,,,,,,,,,False,Pass,2026-07-industry-models-v7,92b0f35b2c927674,2026-08-01T06:03:51.002382+00:00,Only eligible listed class for CIK,REGULATED_UTILITY,REGULATED_UTILITY,True,"Regulated-asset growth proxy, capex funding, capital structure and coverage model",True,97.0,,,,
PEG,0000788784,PUBLIC SERVICE ENTERPRISE GROUP INC,NYSE,EQUITY,NYQ,Public Service Enterprise Group Incorporated Common Stock,COMMON_OR_EQUIVALENT,HIGH,NASDAQ Trader otherlisted,232.636,Utilities,Utilities - Regulated Electric,38.211,,,,,,,,,,,,,,False,Pass,2026-07-industry-models-v7,92b0f35b2c927674,2026-08-01T06:03:53.715458+00:00,Only eligible listed class for CIK,REGULATED_UTILITY,REGULATED_UTILITY,True,"Regulated-asset growth proxy, capex funding, capital structure and coverage model",True,97.0,,,,
ADM,0000007084,Archer-Daniels-Midland Co,NYSE,EQUITY,NYQ,Archer-Daniels-Midland Company Common Stock,COMMON_OR_EQUIVALENT,HIGH,NASDAQ Trader otherlisted,299.441,Consumer Defensive,Farm Products,38.205,,,,,,,,,,,,,,False,Pass,2026-07-industry-models-v7,92b0f35b2c927674,2026-08-01T06:03:56.360151+00:00,Only eligible listed class for CIK,CYCLICAL_MIDCYCLE,CYCLICAL_MIDCYCLE,True,Peak/current/mid-cycle/trough EBITDA and trough-survival model,True,97.0,,,,
CLS,0001030894,CELESTICA INC,NYSE,EQUITY,NYQ,"Celestica, Inc. Common Stock",COMMON_OR_EQUIVALENT,HIGH,NASDAQ Trader otherlisted,749.477,Technology,Electronic Components,38.11,1.144,11.95,72.78,0.628,0.284,淨負債/EBITDA,False,False,False,低於同業中位數，交由 SEC 深篩,False,,,False,Pass,2026-07-industry-models-v7,92b0f35b2c927674,2026-08-01T06:04:01.838334+00:00,Only eligible listed class for CIK,,,,,,,,,21.0,True
CCL,0000815097,Carnival Corp Ltd.,NYSE,EQUITY,NYQ,Carnival Corporation Ltd. Common Shares,COMMON_OR_EQUIVALENT,HIGH,NASDAQ Trader otherlisted,710.547,Consumer Cyclical,Travel Services,38.09,6.794,55.68,66.09,3.584,3.277,淨負債/EBITDA,False,False,False,絕對毛利率>=25%,False,,,False,Pass,2026-07-industry-models-v7,92b0f35b2c927674,2026-08-01T06:04:04.603157+00:00,Only eligible listed class for CIK,,,,,,,,,,
ESLT,0001027664,ELBIT SYSTEMS LTD,NASDAQ,EQUITY,NMS,Elbit Systems Ltd. - Ordinary Shares,COMMON_OR_EQUIVALENT,HIGH,NASDAQ Trader nasdaqlisted,83.76,Industrials,Aerospace & Defense,37.886,0.876,24.7,22.73,0.975,0.0,淨負債/EBITDA,False,False,True,低於同業中位數，交由 SEC 深篩,False,,,False,Pass,2026-07-industry-models-v7,92b0f35b2c927674,2026-08-01T06:04:07.201638+00:00,Only eligible listed class for CIK,,,,,,,,,27.27,True
BIDU,0001329099,"Baidu, Inc.",NASDAQ,EQUITY,NMS,"Baidu, Inc. - American Depositary Shares, each representing 8 ordinary share",COMMON_OR_EQUIVALENT,HIGH,NASDAQ Trader nasdaqlisted,280.788,Communication Services,Internet Content & Information,37.687,5.658,42.08,21.85,3.991,0.0,淨負債/EBITDA,False,False,True,絕對毛利率>=25%,False,,,False,Pass,2026-07-industry-models-v7,92b0f35b2c927674,2026-08-01T06:04:09.853857+00:00,Only eligible listed class for CIK,,,,,,,,,,
PUK,0001116578,PRUDENTIAL PLC,NYSE,EQUITY,NYQ,Prudential Public Limited Company Common Stock,COMMON_OR_EQUIVALENT,HIGH,NASDAQ Trader otherlisted,33.568,Financial Services,Insurance - Life,37.637,,,,,,,,,,,,,,False,Pass,2026-07-industry-models-v7,92b0f35b2c927674,2026-08-01T06:04:12.640035+00:00,Only eligible listed class for CIK,INSURANCE,INSURANCE_LIFE,True,"Dedicated underwriting, claims, capital and reserve-development model",True,97.0,,,,
CCJ,0001009001,CAMECO CORP,NYSE,EQUITY,NYQ,Cameco Corporation Common Stock,COMMON_OR_EQUIVALENT,HIGH,NASDAQ Trader otherlisted,300.22,Energy,Uranium,37.621,,,,,,,,,,,,,,False,Pass,2026-07-industry-models-v7,92b0f35b2c927674,2026-08-01T06:04:15.231515+00:00,Only eligible listed class for CIK,CYCLICAL_MIDCYCLE,CYCLICAL_MIDCYCLE,True,Peak/current/mid-cycle/trough EBITDA and trough-survival model,True,97.0,,,,
WAT,0001000697,WATERS CORP /DE/,NYSE,EQUITY,NYQ,Waters Corporation Common Stock,COMMON_OR_EQUIVALENT,HIGH,NASDAQ Trader otherlisted,376.204,Healthcare,Diagnostics & Research,37.047,0.39,55.15,,4.935,4.528,淨負債/EBITDA,True,True,False,絕對毛利率>=25%,False,,,False,Pass,2026-07-industry-models-v7,92b0f35b2c927674,2026-08-01T06:04:17.996032+00:00,Only eligible listed class for CIK,,,,,,,,,,
KVUE,0001944048,Kenvue Inc.,NYSE,EQUITY,NYQ,Kenvue Inc. Common Stock,COMMON_OR_EQUIVALENT,HIGH,NASDAQ Trader otherlisted,396.348,Consumer Defensive,Household & Personal Products,36.941,2.258,58.6,94.62,2.537,2.227,淨負債/EBITDA,False,False,False,絕對毛利率>=25%,False,,,False,Pass,2026-07-industry-models-v7,92b0f35b2c927674,2026-08-01T06:04:20.658344+00:00,Only eligible listed class for CIK,,,,,,,,,,
RKT,0001805284,"Rocket Companies, Inc.",NYSE,EQUITY,NYQ,"Rocket Companies, Inc. Class A Common Stock",COMMON_OR_EQUIVALENT,HIGH,NASDAQ Trader otherlisted,379.961,Financial Services,Mortgage Finance,36.5,,,,,,,,,,,,,,False,Pass,2026-07-industry-models-v7,92b0f35b2c927674,2026-08-01T06:04:23.518939+00:00,Only eligible listed class for CIK,FINANCIAL_SPECIALTY,FINANCIAL_LENDER,True,"Specialty-lender tangible capital, credit allowance and earnings model",True,97.0,,,,
IRM,0001020569,IRON MOUNTAIN INC,NYSE,EQUITY,NYQ,Iron Mountain Incorporated (Delaware)Common Stock REIT,COMMON_OR_EQUIVALENT,HIGH,NASDAQ Trader otherlisted,211.62,Real Estate,REIT - Specialty,36.393,,,,,,,,,,,,,,False,Pass,2026-07-industry-models-v7,92b0f35b2c927674,2026-08-01T06:04:26.099206+00:00,Only eligible listed class for CIK,REIT,REIT_EQUITY,True,"Nareit FFO/EBITDAre proxy, AFFO coverage, leverage and lease-growth model",True,84.0,Yahoo FFO unavailable; rebuild Nareit FFO proxy from SEC facts,,,
BBDO,0001160330,BANK BRADESCO,NYSE,EQUITY,NYQ,Banco Bradesco Sa American Depositary Shares (each representing one Common Share),COMMON_OR_EQUIVALENT,HIGH,NASDAQ Trader otherlisted,0.299,Financial Services,Banks - Regional,36.363,,,,,,,,,,,,,,False,Pass,2026-07-industry-models-v7,92b0f35b2c927674,2026-08-01T06:04:28.640446+00:00,Only eligible listed class for CIK,BANK,BANK,True,"Tier 1 capital buffer, ROTCE, deposit funding and credit-loss model",True,94.0,,,,
VOD,0000839923,VODAFONE GROUP PUBLIC LTD CO,NASDAQ,EQUITY,NMS,Vodafone Group Plc - American Depositary Shares each representing ten Ordinary Shares,COMMON_OR_EQUIVALENT,HIGH,NASDAQ Trader nasdaqlisted,65.753,Communication Services,Telecom Services,36.339,14.291,31.47,8.6,6.085,4.455,淨負債/EBITDA,True,True,False,絕對毛利率>=25%,False,,,False,Pass,2026-07-industry-models-v7,92b0f35b2c927674,2026-08-01T06:04:31.383325+00:00,Only eligible listed class for CIK,,,,,,,,,,
KMB,0000055785,KIMBERLY CLARK CORP,NASDAQ,EQUITY,NMS,Kimberly-Clark Corporation - Common Stock,COMMON_OR_EQUIVALENT,HIGH,NASDAQ Trader nasdaqlisted,477.939,Consumer Defensive,Household & Personal Products,36.284,3.195,37.15,94.42,2.121,1.959,淨負債/EBITDA,False,False,False,絕對毛利率>=25%,False,,,False,Pass,2026-07-industry-models-v7,92b0f35b2c927674,2026-08-01T06:04:34.156157+00:00,Only eligible listed class for CIK,,,,,,,,,,
STLD,0001022671,STEEL DYNAMICS INC,NASDAQ,EQUITY,NMS,"Steel Dynamics, Inc. - Common Stock",COMMON_OR_EQUIVALENT,HIGH,NASDAQ Trader nasdaqlisted,301.808,Basic Materials,Steel,36.013,,,,,,,,,,,,,,False,Pass,2026-07-industry-models-v7,92b0f35b2c927674,2026-08-01T06:04:36.992700+00:00,Only eligible listed class for CIK,CYCLICAL_MIDCYCLE,CYCLICAL_MIDCYCLE,True,Peak/current/mid-cycle/trough EBITDA and trough-survival model,True,97.0,,,,
MTB,0000036270,M&T BANK CORP,NYSE,EQUITY,NYQ,M&T Bank Corporation Common Stock,COMMON_OR_EQUIVALENT,HIGH,NASDAQ Trader otherlisted,272.84,Financial Services,Banks - Regional,35.696,,,,,,,,,,,,,,False,Pass,2026-07-industry-models-v7,92b0f35b2c927674,2026-08-01T06:04:42.337478+00:00,Only eligible listed class for CIK,BANK,BANK,True,"Tier 1 capital buffer, ROTCE, deposit funding and credit-loss model",True,91.0,,,,
WEC,0000783325,"WEC ENERGY GROUP, INC.",NYSE,EQUITY,NYQ,"WEC Energy Group, Inc. Common Stock",COMMON_OR_EQUIVALENT,HIGH,NASDAQ Trader otherlisted,232.609,Utilities,Utilities - Regulated Electric,35.654,,,,,,,,,,,,,,False,Pass,2026-07-industry-models-v7,92b0f35b2c927674,2026-08-01T06:04:44.949368+00:00,Only eligible listed class for CIK,REGULATED_UTILITY,REGULATED_UTILITY,True,"Regulated-asset growth proxy, capex funding, capital structure and coverage model",True,97.0,,,,
EXPE,0001324424,"Expedia Group, Inc.",NASDAQ,EQUITY,NMS,"Expedia Group, Inc. - Common Stock",COMMON_OR_EQUIVALENT,HIGH,NASDAQ Trader nasdaqlisted,481.343,Consumer Cyclical,Travel Services,35.375,4.859,90.27,,1.814,0.0,淨負債/EBITDA,False,False,True,絕對毛利率>=25%,False,,,False,Pass,2026-07-industry-models-v7,92b0f35b2c927674,2026-08-01T06:04:50.236885+00:00,Only eligible listed class for CIK,,,,,,,,,,
KR,0000056873,KROGER CO,NYSE,EQUITY,NYQ,Kroger Company (The) Common Stock,COMMON_OR_EQUIVALENT,HIGH,NASDAQ Trader otherlisted,441.167,Consumer Defensive,Grocery Stores,35.374,6.936,23.98,81.83,2.994,2.638,淨負債/EBITDA,False,False,False,同業樣本不足(3)，交由 SEC 深篩,False,,,False,Pass,2026-07-industry-models-v7,92b0f35b2c927674,2026-08-01T06:04:53.011704+00:00,Only eligible listed class for CIK,,,,,,,,,,True
EME,0000105634,"EMCOR Group, Inc.",NYSE,EQUITY,NYQ,"EMCOR Group, Inc. Common Stock",COMMON_OR_EQUIVALENT,HIGH,NASDAQ Trader otherlisted,348.958,Industrials,Engineering & Construction,35.175,1.29,19.43,96.11,0.271,0.0,淨負債/EBITDA,False,False,True,低於同業中位數，交由 SEC 深篩,False,,,False,Pass,2026-07-industry-models-v7,92b0f35b2c927674,2026-08-01T06:04:55.848508+00:00,Only eligible listed class for CIK,,,,,,,,,20.6,True
HSY,0000047111,HERSHEY CO,NYSE,EQUITY,NYQ,The Hershey Company Common Stock,COMMON_OR_EQUIVALENT,HIGH,NASDAQ Trader otherlisted,360.14,Consumer Defensive,Confectioners,35.172,2.349,35.03,87.71,2.513,2.125,淨負債/EBITDA,False,False,False,絕對毛利率>=25%,False,,,False,Pass,2026-07-industry-models-v7,92b0f35b2c927674,2026-08-01T06:04:47.623789+00:00,Only eligible listed class for CIK,,,,,,,,,,
NTAP,0001002047,"NetApp, Inc.",NASDAQ,EQUITY,NMS,"NetApp, Inc. - Common Stock",COMMON_OR_EQUIVALENT,HIGH,NASDAQ Trader nasdaqlisted,572.321,Technology,Software - Infrastructure,34.972,2.067,70.74,,1.451,0.0,淨負債/EBITDA,False,False,True,絕對毛利率>=25%,False,,,False,Pass,2026-07-industry-models-v7,92b0f35b2c927674,2026-08-01T06:04:58.454564+00:00,Only eligible listed class for CIK,,,,,,,,,,
VMC,0001396009,Vulcan Materials CO,NYSE,EQUITY,NYQ,Vulcan Materials Company (Holding Company) Common Stock,COMMON_OR_EQUIVALENT,HIGH,NASDAQ Trader otherlisted,313.837,Basic Materials,Building Materials,34.801,,,,,,,,,,,,,,False,Pass,2026-07-industry-models-v7,92b0f35b2c927674,2026-08-01T06:05:01.059665+00:00,Only eligible listed class for CIK,CYCLICAL_MIDCYCLE,CYCLICAL_MIDCYCLE,True,Peak/current/mid-cycle/trough EBITDA and trough-survival model,True,97.0,,,,
TKO,0001973266,"TKO Group Holdings, Inc.",NYSE,EQUITY,NYQ,"TKO Group Holdings, Inc. Class A Common Stock",COMMON_OR_EQUIVALENT,HIGH,NASDAQ Trader otherlisted,255.649,Communication Services,Entertainment,34.749,1.817,59.12,,3.447,2.899,淨負債/EBITDA,False,False,False,絕對毛利率>=25%,False,,,False,Pass,2026-07-industry-models-v7,92b0f35b2c927674,2026-08-01T06:20:40.729667+00:00,Only eligible listed class for CIK,,,,,,,,,,
EC,0001444406,ECOPETROL S.A.,NYSE,EQUITY,NYQ,Ecopetrol S.A. American Depositary Shares,COMMON_ADS_INFERRED,MEDIUM,SEC annual cover unavailable; accepted unavailable; symbol-to-title mapping unresolved; inferred common: sole exchange-listed ADS class for this CIK,49.396,Energy,Oil & Gas Integrated,34.476,,,,,,,,,,,,,,False,Pass,2026-07-industry-models-v7,92b0f35b2c927674,2026-08-01T06:05:03.637338+00:00,Only eligible listed class for CIK,CYCLICAL_MIDCYCLE,CYCLICAL_MIDCYCLE,True,Peak/current/mid-cycle/trough EBITDA and trough-survival model,True,94.0,,,,
HBAN,0000049196,HUNTINGTON BANCSHARES INC /MD/,NASDAQ,EQUITY,NMS,Huntington Bancshares Incorporated - Common Stock,COMMON_OR_EQUIVALENT,HIGH,NASDAQ Trader nasdaqlisted,395.058,Financial Services,Banks - Regional,34.428,,,,,,,,,,,,,,False,Pass,2026-07-industry-models-v7,92b0f35b2c927674,2026-08-01T06:05:06.360794+00:00,Only eligible listed class for CIK,BANK,BANK,True,"Tier 1 capital buffer, ROTCE, deposit funding and credit-loss model",True,94.0,,,,
ACGL,0000947484,ARCH CAPITAL GROUP LTD.,NASDAQ,EQUITY,NMS,Arch Capital Group Ltd. - Common Stock,COMMON_OR_EQUIVALENT,HIGH,NASDAQ Trader nasdaqlisted,228.365,Financial Services,Insurance - Diversified,34.281,,,,,,,,,,,,,,False,Pass,2026-07-industry-models-v7,92b0f35b2c927674,2026-08-01T06:05:09.116161+00:00,Only eligible listed class for CIK,INSURANCE,INSURANCE_P_AND_C,True,"Dedicated underwriting, claims, capital and reserve-development model",True,97.0,,,,
RJF,0000720005,RAYMOND JAMES FINANCIAL INC,NYSE,EQUITY,NYQ,"Raymond James Financial, Inc. Common Stock",COMMON_OR_EQUIVALENT,HIGH,NASDAQ Trader otherlisted,246.984,Financial Services,Asset Management,33.806,,,,,,,,,,,,,,False,Pass,2026-07-industry-models-v7,92b0f35b2c927674,2026-08-01T06:05:14.436969+00:00,Only eligible listed class for CIK,FINANCIAL_SPECIALTY,FINANCIAL_FEE,True,"Fee-financial margin, cash conversion, tangible capital and balance-sheet model",True,88.0,,,,
UI,0001511737,Ubiquiti Inc.,NYSE,EQUITY,NYQ,Ubiquiti Inc. Common Stock,COMMON_OR_EQUIVALENT,HIGH,NASDAQ Trader otherlisted,67.498,Technology,Communication Equipment,33.682,0.761,46.02,4.76,0.059,0.0,淨負債/EBITDA,False,False,True,絕對毛利率>=25%,False,,,False,Pass,2026-07-industry-models-v7,92b0f35b2c927674,2026-08-01T06:05:17.132012+00:00,Only eligible listed class for CIK,,,,,,,,,,
RPRX,0001802768,Royalty Pharma plc,NASDAQ,EQUITY,NMS,Royalty Pharma plc - Class A Ordinary Shares,COMMON_OR_EQUIVALENT,HIGH,NASDAQ Trader nasdaqlisted,212.265,Healthcare,Biotechnology,33.646,2.612,,86.33,,,待 SEC 確認,False,False,False,Yahoo 毛利率缺失，交由 SEC 深篩,True,Yahoo gross margin missing; defer to SEC | Yahoo EBITDA missing; defer to SEC,,False,Pass,2026-07-industry-models-v7,92b0f35b2c927674,2026-08-01T06:09:04.743154+00:00,Only eligible listed class for CIK,,,,,,,,,,
ALC,0001167379,ALCON INC,NYSE,EQUITY,NYQ,Alcon Inc. Ordinary Shares,COMMON_OR_EQUIVALENT,HIGH,NASDAQ Trader otherlisted,158.905,Healthcare,Medical Instruments & Supplies,33.622,2.305,56.14,65.76,2.275,1.558,淨負債/EBITDA,False,False,False,絕對毛利率>=25%,False,,,False,Pass,2026-07-industry-models-v7,92b0f35b2c927674,2026-08-01T06:05:19.773670+00:00,Only eligible listed class for CIK,,,,,,,,,,
CCI,0001051470,CROWN CASTLE INC.,NYSE,EQUITY,NYQ,Crown Castle Inc. Common Stock,COMMON_OR_EQUIVALENT,HIGH,NASDAQ Trader otherlisted,324.72,Real Estate,REIT - Specialty,33.343,,,,,,,,,,,,,,False,Pass,2026-07-industry-models-v7,92b0f35b2c927674,2026-08-01T06:05:22.603520+00:00,Only eligible listed class for CIK,REIT,REIT_EQUITY,True,"Nareit FFO/EBITDAre proxy, AFFO coverage, leverage and lease-growth model",True,84.0,Yahoo FFO unavailable; rebuild Nareit FFO proxy from SEC facts,,,
EQT,0000033213,EQT Corp,NYSE,EQUITY,NYQ,EQT Corporation Common Stock,COMMON_OR_EQUIVALENT,HIGH,NASDAQ Trader otherlisted,390.964,Energy,Oil & Gas E&P,33.334,,,,,,,,,,,,,,False,Pass,2026-07-industry-models-v7,92b0f35b2c927674,2026-08-01T06:05:25.318106+00:00,Only eligible listed class for CIK,CYCLICAL_MIDCYCLE,CYCLICAL_MIDCYCLE,True,Peak/current/mid-cycle/trough EBITDA and trough-survival model,True,97.0,,,,
NTRS,0000073124,NORTHERN TRUST CORP,NASDAQ,EQUITY,NMS,Northern Trust Corporation - Common Stock,COMMON_OR_EQUIVALENT,HIGH,NASDAQ Trader nasdaqlisted,195.313,Financial Services,Asset Management,33.333,,,,,,,,,,,,,,False,Pass,2026-07-industry-models-v7,92b0f35b2c927674,2026-08-01T06:11:50.231272+00:00,Only eligible listed class for CIK,FINANCIAL_SPECIALTY,FINANCIAL_FEE,True,"Fee-financial margin, cash conversion, tangible capital and balance-sheet model",True,91.0,,,,
VG,0002007855,"Venture Global, Inc.",NYSE,EQUITY,NYQ,"Venture Global, Inc. Class A common stock",COMMON_OR_EQUIVALENT,HIGH,NASDAQ Trader otherlisted,216.91,Energy,Oil & Gas Midstream,33.241,,,,,,,,,,,,,,False,Pass,2026-07-industry-models-v7,92b0f35b2c927674,2026-08-01T06:05:27.908770+00:00,Only eligible listed class for CIK,CYCLICAL_MIDCYCLE,CYCLICAL_MIDCYCLE,True,Peak/current/mid-cycle/trough EBITDA and trough-survival model,True,97.0,,,,
NTR,0001725964,Nutrien Ltd.,NYSE,EQUITY,NYQ,Nutrien Ltd. Common Shares,COMMON_OR_EQUIVALENT,HIGH,NASDAQ Trader otherlisted,191.85,Basic Materials,Agricultural Inputs,33.155,,,,,,,,,,,,,,False,Pass,2026-07-industry-models-v7,92b0f35b2c927674,2026-08-01T06:05:33.254996+00:00,Only eligible listed class for CIK,CYCLICAL_MIDCYCLE,CYCLICAL_MIDCYCLE,True,Peak/current/mid-cycle/trough EBITDA and trough-survival model,True,97.0,,,,
VEEV,0001393052,VEEVA SYSTEMS INC,NYSE,EQUITY,NYQ,Veeva Systems Inc. Class A Common Stock,COMMON_OR_EQUIVALENT,HIGH,NASDAQ Trader otherlisted,618.97,Healthcare,Health Information Services,33.103,1.665,75.02,90.09,0.1,0.0,淨負債/EBITDA,False,False,True,絕對毛利率>=25%,False,,,False,Pass,2026-07-industry-models-v7,92b0f35b2c927674,2026-08-01T06:05:36.068891+00:00,Only eligible listed class for CIK,,,,,,,,,,
CHT,0001132924,CHUNGHWA TELECOM CO LTD,NYSE,EQUITY,NYQ,"Chunghwa Telecom Co., Ltd.",COMMON_OR_EQUIVALENT,HIGH,NASDAQ Trader otherlisted,6.599,Communication Services,Telecom Services,33.054,75.598,36.67,2.74,0.467,0.0,淨負債/EBITDA,False,False,True,絕對毛利率>=25%,False,,,False,Pass,2026-07-industry-models-v7,92b0f35b2c927674,2026-08-01T06:05:38.870597+00:00,Only eligible listed class for CIK,,,,,,,,,,
JBL,0000898293,JABIL INC,NYSE,EQUITY,NYQ,Jabil Inc. Common Stock,COMMON_OR_EQUIVALENT,HIGH,NASDAQ Trader otherlisted,424.204,Technology,Electronic Components,33.013,1.857,9.23,97.84,1.645,1.078,淨負債/EBITDA,False,False,False,低於同業中位數，交由 SEC 深篩,False,,,False,Pass,2026-07-industry-models-v7,92b0f35b2c927674,2026-08-01T06:05:41.453593+00:00,Only eligible listed class for CIK,,,,,,,,,21.0,True
SHG,0001263043,SHINHAN FINANCIAL GROUP CO LTD,NYSE,EQUITY,NYQ,Shinhan Financial Group Co Ltd American Depositary Shares,COMMON_ADS_INFERRED,MEDIUM,SEC annual cover unavailable; accepted unavailable; symbol-to-title mapping unresolved; inferred common: sole exchange-listed ADS class for this CIK,18.557,Financial Services,Banks - Regional,32.928,,,,,,,,,,,,,,False,Pass,2026-07-industry-models-v7,92b0f35b2c927674,2026-08-01T06:05:44.283103+00:00,Only eligible listed class for CIK,BANK,BANK,True,"Tier 1 capital buffer, ROTCE, deposit funding and credit-loss model",True,91.0,,,,
ONC,0001651308,BeOne Medicines Ltd.,NASDAQ,EQUITY,NMS,BeOne Medicines Ltd. - American Depositary Shares,COMMON_ADS_INFERRED,MEDIUM,SEC annual cover unavailable; accepted unavailable; symbol-to-title mapping unresolved; inferred common: sole exchange-listed ADS class for this CIK,97.355,Healthcare,Biotechnology,32.786,1.285,88.31,33.01,2.488,0.0,淨負債/EBITDA,False,False,True,絕對毛利率>=25%,False,,,False,Pass,2026-07-industry-models-v7,92b0f35b2c927674,2026-08-01T06:05:47.125293+00:00,Only eligible listed class for CIK,,,,,,,,,,
EXR,0001289490,Extra Space Storage Inc.,NYSE,EQUITY,NYQ,Extra Space Storage Inc Common Stock,COMMON_OR_EQUIVALENT,HIGH,NASDAQ Trader otherlisted,174.044,Real Estate,REIT - Industrial,32.672,,,,,,,,,,,,,,False,Pass,2026-07-industry-models-v7,92b0f35b2c927674,2026-08-01T06:06:19.601551+00:00,Only eligible listed class for CIK,REIT,REIT_EQUITY,True,"Nareit FFO/EBITDAre proxy, AFFO coverage, leverage and lease-growth model",True,84.0,Yahoo FFO unavailable; rebuild Nareit FFO proxy from SEC facts,,,
IR,0001699150,Ingersoll Rand Inc.,NYSE,EQUITY,NYQ,Ingersoll Rand Inc. Common Stock,COMMON_OR_EQUIVALENT,HIGH,NASDAQ Trader otherlisted,347.465,Industrials,Specialty Industrial Machinery,32.63,1.349,42.82,,2.303,1.736,淨負債/EBITDA,False,False,False,絕對毛利率>=25%,False,,,False,Pass,2026-07-industry-models-v7,92b0f35b2c927674,2026-08-01T06:05:49.806572+00:00,Only eligible listed class for CIK,,,,,,,,,,
ZTS,0001555280,Zoetis Inc.,NYSE,EQUITY,NYQ,Zoetis Inc. Class A Common Stock,COMMON_OR_EQUIVALENT,HIGH,NASDAQ Trader otherlisted,579.98,Healthcare,Drug Manufacturers - Specialty & Generic,32.402,2.79,71.84,,2.271,1.795,淨負債/EBITDA,False,False,False,絕對毛利率>=25%,False,,,False,Pass,2026-07-industry-models-v7,92b0f35b2c927674,2026-08-01T06:05:52.638500+00:00,Only eligible listed class for CIK,,,,,,,,,,
CASY,0000726958,CASEYS GENERAL STORES INC,NASDAQ,EQUITY,NMS,"Caseys General Stores, Inc. - Common Stock",COMMON_OR_EQUIVALENT,HIGH,NASDAQ Trader nasdaqlisted,453.787,Consumer Cyclical,Specialty Retail,32.231,1.378,24.61,88.27,1.945,1.595,淨負債/EBITDA,False,False,False,低於同業中位數，交由 SEC 深篩,False,,,False,Pass,2026-07-industry-models-v7,92b0f35b2c927674,2026-08-01T06:05:55.434660+00:00,Only eligible listed class for CIK,,,,,,,,,34.39,True
ERIC,0000717826,ERICSSON LM TELEPHONE CO,NASDAQ,EQUITY,NMS,Ericsson - American Depositary Shares each representing 1 underlying Class B share,COMMON_OR_EQUIVALENT,HIGH,NASDAQ Trader nasdaqlisted,118.464,Technology,Communication Equipment,32.213,,48.12,12.15,,,待 SEC 確認,False,False,False,絕對毛利率>=25%,True,Yahoo OCF missing; defer to SEC | Yahoo total debt missing; defer to SEC | Yahoo revenue missing; defer to SEC,,False,Pass,2026-07-industry-models-v7,92b0f35b2c927674,2026-08-01T06:05:58.036626+00:00,Only eligible listed class for CIK,,,,,,,,,,
CQP,0001383650,"Cheniere Energy Partners, L.P.",NYSE,EQUITY,NYQ,"Cheniere Energy Partners, LP Common Units",COMMON_OR_EQUIVALENT,HIGH,NASDAQ Trader otherlisted,7.898,Energy,Oil & Gas Midstream,31.899,,,,,,,,,,,,,,False,Pass,2026-07-industry-models-v7,92b0f35b2c927674,2026-08-01T06:06:03.470362+00:00,Only eligible listed class for CIK,CYCLICAL_MIDCYCLE,CYCLICAL_MIDCYCLE,True,Peak/current/mid-cycle/trough EBITDA and trough-survival model,True,94.0,,,,
BAP,0001001290,CREDICORP LTD,NYSE,EQUITY,NYQ,Credicorp Ltd. Common Stock,COMMON_OR_EQUIVALENT,HIGH,NASDAQ Trader otherlisted,179.35,Financial Services,Banks - Regional,31.825,,,,,,,,,,,,,,False,Pass,2026-07-industry-models-v7,92b0f35b2c927674,2026-08-01T06:06:06.233618+00:00,Only eligible listed class for CIK,BANK,BANK,True,"Tier 1 capital buffer, ROTCE, deposit funding and credit-loss model",True,94.0,,,,
ON,0001097864,ON SEMICONDUCTOR CORP,NASDAQ,EQUITY,NMS,ON Semiconductor Corporation - Common Stock,COMMON_OR_EQUIVALENT,HIGH,NASDAQ Trader nasdaqlisted,1021.906,Technology,Semiconductors,31.761,1.397,42.67,,1.585,0.411,淨負債/EBITDA,False,False,False,絕對毛利率>=25%,False,,,False,Pass,2026-07-industry-models-v7,92b0f35b2c927674,2026-08-01T06:06:08.944913+00:00,Only eligible listed class for CIK,,,,,,,,,,
LVS,0001300514,LAS VEGAS SANDS CORP,NYSE,EQUITY,NYQ,Las Vegas Sands Corp. Common Stock,COMMON_OR_EQUIVALENT,HIGH,NASDAQ Trader otherlisted,234.414,Consumer Cyclical,Resorts & Casinos,31.666,3.732,79.33,43.31,3.295,2.567,淨負債/EBITDA,False,False,False,絕對毛利率>=25%,False,,,False,Pass,2026-07-industry-models-v7,92b0f35b2c927674,2026-08-01T06:06:14.198656+00:00,Only eligible listed class for CIK,,,,,,,,,,
MLM,0000916076,MARTIN MARIETTA MATERIALS INC,NYSE,EQUITY,NYQ,"Martin Marietta Materials, Inc. Common Stock",COMMON_OR_EQUIVALENT,HIGH,NASDAQ Trader otherlisted,314.449,Basic Materials,Building Materials,31.543,,,,,,,,,,,,,,False,Pass,2026-07-industry-models-v7,92b0f35b2c927674,2026-08-01T06:06:17.049501+00:00,Only eligible listed class for CIK,CYCLICAL_MIDCYCLE,CYCLICAL_MIDCYCLE,True,Peak/current/mid-cycle/trough EBITDA and trough-survival model,True,97.0,,,,
DXCM,0001093557,DEXCOM INC,NASDAQ,EQUITY,NMS,"DexCom, Inc. - Common Stock",COMMON_OR_EQUIVALENT,HIGH,NASDAQ Trader nasdaqlisted,483.264,Healthcare,Medical Devices,31.491,,62.47,,0.96,0.0,淨負債/EBITDA,False,False,True,絕對毛利率>=25%,True,Yahoo OCF missing; defer to SEC,,False,Pass,2026-07-industry-models-v7,92b0f35b2c927674,2026-08-01T06:06:00.790413+00:00,Only eligible listed class for CIK,,,,,,,,,,
WTW,0001140536,WILLIS TOWERS WATSON PLC,NASDAQ,EQUITY,NMS,Willis Towers Watson Public Limited Company - Ordinary Shares,COMMON_OR_EQUIVALENT,HIGH,NASDAQ Trader nasdaqlisted,246.068,Financial Services,Insurance Brokers,31.198,,,,,,,,,,,,,,False,Pass,2026-07-industry-models-v7,92b0f35b2c927674,2026-08-01T06:06:11.651972+00:00,Only eligible listed class for CIK,FINANCIAL_SPECIALTY,FINANCIAL_FEE,True,"Fee-based insurance intermediary model using margin, cash conversion and tangible capital",True,97.0,,,,
ILMN,0001110803,"ILLUMINA, INC.",NASDAQ,EQUITY,NMS,"Illumina, Inc. - Common Stock",COMMON_OR_EQUIVALENT,HIGH,NASDAQ Trader nasdaqlisted,395.538,Healthcare,Diagnostics & Research,31.032,1.095,68.51,,2.009,1.049,淨負債/EBITDA,False,False,False,絕對毛利率>=25%,False,,,False,Pass,2026-07-industry-models-v7,92b0f35b2c927674,2026-08-01T06:06:22.239944+00:00,Only eligible listed class for CIK,,,,,,,,,,
GEHC,0001932393,GE HealthCare Technologies Inc.,NASDAQ,EQUITY,NMS,GE HealthCare Technologies Inc. - Common Stock,COMMON_OR_EQUIVALENT,HIGH,NASDAQ Trader nasdaqlisted,377.408,Healthcare,Medical Devices,30.942,2.101,39.53,93.48,2.934,2.355,淨負債/EBITDA,False,False,False,絕對毛利率>=25%,False,,,False,Pass,2026-07-industry-models-v7,92b0f35b2c927674,2026-08-01T06:06:24.808240+00:00,Only eligible listed class for CIK,,,,,,,,,,
TPR,0001116132,"TAPESTRY, INC.",NYSE,EQUITY,NYQ,"Tapestry, Inc. Common Stock",COMMON_OR_EQUIVALENT,HIGH,NASDAQ Trader otherlisted,405.091,Consumer Cyclical,Luxury Goods,30.786,1.903,76.18,98.96,1.991,1.449,淨負債/EBITDA,False,False,False,絕對毛利率>=25%,False,,,False,Pass,2026-07-industry-models-v7,92b0f35b2c927674,2026-08-01T06:06:27.458573+00:00,Only eligible listed class for CIK,,,,,,,,,,
KHC,0001637459,Kraft Heinz Co,NASDAQ,EQUITY,NMS,The Kraft Heinz Company - Common Stock,COMMON_OR_EQUIVALENT,HIGH,NASDAQ Trader nasdaqlisted,367.548,Consumer Defensive,Packaged Foods,30.652,4.748,33.97,65.22,3.668,2.958,淨負債/EBITDA,False,False,False,絕對毛利率>=25%,False,,,False,Pass,2026-07-industry-models-v7,92b0f35b2c927674,2026-08-01T06:06:33.069940+00:00,Only eligible listed class for CIK,,,,,,,,,,
RMD,0000943819,RESMED INC,NYSE,EQUITY,NYQ,ResMed Inc. Common Stock,COMMON_OR_EQUIVALENT,HIGH,NASDAQ Trader otherlisted,322.726,Healthcare,Medical Instruments & Supplies,30.604,1.89,62.18,69.53,0.398,0.0,淨負債/EBITDA,False,False,True,絕對毛利率>=25%,False,,,False,Pass,2026-07-industry-models-v7,92b0f35b2c927674,2026-08-01T06:06:35.857435+00:00,Only eligible listed class for CIK,,,,,,,,,,
RYAAY,0001038683,RYANAIR HOLDINGS PLC,NASDAQ,EQUITY,NMS,"Ryanair Holdings plc - American Depositary Shares, each representing five Ordinary Shares",COMMON_OR_EQUIVALENT,HIGH,NASDAQ Trader nasdaqlisted,90.024,Industrials,Airlines,30.373,,,,,,,,,,,,,,False,Pass,2026-07-industry-models-v7,92b0f35b2c927674,2026-08-01T06:06:39.145062+00:00,Only eligible listed class for CIK,CYCLICAL_MIDCYCLE,CYCLICAL_MIDCYCLE,True,Peak/current/mid-cycle/trough EBITDA and trough-survival model,True,97.0,,,,
TDY,0001094285,TELEDYNE TECHNOLOGIES INC,NYSE,EQUITY,NYQ,Teledyne Technologies Incorporated Common Stock,COMMON_OR_EQUIVALENT,HIGH,NASDAQ Trader otherlisted,234.408,Technology,Scientific & Technical Instruments,30.372,1.271,43.34,,1.273,1.059,淨負債/EBITDA,False,False,False,絕對毛利率>=25%,False,,,False,Pass,2026-07-industry-models-v7,92b0f35b2c927674,2026-08-01T06:06:41.320857+00:00,Only eligible listed class for CIK,,,,,,,,,,
EL,0001001250,ESTEE LAUDER COMPANIES INC,NYSE,EQUITY,NYQ,"Estee Lauder Companies, Inc. (The) Common Stock",COMMON_OR_EQUIVALENT,HIGH,NASDAQ Trader otherlisted,279.571,Consumer Defensive,Household & Personal Products,30.355,1.798,74.65,97.36,3.957,2.627,淨負債/EBITDA,False,False,False,絕對毛利率>=25%,False,,,False,Pass,2026-07-industry-models-v7,92b0f35b2c927674,2026-08-01T06:06:44.114119+00:00,Only eligible listed class for CIK,,,,,,,,,,
AEE,0001002910,AMEREN CORP,NYSE,EQUITY,NYQ,Ameren Corporation Common Stock,COMMON_OR_EQUIVALENT,HIGH,NASDAQ Trader otherlisted,195.155,Utilities,Utilities - Regulated Electric,30.335,,,,,,,,,,,,,,False,Pass,2026-07-industry-models-v7,92b0f35b2c927674,2026-08-01T06:06:46.810778+00:00,Only eligible listed class for CIK,REGULATED_UTILITY,REGULATED_UTILITY,True,"Regulated-asset growth proxy, capex funding, capital structure and coverage model",True,97.0,,,,
CFG,0000759944,CITIZENS FINANCIAL GROUP INC/RI,NYSE,EQUITY,NYQ,"Citizens Financial Group, Inc. Common Stock",COMMON_OR_EQUIVALENT,HIGH,NASDAQ Trader otherlisted,327.293,Financial Services,Banks - Regional,30.285,,,,,,,,,,,,,,False,Pass,2026-07-industry-models-v7,92b0f35b2c927674,2026-08-01T06:06:49.507266+00:00,Only eligible listed class for CIK,BANK,BANK,True,"Tier 1 capital buffer, ROTCE, deposit funding and credit-loss model",True,91.0,,,,
BIIB,0000875045,BIOGEN INC.,NASDAQ,EQUITY,NMS,Biogen Inc. - Common Stock,COMMON_OR_EQUIVALENT,HIGH,NASDAQ Trader nasdaqlisted,251.853,Healthcare,Drug Manufacturers - General,29.987,2.879,78.32,96.35,2.487,2.105,淨負債/EBITDA,False,False,False,絕對毛利率>=25%,False,,,False,Pass,2026-07-industry-models-v7,92b0f35b2c927674,2026-08-01T06:06:52.076363+00:00,Only eligible listed class for CIK,,,,,,,,,,
TWLO,0001447669,TWILIO INC,NYSE,EQUITY,NYQ,Twilio Inc. Class A Common Stock,COMMON_OR_EQUIVALENT,HIGH,NASDAQ Trader otherlisted,485.787,Technology,Software - Infrastructure,29.953,0.965,48.72,94.31,2.429,0.0,淨負債/EBITDA,False,False,True,絕對毛利率>=25%,False,,,False,Pass,2026-07-industry-models-v7,92b0f35b2c927674,2026-08-01T06:06:54.804426+00:00,Only eligible listed class for CIK,,,,,,,,,,
TCOM,0001269238,Trip.com Group Ltd,NASDAQ,EQUITY,NMS,Trip.com Group Limited - American Depositary Shares,COMMON_ADS_INFERRED,MEDIUM,SEC annual cover unavailable; accepted unavailable; symbol-to-title mapping unresolved; inferred common: sole exchange-listed ADS class for this CIK,155.591,Consumer Cyclical,Travel Services,29.602,,80.32,25.06,1.846,0.0,淨負債/EBITDA,False,False,True,絕對毛利率>=25%,True,Yahoo OCF missing; defer to SEC,,False,Pass,2026-07-industry-models-v7,92b0f35b2c927674,2026-08-01T06:06:57.385945+00:00,Only eligible listed class for CIK,,,,,,,,,,
TECK,0000886986,TECK RESOURCES LTD,NYSE,EQUITY,NYQ,Teck Resources Ltd Ordinary Shares,COMMON_OR_EQUIVALENT,HIGH,NASDAQ Trader otherlisted,198.847,Basic Materials,Copper,29.554,,,,,,,,,,,,,,False,Pass,2026-07-industry-models-v7,92b0f35b2c927674,2026-08-01T06:07:00.079016+00:00,Only eligible listed class for CIK,CYCLICAL_MIDCYCLE,CYCLICAL_MIDCYCLE,True,Peak/current/mid-cycle/trough EBITDA and trough-survival model,True,97.0,,,,
DTE,0000936340,DTE ENERGY CO,NYSE,EQUITY,NYQ,DTE Energy Company Common Stock,COMMON_OR_EQUIVALENT,HIGH,NASDAQ Trader otherlisted,213.111,Utilities,Utilities - Regulated Electric,29.521,,,,,,,,,,,,,,False,Pass,2026-07-industry-models-v7,92b0f35b2c927674,2026-08-01T06:07:02.932623+00:00,Only eligible listed class for CIK,REGULATED_UTILITY,REGULATED_UTILITY,True,"Regulated-asset growth proxy, capex funding, capital structure and coverage model",True,97.0,,,,
SUNB,0002083785,"Sunbelt Rentals Holdings, Inc.",NYSE,EQUITY,NYQ,"Sunbelt Rentals Holdings, Inc. Common Stock",COMMON_OR_EQUIVALENT,HIGH,NASDAQ Trader otherlisted,254.734,Industrials,Rental & Leasing Services,29.483,3.784,38.74,80.52,3.78,3.77,淨負債/EBITDA,False,False,False,絕對毛利率>=25%,False,,,False,Pass,2026-07-industry-models-v7,92b0f35b2c927674,2026-08-01T06:07:05.669556+00:00,Only eligible listed class for CIK,,,,,,,,,,
CPNG,0001834584,"Coupang, Inc.",NYSE,EQUITY,NYQ,"Coupang, Inc. Class A Common Stock",COMMON_OR_EQUIVALENT,HIGH,NASDAQ Trader otherlisted,385.706,Consumer Cyclical,Internet Retail,29.349,1.603,28.81,86.86,8.431,0.0,淨負債/EBITDA,False,True,True,絕對毛利率>=25%,False,,,False,Pass,2026-07-industry-models-v7,92b0f35b2c927674,2026-08-01T06:07:08.493551+00:00,Only eligible listed class for CIK,,,,,,,,,,
FTS,0001666175,Fortis Inc.,NYSE,EQUITY,NYQ,Fortis Inc. Common Shares,COMMON_OR_EQUIVALENT,HIGH,NASDAQ Trader otherlisted,42.379,Utilities,Utilities - Regulated Electric,29.021,,,,,,,,,,,,,,False,Pass,2026-07-industry-models-v7,92b0f35b2c927674,2026-08-01T06:07:11.314992+00:00,Only eligible listed class for CIK,REGULATED_UTILITY,REGULATED_UTILITY,True,"Regulated-asset growth proxy, capex funding, capital structure and coverage model",True,97.0,,,,
VICI,0001705696,VICI PROPERTIES INC.,NYSE,EQUITY,NYQ,VICI Properties Inc. Common Stock,COMMON_OR_EQUIVALENT,HIGH,NASDAQ Trader otherlisted,243.386,Real Estate,REIT - Diversified,29.013,,,,,,,,,,,,,,False,Pass,2026-07-industry-models-v7,92b0f35b2c927674,2026-08-01T06:07:14.015855+00:00,Only eligible listed class for CIK,REIT,REIT_EQUITY,True,"Nareit FFO/EBITDAre proxy, AFFO coverage, leverage and lease-growth model",True,87.0,Yahoo FFO unavailable; rebuild Nareit FFO proxy from SEC facts,,,
GFI,0001172724,GOLD FIELDS LTD,NYSE,EQUITY,NYQ,Gold Fields Limited American Depositary Shares,COMMON_ADS_INFERRED,MEDIUM,SEC annual cover unavailable; accepted unavailable; symbol-to-title mapping unresolved; inferred common: sole exchange-listed ADS class for this CIK,115.887,Basic Materials,Gold,28.997,,,,,,,,,,,,,,False,Pass,2026-07-industry-models-v7,92b0f35b2c927674,2026-08-01T06:07:16.666933+00:00,Only eligible listed class for CIK,CYCLICAL_MIDCYCLE,CYCLICAL_MIDCYCLE,True,Peak/current/mid-cycle/trough EBITDA and trough-survival model,True,97.0,,,,
TS,0001190723,TENARIS SA,NYSE,EQUITY,NYQ,Tenaris S.A. American Depositary Shares,COMMON_ADS_INFERRED,MEDIUM,SEC annual cover unavailable; accepted unavailable; symbol-to-title mapping unresolved; inferred common: sole exchange-listed ADS class for this CIK,78.408,Energy,Oil & Gas Equipment & Services,28.941,,,,,,,,,,,,,,False,Pass,2026-07-industry-models-v7,92b0f35b2c927674,2026-08-01T06:07:19.314404+00:00,Only eligible listed class for CIK,CYCLICAL_MIDCYCLE,CYCLICAL_MIDCYCLE,True,Peak/current/mid-cycle/trough EBITDA and trough-survival model,True,97.0,,,,
ATO,0000731802,ATMOS ENERGY CORP,NYSE,EQUITY,NYQ,Atmos Energy Corporation Common Stock,COMMON_OR_EQUIVALENT,HIGH,NASDAQ Trader otherlisted,244.273,Utilities,Utilities - Regulated Gas,28.84,,,,,,,,,,,,,,False,Pass,2026-07-industry-models-v7,92b0f35b2c927674,2026-08-01T06:07:24.888856+00:00,Only eligible listed class for CIK,REGULATED_UTILITY,REGULATED_UTILITY,True,"Regulated-asset growth proxy, capex funding, capital structure and coverage model",True,97.0,,,,
MTD,0001037646,METTLER TOLEDO INTERNATIONAL INC/,NYSE,EQUITY,NYQ,"Mettler-Toledo International, Inc. Common Stock",COMMON_OR_EQUIVALENT,HIGH,NASDAQ Trader otherlisted,301.835,Healthcare,Diagnostics & Research,28.62,0.975,60.26,,1.659,1.619,淨負債/EBITDA,False,False,False,絕對毛利率>=25%,False,,,False,Pass,2026-07-industry-models-v7,92b0f35b2c927674,2026-08-01T06:07:30.347785+00:00,Only eligible listed class for CIK,,,,,,,,,,
PBA,0001546066,PEMBINA PIPELINE CORP,NYSE,EQUITY,NYQ,Pembina Pipeline Corp. Ordinary Shares (Canada),COMMON_OR_EQUIVALENT,HIGH,NASDAQ Trader otherlisted,58.029,Energy,Oil & Gas Midstream,28.45,,,,,,,,,,,,,,False,Pass,2026-07-industry-models-v7,92b0f35b2c927674,2026-08-01T06:07:35.703609+00:00,Only eligible listed class for CIK,CYCLICAL_MIDCYCLE,CYCLICAL_MIDCYCLE,True,Peak/current/mid-cycle/trough EBITDA and trough-survival model,True,97.0,,,,
NMR,0001163653,NOMURA HOLDINGS INC,NYSE,EQUITY,NYQ,Nomura Holdings Inc ADR American Depositary Shares,COMMON_ADS_INFERRED,MEDIUM,SEC annual cover unavailable; accepted unavailable; symbol-to-title mapping unresolved; inferred common: sole exchange-listed ADS class for this CIK,12.725,Financial Services,Capital Markets,28.294,,,,,,,,,,,,,,False,Pass,2026-07-industry-models-v7,92b0f35b2c927674,2026-08-01T06:07:41.077199+00:00,Only eligible listed class for CIK,FINANCIAL_SPECIALTY,FINANCIAL_FEE,True,"Fee-financial margin, cash conversion, tangible capital and balance-sheet model",True,91.0,,,,
LPLA,0001397911,LPL Financial Holdings Inc.,NASDAQ,EQUITY,NMS,LPL Financial Holdings Inc. - Common Stock,COMMON_OR_EQUIVALENT,HIGH,NASDAQ Trader nasdaqlisted,352.377,Financial Services,Capital Markets,28.29,,,,,,,,,,,,,,False,Pass,2026-07-industry-models-v7,92b0f35b2c927674,2026-08-01T06:07:43.591068+00:00,Only eligible listed class for CIK,FINANCIAL_SPECIALTY,FINANCIAL_FEE,True,"Fee-financial margin, cash conversion, tangible capital and balance-sheet model",True,91.0,,,,
EIX,0000827052,EDISON INTERNATIONAL,NYSE,EQUITY,NYQ,Edison International Common Stock,COMMON_OR_EQUIVALENT,HIGH,NASDAQ Trader otherlisted,187.256,Utilities,Utilities - Regulated Electric,28.234,,,,,,,,,,,,,,False,Pass,2026-07-industry-models-v7,92b0f35b2c927674,2026-08-01T06:07:46.426409+00:00,Only eligible listed class for CIK,REGULATED_UTILITY,REGULATED_UTILITY,True,"Regulated-asset growth proxy, capex funding, capital structure and coverage model",True,97.0,,,,
ZM,0001585521,"Zoom Communications, Inc.",NASDAQ,EQUITY,NMS,"Zoom Communications, Inc. - Class A Common Stock",COMMON_OR_EQUIVALENT,HIGH,NASDAQ Trader nasdaqlisted,414.583,Technology,Software - Application,28.171,2.021,77.77,78.34,0.045,0.0,淨負債/EBITDA,False,False,True,絕對毛利率>=25%,False,,,False,Pass,2026-07-industry-models-v7,92b0f35b2c927674,2026-08-01T06:07:49.001375+00:00,Only eligible listed class for CIK,,,,,,,,,,
FTI,0001681459,TechnipFMC plc,NYSE,EQUITY,NYQ,TechnipFMC plc Ordinary Share,COMMON_OR_EQUIVALENT,HIGH,NASDAQ Trader otherlisted,343.518,Energy,Oil & Gas Equipment & Services,28.103,,,,,,,,,,,,,,False,Pass,2026-07-industry-models-v7,92b0f35b2c927674,2026-08-01T06:07:33.129262+00:00,Only eligible listed class for CIK,CYCLICAL_MIDCYCLE,CYCLICAL_MIDCYCLE,True,Peak/current/mid-cycle/trough EBITDA and trough-survival model,True,97.0,,,,
CPRT,0000900075,COPART INC,NASDAQ,EQUITY,NMS,"Copart, Inc. - Common Stock",COMMON_OR_EQUIVALENT,HIGH,NASDAQ Trader nasdaqlisted,342.25,Industrials,Specialty Business Services,28.052,1.685,47.52,87.33,0.047,0.0,淨負債/EBITDA,False,False,True,絕對毛利率>=25%,False,,,False,Pass,2026-07-industry-models-v7,92b0f35b2c927674,2026-08-01T06:07:51.733613+00:00,Only eligible listed class for CIK,,,,,,,,,,
DG,0000029534,DOLLAR GENERAL CORP,NYSE,EQUITY,NYQ,Dollar General Corporation Common Stock,COMMON_OR_EQUIVALENT,HIGH,NASDAQ Trader otherlisted,425.977,Consumer Defensive,Discount Stores,28.026,3.504,30.83,,4.664,4.264,淨負債/EBITDA,True,True,False,絕對毛利率>=25%,False,,,False,Pass,2026-07-industry-models-v7,92b0f35b2c927674,2026-08-01T06:07:54.362153+00:00,Only eligible listed class for CIK,,,,,,,,,,
FE,0001031296,FIRSTENERGY CORP,NYSE,EQUITY,NYQ,FirstEnergy Corp. Common Stock,COMMON_OR_EQUIVALENT,HIGH,NASDAQ Trader otherlisted,236.516,Utilities,Utilities - Regulated Electric,27.944,,,,,,,,,,,,,,False,Pass,2026-07-industry-models-v7,92b0f35b2c927674,2026-08-01T06:07:57.026415+00:00,Only eligible listed class for CIK,REGULATED_UTILITY,REGULATED_UTILITY,True,"Regulated-asset growth proxy, capex funding, capital structure and coverage model",True,97.0,,,,
TPL,0001811074,Texas Pacific Land Corp,NYSE,EQUITY,NYQ,Texas Pacific Land Corporation Common Stock,COMMON_OR_EQUIVALENT,HIGH,NASDAQ Trader otherlisted,159.716,Energy,Oil & Gas E&P,27.768,,,,,,,,,,,,,,False,Pass,2026-07-industry-models-v7,92b0f35b2c927674,2026-08-01T06:07:59.667552+00:00,Only eligible listed class for CIK,CYCLICAL_MIDCYCLE,CYCLICAL_MIDCYCLE,True,Peak/current/mid-cycle/trough EBITDA and trough-survival model,True,97.0,,,,
CNP,0001130310,CENTERPOINT ENERGY INC,NYSE,EQUITY,NYQ,"CenterPoint Energy, Inc (Holding Co) Common Stock",COMMON_OR_EQUIVALENT,HIGH,NASDAQ Trader otherlisted,257.893,Utilities,Utilities - Regulated Electric,27.693,,,,,,,,,,,,,,False,Pass,2026-07-industry-models-v7,92b0f35b2c927674,2026-08-01T06:08:02.305851+00:00,Only eligible listed class for CIK,REGULATED_UTILITY,REGULATED_UTILITY,True,"Regulated-asset growth proxy, capex funding, capital structure and coverage model",True,97.0,,,,
DOV,0000029905,DOVER Corp,NYSE,EQUITY,NYQ,Dover Corporation Common Stock,COMMON_OR_EQUIVALENT,HIGH,NASDAQ Trader otherlisted,215.801,Industrials,Specialty Industrial Machinery,27.558,1.39,40.09,94.91,1.708,0.788,淨負債/EBITDA,False,False,False,絕對毛利率>=25%,False,,,False,Pass,2026-07-industry-models-v7,92b0f35b2c927674,2026-08-01T06:08:04.981595+00:00,Only eligible listed class for CIK,,,,,,,,,,
ALNY,0001178670,"ALNYLAM PHARMACEUTICALS, INC.",NASDAQ,EQUITY,NMS,"Alnylam Pharmaceuticals, Inc. - Common Stock",COMMON_OR_EQUIVALENT,HIGH,NASDAQ Trader nasdaqlisted,300.776,Healthcare,Biotechnology,27.5,0.888,79.73,,2.833,0.0,淨負債/EBITDA,False,False,True,絕對毛利率>=25%,False,,,False,Pass,2026-07-industry-models-v7,92b0f35b2c927674,2026-08-01T06:08:07.578478+00:00,Only eligible listed class for CIK,,,,,,,,,,
Q,0002058873,"Qnity Electronics, Inc.",NYSE,EQUITY,NYQ,"Qnity Electronics, Inc. Common Stock",COMMON_OR_EQUIVALENT,HIGH,NASDAQ Trader otherlisted,265.805,Technology,Semiconductor Equipment & Materials,27.461,1.201,46.09,76.72,3.128,2.537,淨負債/EBITDA,False,False,False,絕對毛利率>=25%,False,,,False,Pass,2026-07-industry-models-v7,92b0f35b2c927674,2026-08-01T06:08:10.266001+00:00,Only eligible listed class for CIK,,,,,,,,,,
GFS,0001709048,GLOBALFOUNDRIES Inc.,NASDAQ,EQUITY,NMS,GlobalFoundries Inc. - Ordinary Share,COMMON_OR_EQUIVALENT,HIGH,NASDAQ Trader nasdaqlisted,234.901,Technology,Semiconductors,27.43,1.942,26.11,,0.848,0.0,淨負債/EBITDA,False,False,True,絕對毛利率>=25%,False,,,False,Pass,2026-07-industry-models-v7,92b0f35b2c927674,2026-08-01T06:08:12.852257+00:00,Only eligible listed class for CIK,,,,,,,,,,
KGC,0000701818,KINROSS GOLD CORP,NYSE,EQUITY,NYQ,Kinross Gold Corporation Common Stock,COMMON_OR_EQUIVALENT,HIGH,NASDAQ Trader otherlisted,188.036,Basic Materials,Gold,27.402,,,,,,,,,,,,,,False,Pass,2026-07-industry-models-v7,92b0f35b2c927674,2026-08-01T06:08:15.663516+00:00,Only eligible listed class for CIK,CYCLICAL_MIDCYCLE,CYCLICAL_MIDCYCLE,True,Peak/current/mid-cycle/trough EBITDA and trough-survival model,True,97.0,,,,
OTIS,0001781335,Otis Worldwide Corp,NYSE,EQUITY,NYQ,Otis Worldwide Corporation Common Stock,COMMON_OR_EQUIVALENT,HIGH,NASDAQ Trader otherlisted,279.664,Industrials,Specialty Industrial Machinery,27.389,1.871,30.31,94.97,3.351,3.043,淨負債/EBITDA,False,False,False,絕對毛利率>=25%,False,,,False,Pass,2026-07-industry-models-v7,92b0f35b2c927674,2026-08-01T06:08:18.412170+00:00,Only eligible listed class for CIK,,,,,,,,,,
XYL,0001524472,Xylem Inc.,NYSE,EQUITY,NYQ,Xylem Inc. Common Stock New,COMMON_OR_EQUIVALENT,HIGH,NASDAQ Trader otherlisted,234.887,Industrials,Specialty Industrial Machinery,27.311,1.301,39.24,99.16,1.544,0.899,淨負債/EBITDA,False,False,False,絕對毛利率>=25%,False,,,False,Pass,2026-07-industry-models-v7,92b0f35b2c927674,2026-08-01T06:08:21.219749+00:00,Only eligible listed class for CIK,,,,,,,,,,
CINF,0000020286,CINCINNATI FINANCIAL CORP,NASDAQ,EQUITY,NMS,Cincinnati Financial Corporation - Common Stock,COMMON_OR_EQUIVALENT,HIGH,NASDAQ Trader nasdaqlisted,146.686,Financial Services,Insurance - Property & Casualty,27.27,,,,,,,,,,,,,,False,Pass,2026-07-industry-models-v7,92b0f35b2c927674,2026-08-01T06:08:24.034209+00:00,Only eligible listed class for CIK,INSURANCE,INSURANCE_P_AND_C,True,"Dedicated underwriting, claims, capital and reserve-development model",True,97.0,,,,
RDDT,0001713445,"Reddit, Inc.",NYSE,EQUITY,NYQ,"Reddit, Inc. Class A Common Stock",COMMON_OR_EQUIVALENT,HIGH,NASDAQ Trader otherlisted,758.693,Communication Services,Internet Content & Information,27.08,1.026,91.44,89.14,0.026,0.0,淨負債/EBITDA,False,False,True,絕對毛利率>=25%,False,,,False,Pass,2026-07-industry-models-v7,92b0f35b2c927674,2026-08-01T06:08:29.478264+00:00,Only eligible listed class for CIK,,,,,,,,,,
AMRZ,0002035989,Amrize Ltd,NYSE,EQUITY,NYQ,Amrize Ltd Ordinary Shares,COMMON_OR_EQUIVALENT,HIGH,NASDAQ Trader otherlisted,146.668,Basic Materials,Building Materials,27.073,,,,,,,,,,,,,,False,Pass,2026-07-industry-models-v7,92b0f35b2c927674,2026-08-01T06:08:32.247501+00:00,Only eligible listed class for CIK,CYCLICAL_MIDCYCLE,CYCLICAL_MIDCYCLE,True,Peak/current/mid-cycle/trough EBITDA and trough-survival model,True,97.0,,,,
HAL,0000045012,HALLIBURTON CO,NYSE,EQUITY,NYQ,Halliburton Company Common Stock,COMMON_OR_EQUIVALENT,HIGH,NASDAQ Trader otherlisted,380.788,Energy,Oil & Gas Equipment & Services,26.942,,,,,,,,,,,,,,False,Pass,2026-07-industry-models-v7,92b0f35b2c927674,2026-08-01T06:08:35.101985+00:00,Only eligible listed class for CIK,CYCLICAL_MIDCYCLE,CYCLICAL_MIDCYCLE,True,Peak/current/mid-cycle/trough EBITDA and trough-survival model,True,97.0,,,,
WSM,0000719955,WILLIAMS SONOMA INC,NYSE,EQUITY,NYQ,"Williams-Sonoma, Inc. Common Stock (DE)",COMMON_OR_EQUIVALENT,HIGH,NASDAQ Trader otherlisted,264.973,Consumer Cyclical,Specialty Retail,26.924,1.352,46.06,99.11,0.905,0.51,淨負債/EBITDA,False,False,False,絕對毛利率>=25%,False,,,False,Pass,2026-07-industry-models-v7,92b0f35b2c927674,2026-08-01T06:08:37.865014+00:00,Only eligible listed class for CIK,,,,,,,,,,
ES,0000072741,EVERSOURCE ENERGY,NYSE,EQUITY,NYQ,Eversource Energy (D/B/A) Common Stock,COMMON_OR_EQUIVALENT,HIGH,NASDAQ Trader otherlisted,187.906,Utilities,Utilities - Regulated Electric,26.924,,,,,,,,,,,,,,False,Pass,2026-07-industry-models-v7,92b0f35b2c927674,2026-08-01T06:08:40.630011+00:00,Only eligible listed class for CIK,REGULATED_UTILITY,REGULATED_UTILITY,True,"Regulated-asset growth proxy, capex funding, capital structure and coverage model",True,97.0,,,,
WRB,0000011544,BERKLEY W R CORP,NYSE,EQUITY,NYQ,W.R. Berkley Corporation Common Stock,COMMON_OR_EQUIVALENT,HIGH,NASDAQ Trader otherlisted,152.461,Financial Services,Insurance - Property & Casualty,26.917,,,,,,,,,,,,,,False,Pass,2026-07-industry-models-v7,92b0f35b2c927674,2026-08-01T06:08:43.475424+00:00,Only eligible listed class for CIK,INSURANCE,INSURANCE_P_AND_C,True,"Dedicated underwriting, claims, capital and reserve-development model",True,91.0,,,,
CW,0000026324,CURTISS WRIGHT CORP,NYSE,EQUITY,NYQ,Curtiss-Wright Corporation Common Stock,COMMON_OR_EQUIVALENT,HIGH,NASDAQ Trader otherlisted,199.985,Industrials,Aerospace & Defense,26.745,0.677,37.17,89.35,1.394,0.977,淨負債/EBITDA,False,False,False,絕對毛利率>=25%,False,,,False,Pass,2026-07-industry-models-v7,92b0f35b2c927674,2026-08-01T06:08:46.010520+00:00,Only eligible listed class for CIK,,,,,,,,,,
AWK,0001410636,"American Water Works Company, Inc.",NYSE,EQUITY,NYQ,"American Water Works Company, Inc. Common Stock",COMMON_OR_EQUIVALENT,HIGH,NASDAQ Trader otherlisted,295.721,Utilities,Utilities - Regulated Water,26.663,,,,,,,,,,,,,,False,Pass,2026-07-industry-models-v7,92b0f35b2c927674,2026-08-01T06:08:48.843967+00:00,Only eligible listed class for CIK,REGULATED_UTILITY,REGULATED_UTILITY,True,"Regulated-asset growth proxy, capex funding, capital structure and coverage model",True,97.0,,,,
AVB,0000915912,AVALONBAY COMMUNITIES INC,NYSE,EQUITY,NYQ,"AvalonBay Communities, Inc. Common Stock",COMMON_OR_EQUIVALENT,HIGH,NASDAQ Trader otherlisted,194.925,Real Estate,REIT - Residential,26.505,,,,,,,,,,,,,,False,Pass,2026-07-industry-models-v7,92b0f35b2c927674,2026-08-01T06:08:51.512269+00:00,Only eligible listed class for CIK,REIT,REIT_EQUITY,True,"Nareit FFO/EBITDAre proxy, AFFO coverage, leverage and lease-growth model",True,84.0,Yahoo FFO unavailable; rebuild Nareit FFO proxy from SEC facts,,,
PPL,0000922224,PPL Corp,NYSE,EQUITY,NYQ,PPL Corporation Common Stock,COMMON_OR_EQUIVALENT,HIGH,NASDAQ Trader otherlisted,321.613,Utilities,Utilities - Regulated Electric,26.49,,,,,,,,,,,,,,False,Pass,2026-07-industry-models-v7,92b0f35b2c927674,2026-08-01T06:08:54.249497+00:00,Only eligible listed class for CIK,REGULATED_UTILITY,REGULATED_UTILITY,True,"Regulated-asset growth proxy, capex funding, capital structure and coverage model",True,97.0,,,,
RF,0001281761,REGIONS FINANCIAL CORP,NYSE,EQUITY,NYQ,Regions Financial Corporation Common Stock,COMMON_OR_EQUIVALENT,HIGH,NASDAQ Trader otherlisted,334.008,Financial Services,Banks - Regional,26.412,,,,,,,,,,,,,,False,Pass,2026-07-industry-models-v7,92b0f35b2c927674,2026-08-01T06:08:56.894754+00:00,Only eligible listed class for CIK,BANK,BANK,True,"Tier 1 capital buffer, ROTCE, deposit funding and credit-loss model",True,91.0,,,,
VRSN,0001014473,VERISIGN INC/CA,NASDAQ,EQUITY,NMS,"VeriSign, Inc. - Common Stock",COMMON_OR_EQUIVALENT,HIGH,NASDAQ Trader nasdaqlisted,243.765,Technology,Software - Infrastructure,26.218,1.101,88.47,89.6,1.973,1.101,淨負債/EBITDA,False,False,False,絕對毛利率>=25%,False,,,False,Pass,2026-07-industry-models-v7,92b0f35b2c927674,2026-08-01T06:08:59.489191+00:00,Only eligible listed class for CIK,,,,,,,,,,
CTSH,0001058290,COGNIZANT TECHNOLOGY SOLUTIONS CORP,NASDAQ,EQUITY,NMS,Cognizant Technology Solutions Corporation - Class A Common Stock,COMMON_OR_EQUIVALENT,HIGH,NASDAQ Trader nasdaqlisted,597.704,Technology,Information Technology Services,26.181,2.917,33.44,,0.519,0.258,淨負債/EBITDA,False,False,False,絕對毛利率>=25%,False,,,False,Pass,2026-07-industry-models-v7,92b0f35b2c927674,2026-08-01T06:09:02.071341+00:00,Only eligible listed class for CIK,,,,,,,,,,
SYM,0001837240,Symbotic Inc.,NASDAQ,EQUITY,NGM,Symbotic Inc. - Class A Common Stock,COMMON_OR_EQUIVALENT,HIGH,NASDAQ Trader nasdaqlisted,91.669,Industrials,Specialty Industrial Machinery,25.986,0.845,20.41,74.38,1.233,0.0,淨負債/EBITDA,False,False,True,低於同業中位數，交由 SEC 深篩,False,,,False,Pass,2026-07-industry-models-v7,92b0f35b2c927674,2026-08-01T06:45:33.367249+00:00,Only eligible listed class for CIK,,,,,,,,,39.24,True
CRS,0000017843,CARPENTER TECHNOLOGY CORP,NYSE,EQUITY,NYQ,Carpenter Technology Corporation Common Stock,COMMON_OR_EQUIVALENT,HIGH,NASDAQ Trader otherlisted,386.422,Industrials,Metal Fabrication,25.82,0.605,30.58,96.11,0.813,0.35,淨負債/EBITDA,False,False,False,絕對毛利率>=25%,False,,,False,Pass,2026-07-industry-models-v7,92b0f35b2c927674,2026-08-01T06:09:07.345932+00:00,Only eligible listed class for CIK,,,,,,,,,,
UTHR,0001082554,UNITED THERAPEUTICS Corp,NASDAQ,EQUITY,NMS,United Therapeutics Corporation - Common Stock,COMMON_OR_EQUIVALENT,HIGH,NASDAQ Trader nasdaqlisted,251.036,Healthcare,Drug Manufacturers - Specialty & Generic,25.783,1.563,86.58,,0.0,0.0,淨負債/EBITDA,False,False,True,絕對毛利率>=25%,False,,,False,Pass,2026-07-industry-models-v7,92b0f35b2c927674,2026-08-01T06:09:10.075280+00:00,Only eligible listed class for CIK,,,,,,,,,,
DGX,0001022079,QUEST DIAGNOSTICS INC,NYSE,EQUITY,NYQ,Quest Diagnostics Incorporated Common Stock,COMMON_OR_EQUIVALENT,HIGH,NASDAQ Trader otherlisted,216.401,Healthcare,Diagnostics & Research,25.718,1.903,33.19,98.51,2.826,2.55,淨負債/EBITDA,False,False,False,絕對毛利率>=25%,False,,,False,Pass,2026-07-industry-models-v7,92b0f35b2c927674,2026-08-01T06:09:12.664343+00:00,Only eligible listed class for CIK,,,,,,,,,,
PHG,0000313216,KONINKLIJKE PHILIPS NV,NYSE,EQUITY,NYQ,Koninklijke Philips N.V. NY Registry Shares,COMMON_OR_EQUIVALENT,HIGH,NASDAQ Trader otherlisted,33.011,Healthcare,Medical Devices,25.706,2.282,45.94,5.43,3.09,2.349,淨負債/EBITDA,False,False,False,絕對毛利率>=25%,False,,,False,Pass,2026-07-industry-models-v7,92b0f35b2c927674,2026-08-01T06:09:15.424651+00:00,Only eligible listed class for CIK,,,,,,,,,,
EQR,0000906107,EQUITY RESIDENTIAL,NYSE,EQUITY,NYQ,Equity Residential Common Shares of Beneficial Interest,COMMON_OR_EQUIVALENT,HIGH,NASDAQ Trader otherlisted,203.832,Real Estate,REIT - Residential,25.675,,,,,,,,,,,,,,False,Pass,2026-07-industry-models-v7,92b0f35b2c927674,2026-08-01T06:09:50.405993+00:00,Only eligible listed class for CIK,REIT,REIT_EQUITY,True,"Nareit FFO/EBITDAre proxy, AFFO coverage, leverage and lease-growth model",True,84.0,Yahoo FFO unavailable; rebuild Nareit FFO proxy from SEC facts,,,
P,0001474432,"Everpure, Inc.",NYSE,EQUITY,NYQ,"Everpure, Inc. Class A common stock",COMMON_OR_EQUIVALENT,HIGH,NASDAQ Trader otherlisted,254.93,Technology,Computer Hardware,25.652,0.776,70.23,85.69,2.846,0.0,淨負債/EBITDA,False,False,True,絕對毛利率>=25%,False,,,False,Pass,2026-07-industry-models-v7,92b0f35b2c927674,2026-08-01T06:09:20.953133+00:00,Only eligible listed class for CIK,,,,,,,,,,
TEAM,0001650372,Atlassian Corp,NASDAQ,EQUITY,NMS,Atlassian Corporation  - Class A Common Stock,COMMON_OR_EQUIVALENT,HIGH,NASDAQ Trader nasdaqlisted,582.149,Technology,Software - Application,25.634,1.249,84.81,,7.098,0.609,淨負債/EBITDA,False,True,False,絕對毛利率>=25%,False,,,False,Pass,2026-07-industry-models-v7,92b0f35b2c927674,2026-08-01T06:09:23.713989+00:00,Only eligible listed class for CIK,,,,,,,,,,
ATI,0001018963,ATI INC,NYSE,EQUITY,NYQ,ATI Inc. Common Stock,COMMON_OR_EQUIVALENT,HIGH,NASDAQ Trader otherlisted,321.841,Industrials,Metal Fabrication,25.58,0.835,23.2,96.91,2.152,1.679,淨負債/EBITDA,False,False,False,低於同業中位數，交由 SEC 深篩,False,,,False,Pass,2026-07-industry-models-v7,92b0f35b2c927674,2026-08-01T06:09:26.246874+00:00,Only eligible listed class for CIK,,,,,,,,,28.78,True
VRSK,0001442145,"Verisk Analytics, Inc.",NASDAQ,EQUITY,NMS,"Verisk Analytics, Inc. - Common Stock",COMMON_OR_EQUIVALENT,HIGH,NASDAQ Trader nasdaqlisted,455.771,Industrials,Consulting Services,25.53,1.503,70.18,,3.046,2.682,淨負債/EBITDA,False,False,False,絕對毛利率>=25%,False,,,False,Pass,2026-07-industry-models-v7,92b0f35b2c927674,2026-08-01T06:09:29.045654+00:00,Only eligible listed class for CIK,,,,,,,,,,
JBHT,0000728535,HUNT J B TRANSPORT SERVICES INC,NASDAQ,EQUITY,NMS,"J.B. Hunt Transport Services, Inc. - Common Stock",COMMON_OR_EQUIVALENT,HIGH,NASDAQ Trader nasdaqlisted,280.628,Industrials,Integrated Freight & Logistics,25.517,1.595,18.5,79.2,0.838,0.836,淨負債/EBITDA,False,False,False,低於同業中位數，交由 SEC 深篩,False,,,False,Pass,2026-07-industry-models-v7,92b0f35b2c927674,2026-08-01T06:09:31.676884+00:00,Only eligible listed class for CIK,,,,,,,,,19.03,True
LH,0000920148,LABCORP HOLDINGS INC.,NYSE,EQUITY,NYQ,Labcorp Holdings Inc. Common Stock,COMMON_OR_EQUIVALENT,HIGH,NASDAQ Trader otherlisted,215.406,Healthcare,Diagnostics & Research,25.014,1.638,28.88,,2.917,2.856,淨負債/EBITDA,False,False,False,絕對毛利率>=25%,False,,,False,Pass,2026-07-industry-models-v7,92b0f35b2c927674,2026-08-01T06:09:37.095538+00:00,Only eligible listed class for CIK,,,,,,,,,,
CPAY,0001175454,"CORPAY, INC.",NYSE,EQUITY,NYQ,"Corpay, Inc. Common Stock",COMMON_OR_EQUIVALENT,HIGH,NASDAQ Trader otherlisted,237.812,Technology,Software - Infrastructure,24.975,1.517,79.71,,4.11,3.109,淨負債/EBITDA,False,True,False,絕對毛利率>=25%,False,,,False,Pass,2026-07-industry-models-v7,92b0f35b2c927674,2026-08-01T06:09:39.830618+00:00,Only eligible listed class for CIK,,,,,,,,,,
HUBB,0000048898,HUBBELL INC,NYSE,EQUITY,NYQ,Hubbell Inc Common Stock,COMMON_OR_EQUIVALENT,HIGH,NASDAQ Trader otherlisted,311.868,Industrials,Electrical Equipment & Parts,24.97,1.068,35.34,,3.667,3.406,淨負債/EBITDA,False,False,False,絕對毛利率>=25%,False,,,False,Pass,2026-07-industry-models-v7,92b0f35b2c927674,2026-08-01T06:09:42.609377+00:00,Only eligible listed class for CIK,,,,,,,,,,
HPQ,0000047217,HP INC,NYSE,EQUITY,NYQ,HP Inc. Common Stock,COMMON_OR_EQUIVALENT,HIGH,NASDAQ Trader otherlisted,511.792,Technology,Computer Hardware,24.939,4.594,20.32,95.62,2.306,1.52,淨負債/EBITDA,False,False,False,低於同業中位數，交由 SEC 深篩,False,,,False,Pass,2026-07-industry-models-v7,92b0f35b2c927674,2026-08-01T06:09:45.334619+00:00,Only eligible listed class for CIK,,,,,,,,,45.5,True
FCNCA,0000798941,FIRST CITIZENS BANCSHARES INC /DE/,NASDAQ,EQUITY,NMS,"First Citizens BancShares, Inc. - Class A Common Stock",COMMON_OR_EQUIVALENT,HIGH,NASDAQ Trader nasdaqlisted,171.86,Financial Services,Banks - Regional,24.907,,,,,,,,,,,,,,False,Pass,2026-07-industry-models-v7,92b0f35b2c927674,2026-08-01T06:09:47.854695+00:00,Only eligible listed class for CIK,BANK,BANK,True,"Tier 1 capital buffer, ROTCE, deposit funding and credit-loss model",True,91.0,,,,
OKTA,0001660134,"Okta, Inc.",NASDAQ,EQUITY,NMS,"Okta, Inc. - Class A Common Stock",COMMON_OR_EQUIVALENT,HIGH,NASDAQ Trader nasdaqlisted,522.232,Technology,Software - Infrastructure,24.887,0.92,77.44,98.87,1.539,0.0,淨負債/EBITDA,False,False,True,絕對毛利率>=25%,False,,,False,Pass,2026-07-industry-models-v7,92b0f35b2c927674,2026-08-01T06:09:53.225628+00:00,Only eligible listed class for CIK,,,,,,,,,,
NVT,0001720635,nVent Electric plc,NYSE,EQUITY,NYQ,nVent Electric plc Ordinary Shares,COMMON_OR_EQUIVALENT,HIGH,NASDAQ Trader otherlisted,339.648,Industrials,Electrical Equipment & Parts,24.877,0.49,37.01,96.27,1.837,1.631,淨負債/EBITDA,False,False,False,絕對毛利率>=25%,False,,,False,Pass,2026-07-industry-models-v7,92b0f35b2c927674,2026-08-01T06:09:55.938917+00:00,Only eligible listed class for CIK,,,,,,,,,,
TSEM,0000928876,TOWER SEMICONDUCTOR LTD,NASDAQ,EQUITY,NMS,Tower Semiconductor Ltd. - Ordinary Shares,COMMON_OR_EQUIVALENT,HIGH,NASDAQ Trader nasdaqlisted,441.996,Technology,Semiconductors,24.83,0.812,24.77,76.03,0.29,0.0,淨負債/EBITDA,False,False,True,低於同業中位數，交由 SEC 深篩,False,,,False,Pass,2026-07-industry-models-v7,92b0f35b2c927674,2026-08-01T06:09:58.681054+00:00,Only eligible listed class for CIK,,,,,,,,,55.2,True
SYF,0001601712,Synchrony Financial,NYSE,EQUITY,NYQ,Synchrony Financial Common Stock,COMMON_OR_EQUIVALENT,HIGH,NASDAQ Trader otherlisted,292.862,Financial Services,Credit Services,24.66,,,,,,,,,,,,,,False,Pass,2026-07-industry-models-v7,92b0f35b2c927674,2026-08-01T06:10:01.420792+00:00,Only eligible listed class for CIK,FINANCIAL_SPECIALTY,FINANCIAL_FEE,True,"Fee-financial margin, cash conversion, tangible capital and balance-sheet model",True,94.0,,,,
FWONK,0001560385,Liberty Media Corp,NASDAQ,EQUITY,NMS,Liberty Media Corporation - Series C Liberty Formula One Common Stock,COMMON_OR_EQUIVALENT,HIGH,NASDAQ Trader nasdaqlisted,197.597,Communication Services,Entertainment,24.592,0.793,32.58,,6.026,4.519,淨負債/EBITDA,True,True,False,絕對毛利率>=25%,False,,,False,Pass,2026-07-industry-models-v7,92b0f35b2c927674,2026-08-01T06:10:04.190848+00:00,Only eligible listed class for CIK,,,,,,,,,,
PPG,0000079879,PPG INDUSTRIES INC,NYSE,EQUITY,NYQ,"PPG Industries, Inc. Common Stock",COMMON_OR_EQUIVALENT,HIGH,NASDAQ Trader otherlisted,218.432,Basic Materials,Specialty Chemicals,24.569,,,,,,,,,,,,,,False,Pass,2026-07-industry-models-v7,92b0f35b2c927674,2026-08-01T06:10:06.828679+00:00,Only eligible listed class for CIK,CYCLICAL_MIDCYCLE,CYCLICAL_MIDCYCLE,True,Peak/current/mid-cycle/trough EBITDA and trough-survival model,True,97.0,,,,
FOXA,0001754301,Fox Corp,NASDAQ,EQUITY,NMS,Fox Corporation - Class A Common Stock,COMMON_OR_EQUIVALENT,HIGH,NASDAQ Trader nasdaqlisted,339.564,Communication Services,Entertainment,24.451,2.616,36.84,,2.134,1.119,淨負債/EBITDA,False,False,False,絕對毛利率>=25%,False,,,False,Pass,2026-07-industry-models-v7,92b0f35b2c927674,2026-08-01T06:10:12.078121+00:00,Only eligible listed class for CIK,,,,,,,,,,
DLTR,0000935703,"DOLLAR TREE, INC.",NASDAQ,EQUITY,NMS,"Dollar Tree, Inc. - Common Stock",COMMON_OR_EQUIVALENT,HIGH,NASDAQ Trader nasdaqlisted,465.072,Consumer Defensive,Discount Stores,24.447,2.615,36.99,,3.157,2.738,淨負債/EBITDA,False,False,False,絕對毛利率>=25%,False,,,False,Pass,2026-07-industry-models-v7,92b0f35b2c927674,2026-08-01T06:10:17.584036+00:00,Only eligible listed class for CIK,,,,,,,,,,
PFG,0001126328,PRINCIPAL FINANCIAL GROUP INC,NASDAQ,EQUITY,NMS,Principal Financial Group Inc - Common Stock,COMMON_OR_EQUIVALENT,HIGH,NASDAQ Trader nasdaqlisted,158.473,Financial Services,Asset Management,24.344,,,,,,,,,,,,,,False,Pass,2026-07-industry-models-v7,92b0f35b2c927674,2026-08-01T06:10:23.026073+00:00,Only eligible listed class for CIK,FINANCIAL_SPECIALTY,FINANCIAL_FEE,True,"Fee-financial margin, cash conversion, tangible capital and balance-sheet model",True,97.0,,,,
FICO,0000814547,FAIR ISAAC CORP,NYSE,EQUITY,NYQ,Fair Isaac Corporation Common Stock,COMMON_OR_EQUIVALENT,HIGH,NASDAQ Trader otherlisted,366.293,Technology,Software - Application,24.253,1.002,85.1,,4.431,4.234,淨負債/EBITDA,True,True,False,絕對毛利率>=25%,False,,,False,Pass,2026-07-industry-models-v7,92b0f35b2c927674,2026-08-01T06:10:25.680110+00:00,Only eligible listed class for CIK,,,,,,,,,,
INCY,0000879169,INCYTE CORP,NASDAQ,EQUITY,NMS,Incyte Corporation - Common Stock,COMMON_OR_EQUIVALENT,HIGH,NASDAQ Trader nasdaqlisted,218.027,Healthcare,Biotechnology,24.226,1.98,55.66,,0.02,0.0,淨負債/EBITDA,False,False,True,絕對毛利率>=25%,False,,,False,Pass,2026-07-industry-models-v7,92b0f35b2c927674,2026-08-01T06:10:28.413142+00:00,Only eligible listed class for CIK,,,,,,,,,,
KEY,0000091576,KEYCORP /NEW/,NYSE,EQUITY,NYQ,KeyCorp Common Stock,COMMON_OR_EQUIVALENT,HIGH,NASDAQ Trader otherlisted,259.44,Financial Services,Banks - Regional,24.217,,,,,,,,,,,,,,False,Pass,2026-07-industry-models-v7,92b0f35b2c927674,2026-08-01T06:10:31.165208+00:00,Only eligible listed class for CIK,BANK,BANK,True,"Tier 1 capital buffer, ROTCE, deposit funding and credit-loss model",True,91.0,,,,
SW,0002005951,Smurfit Westrock plc,NYSE,EQUITY,NYQ,Smurfit WestRock plc Ordinary Shares,COMMON_OR_EQUIVALENT,HIGH,NASDAQ Trader otherlisted,256.616,Consumer Cyclical,Packaging & Containers,24.112,3.297,17.93,,3.095,2.947,淨負債/EBITDA,False,False,False,低於同業中位數，交由 SEC 深篩,False,,,False,Pass,2026-07-industry-models-v7,92b0f35b2c927674,2026-08-01T06:10:33.743092+00:00,Only eligible listed class for CIK,,,,,,,,,20.84,True
PHM,0000822416,PULTEGROUP INC/MI/,NYSE,EQUITY,NYQ,"PulteGroup, Inc. Common Stock",COMMON_OR_EQUIVALENT,HIGH,NASDAQ Trader otherlisted,232.779,Consumer Cyclical,Residential Construction,24.091,1.626,25.56,98.74,0.901,0.415,淨負債/EBITDA,False,False,False,絕對毛利率>=25%,False,,,False,Pass,2026-07-industry-models-v7,92b0f35b2c927674,2026-08-01T06:10:36.512108+00:00,Only eligible listed class for CIK,,,,,,,,,,
WST,0000105770,WEST PHARMACEUTICAL SERVICES INC,NYSE,EQUITY,NYQ,"West Pharmaceutical Services, Inc. Common Stock",COMMON_OR_EQUIVALENT,HIGH,NASDAQ Trader otherlisted,277.739,Healthcare,Medical Instruments & Supplies,23.995,0.662,36.79,,0.347,0.0,淨負債/EBITDA,False,False,True,絕對毛利率>=25%,False,,,False,Pass,2026-07-industry-models-v7,92b0f35b2c927674,2026-08-01T06:10:39.251486+00:00,Only eligible listed class for CIK,,,,,,,,,,
AFRM,0001820953,"Affirm Holdings, Inc.",NASDAQ,EQUITY,NMS,"Affirm Holdings, Inc. - Class A Common Stock",COMMON_OR_EQUIVALENT,HIGH,NASDAQ Trader nasdaqlisted,329.113,Financial Services,Credit Services,23.949,,,,,,,,,,,,,,False,Pass,2026-07-industry-models-v7,92b0f35b2c927674,2026-08-01T06:10:41.897475+00:00,Only eligible listed class for CIK,FINANCIAL_SPECIALTY,FINANCIAL_FEE,True,"Fee-financial margin, cash conversion, tangible capital and balance-sheet model",True,97.0,,,,
IHG,0000858446,INTERCONTINENTAL HOTELS GROUP PLC /NEW/,NYSE,EQUITY,NYQ,Intercontinental Hotels Group American Depositary Shares (Each representing one Ordinary Share),COMMON_OR_EQUIVALENT,HIGH,NASDAQ Trader otherlisted,39.873,Consumer Cyclical,Lodging,23.947,0.898,61.94,10.71,3.71,2.801,淨負債/EBITDA,False,False,False,絕對毛利率>=25%,False,,,False,Pass,2026-07-industry-models-v7,92b0f35b2c927674,2026-08-01T06:10:44.649047+00:00,Only eligible listed class for CIK,,,,,,,,,,
TROW,0001113169,PRICE T ROWE GROUP INC,NASDAQ,EQUITY,NMS,"T. Rowe Price Group, Inc. - Common Stock",COMMON_OR_EQUIVALENT,HIGH,NASDAQ Trader nasdaqlisted,239.138,Financial Services,Asset Management,23.944,,,,,,,,,,,,,,False,Pass,2026-07-industry-models-v7,92b0f35b2c927674,2026-08-01T06:10:47.384992+00:00,Only eligible listed class for CIK,FINANCIAL_SPECIALTY,FINANCIAL_FEE,True,"Fee-financial margin, cash conversion, tangible capital and balance-sheet model",True,97.0,,,,
L,0000060086,LOEWS CORP,NYSE,EQUITY,NYQ,Loews Corporation Common Stock,COMMON_OR_EQUIVALENT,HIGH,NASDAQ Trader otherlisted,104.273,Financial Services,Insurance - Property & Casualty,23.871,,,,,,,,,,,,,,False,Pass,2026-07-industry-models-v7,92b0f35b2c927674,2026-08-01T06:10:50.054565+00:00,Only eligible listed class for CIK,INSURANCE,INSURANCE_P_AND_C,True,"Dedicated underwriting, claims, capital and reserve-development model",True,97.0,,,,
AXIA,0001439124,AXIA Energia S.A.,NYSE,EQUITY,NYQ,AXIA Energia American Depositary Shares (Each representing one Common Share),COMMON_OR_EQUIVALENT,HIGH,NASDAQ Trader otherlisted,21.5,Utilities,Utilities - Renewable,23.86,14.131,46.97,2.62,5.86,4.227,淨負債/EBITDA,True,True,False,絕對毛利率>=25%,False,,,False,Pass,2026-07-industry-models-v7,92b0f35b2c927674,2026-08-01T06:10:52.682152+00:00,Only eligible listed class for CIK,,,,,,,,,,
BRO,0000079282,"BROWN & BROWN, INC.",NYSE,EQUITY,NYQ,"Brown & Brown, Inc. Common Stock",COMMON_OR_EQUIVALENT,HIGH,NASDAQ Trader otherlisted,226.244,Financial Services,Insurance Brokers,23.557,,,,,,,,,,,,,,False,Pass,2026-07-industry-models-v7,92b0f35b2c927674,2026-08-01T06:11:00.813177+00:00,Only eligible listed class for CIK,FINANCIAL_SPECIALTY,FINANCIAL_FEE,True,"Fee-based insurance intermediary model using margin, cash conversion and tangible capital",True,97.0,,,,
XPO,0001166003,"XPO, Inc.",NYSE,EQUITY,NYQ,"XPO, Inc. Common Stock",COMMON_OR_EQUIVALENT,HIGH,NASDAQ Trader otherlisted,295.146,Industrials,Trucking,23.531,,,,,,,,,,,,,,False,Pass,2026-07-industry-models-v7,92b0f35b2c927674,2026-08-01T06:10:57.970616+00:00,Only eligible listed class for CIK,CYCLICAL_MIDCYCLE,CYCLICAL_MIDCYCLE,True,Peak/current/mid-cycle/trough EBITDA and trough-survival model,True,97.0,,,,
CHD,0000313927,CHURCH & DWIGHT CO INC /DE/,NYSE,EQUITY,NYQ,"Church & Dwight Company, Inc. Common Stock",COMMON_OR_EQUIVALENT,HIGH,NASDAQ Trader otherlisted,198.102,Consumer Defensive,Household & Personal Products,23.412,1.204,45.47,94.19,1.713,1.35,淨負債/EBITDA,False,False,False,絕對毛利率>=25%,False,,,False,Pass,2026-07-industry-models-v7,92b0f35b2c927674,2026-08-01T06:11:03.639244+00:00,Only eligible listed class for CIK,,,,,,,,,,
MKL,0001096343,MARKEL GROUP INC.,NYSE,EQUITY,NYQ,Markel Group Inc. Common Stock,COMMON_OR_EQUIVALENT,HIGH,NASDAQ Trader otherlisted,141.066,Financial Services,Insurance - Property & Casualty,23.322,,,,,,,,,,,,,,False,Pass,2026-07-industry-models-v7,92b0f35b2c927674,2026-08-01T06:11:06.280489+00:00,Only eligible listed class for CIK,INSURANCE,INSURANCE_P_AND_C,True,"Dedicated underwriting, claims, capital and reserve-development model",True,97.0,,,,
DRI,0000940944,DARDEN RESTAURANTS INC,NYSE,EQUITY,NYQ,"Darden Restaurants, Inc. Common Stock",COMMON_OR_EQUIVALENT,HIGH,NASDAQ Trader otherlisted,268.454,Consumer Cyclical,Restaurants,23.317,1.848,21.67,99.67,3.804,3.701,淨負債/EBITDA,False,False,False,低於同業中位數，交由 SEC 深篩,False,,,False,Pass,2026-07-industry-models-v7,92b0f35b2c927674,2026-08-01T06:11:09.036884+00:00,Only eligible listed class for CIK,,,,,,,,,28.71,True
BURL,0001579298,"Burlington Stores, Inc.",NYSE,EQUITY,NYQ,"Burlington Stores, Inc. Common Stock",COMMON_OR_EQUIVALENT,HIGH,NASDAQ Trader otherlisted,294.254,Consumer Cyclical,Apparel Retail,23.152,1.322,43.95,,4.579,3.996,淨負債/EBITDA,False,True,False,絕對毛利率>=25%,False,,,False,Pass,2026-07-industry-models-v7,92b0f35b2c927674,2026-08-01T06:11:11.823128+00:00,Only eligible listed class for CIK,,,,,,,,,,
GPN,0001123360,GLOBAL PAYMENTS INC,NYSE,EQUITY,NYQ,Global Payments Inc. Common Stock,COMMON_OR_EQUIVALENT,HIGH,NASDAQ Trader otherlisted,315.297,Industrials,Specialty Business Services,23.0,1.813,67.4,,6.017,4.522,淨負債/EBITDA,True,True,False,絕對毛利率>=25%,False,,,False,Pass,2026-07-industry-models-v7,92b0f35b2c927674,2026-08-01T06:11:17.295971+00:00,Only eligible listed class for CIK,,,,,,,,,,
VLTO,0001967680,Veralto Corp,NYSE,EQUITY,NYQ,Veralto Corp Common Stock,COMMON_OR_EQUIVALENT,HIGH,NASDAQ Trader otherlisted,213.408,Industrials,Pollution & Treatment Controls,22.958,1.103,60.18,99.81,2.585,1.06,淨負債/EBITDA,False,False,False,絕對毛利率>=25%,False,,,False,Pass,2026-07-industry-models-v7,92b0f35b2c927674,2026-08-01T06:11:20.038634+00:00,Only eligible listed class for CIK,,,,,,,,,,
SN,0001957132,"SharkNinja, Inc.",NYSE,EQUITY,NYQ,"SharkNinja, Inc. Ordinary Shares",COMMON_OR_EQUIVALENT,HIGH,NASDAQ Trader otherlisted,332.361,Consumer Cyclical,"Furnishings, Fixtures & Appliances",22.894,0.533,48.99,62.25,0.787,0.319,淨負債/EBITDA,False,False,False,絕對毛利率>=25%,False,,,False,Pass,2026-07-industry-models-v7,92b0f35b2c927674,2026-08-01T06:11:25.478397+00:00,Only eligible listed class for CIK,,,,,,,,,,
FFIV,0001048695,"F5, INC.",NASDAQ,EQUITY,NMS,"F5, Inc. - Common Stock",COMMON_OR_EQUIVALENT,HIGH,NASDAQ Trader nasdaqlisted,271.455,Technology,Software - Infrastructure,22.876,1.049,81.93,,0.236,0.0,淨負債/EBITDA,False,False,True,絕對毛利率>=25%,False,,,False,Pass,2026-07-industry-models-v7,92b0f35b2c927674,2026-08-01T06:11:28.332663+00:00,Only eligible listed class for CIK,,,,,,,,,,
KOF,0000910631,COCA COLA FEMSA SAB DE CV,NYSE,EQUITY,NYQ,"Coca Cola Femsa S.A.B. de C.V.  American Depositary Shares, each representing 10 Units (each Unit consists of 3 Series B Shares and 5 Series L Shares)",COMMON_OR_EQUIVALENT,HIGH,NASDAQ Trader otherlisted,15.266,Consumer Defensive,Beverages - Non-Alcoholic,22.746,44.012,46.46,36.67,1.789,0.968,淨負債/EBITDA,False,False,False,絕對毛利率>=25%,False,,,False,Pass,2026-07-industry-models-v7,92b0f35b2c927674,2026-08-01T06:11:31.039132+00:00,Only eligible listed class for CIK,,,,,,,,,,
FSLR,0001274494,"FIRST SOLAR, INC.",NASDAQ,EQUITY,NMS,"First Solar, Inc. - Common Stock",COMMON_OR_EQUIVALENT,HIGH,NASDAQ Trader nasdaqlisted,513.845,Technology,Solar,22.679,2.156,44.02,98.13,0.016,0.0,淨負債/EBITDA,False,False,True,絕對毛利率>=25%,False,,,False,Pass,2026-07-industry-models-v7,92b0f35b2c927674,2026-08-01T06:11:33.591277+00:00,Only eligible listed class for CIK,,,,,,,,,,
ARXS,0002093536,"Arxis, Inc.",NASDAQ,EQUITY,NMS,"Arxis, Inc. - Class A Common Stock",COMMON_OR_EQUIVALENT,HIGH,NASDAQ Trader nasdaqlisted,55.819,Industrials,Aerospace & Defense,22.669,0.267,49.55,36.0,5.107,4.659,淨負債/EBITDA,True,True,False,絕對毛利率>=25%,False,,,False,Pass,2026-07-industry-models-v7,92b0f35b2c927674,2026-08-01T06:11:36.382269+00:00,Only eligible listed class for CIK,,,,,,,,,,
RL,0001037038,RALPH LAUREN CORP,NYSE,EQUITY,NYQ,Ralph Lauren Corporation Common Stock,COMMON_OR_EQUIVALENT,HIGH,NASDAQ Trader otherlisted,262.483,Consumer Cyclical,Apparel Manufacturing,22.636,1.154,69.86,,1.979,0.621,淨負債/EBITDA,False,False,False,絕對毛利率>=25%,False,,,False,Pass,2026-07-industry-models-v7,92b0f35b2c927674,2026-08-01T06:11:39.128856+00:00,Only eligible listed class for CIK,,,,,,,,,,
EXE,0000895126,EXPAND ENERGY Corp,NASDAQ,EQUITY,NMS,Expand Energy Corporation - Common Stock,COMMON_OR_EQUIVALENT,HIGH,NASDAQ Trader nasdaqlisted,341.379,Energy,Oil & Gas E&P,22.495,,,,,,,,,,,,,,False,Pass,2026-07-industry-models-v7,92b0f35b2c927674,2026-08-01T06:11:44.673330+00:00,Only eligible listed class for CIK,CYCLICAL_MIDCYCLE,CYCLICAL_MIDCYCLE,True,Peak/current/mid-cycle/trough EBITDA and trough-survival model,True,97.0,,,,
OMC,0000029989,OMNICOM GROUP INC.,NYSE,EQUITY,NYQ,Omnicom Group Inc. Common Stock,COMMON_OR_EQUIVALENT,HIGH,NASDAQ Trader otherlisted,323.356,Communication Services,Advertising Agencies,22.43,2.583,18.96,,3.104,2.196,淨負債/EBITDA,False,False,False,同業樣本不足(3)，交由 SEC 深篩,False,,,False,Pass,2026-07-industry-models-v7,92b0f35b2c927674,2026-08-01T06:11:47.472961+00:00,Only eligible listed class for CIK,,,,,,,,,,True
BSP,0002004711,Bending Spoons S.p.A.,NASDAQ,EQUITY,NMS,Bending Spoons S.p.A. - Ordinary Shares,COMMON_OR_EQUIVALENT,HIGH,NASDAQ Trader nasdaqlisted,114.32,Technology,Software - Application,22.36,0.345,66.96,17.22,5.52,4.574,淨負債/EBITDA,True,True,False,絕對毛利率>=25%,False,,,False,Pass,2026-07-industry-models-v7,92b0f35b2c927674,2026-08-01T06:11:52.790294+00:00,Only eligible listed class for CIK,,,,,,,,,,
STE,0001757898,STERIS plc,NYSE,EQUITY,NYQ,STERIS plc (Ireland) Ordinary Shares,COMMON_OR_EQUIVALENT,HIGH,NASDAQ Trader otherlisted,187.788,Healthcare,Medical Devices,22.259,1.341,44.24,,1.306,1.031,淨負債/EBITDA,False,False,False,絕對毛利率>=25%,False,,,False,Pass,2026-07-industry-models-v7,92b0f35b2c927674,2026-08-01T06:11:55.528031+00:00,Only eligible listed class for CIK,,,,,,,,,,
STZ,0000016918,"CONSTELLATION BRANDS, INC.",NYSE,EQUITY,NYQ,"Constellation Brands, Inc. Common Stock",COMMON_OR_EQUIVALENT,HIGH,NASDAQ Trader otherlisted,290.115,Consumer Defensive,Beverages - Brewers,22.244,2.694,52.72,88.51,3.048,3.02,淨負債/EBITDA,False,False,False,絕對毛利率>=25%,False,,,False,Pass,2026-07-industry-models-v7,92b0f35b2c927674,2026-08-01T06:11:58.147403+00:00,Only eligible listed class for CIK,,,,,,,,,,
CMS,0000811156,CMS ENERGY CORP,NYSE,EQUITY,NYQ,CMS Energy Corporation Common Stock,COMMON_OR_EQUIVALENT,HIGH,NASDAQ Trader otherlisted,241.645,Utilities,Utilities - Regulated Electric,22.239,,,,,,,,,,,,,,False,Pass,2026-07-industry-models-v7,92b0f35b2c927674,2026-08-01T06:12:00.767919+00:00,Only eligible listed class for CIK,REGULATED_UTILITY,REGULATED_UTILITY,True,"Regulated-asset growth proxy, capex funding, capital structure and coverage model",True,97.0,,,,
USFD,0001665918,US Foods Holding Corp.,NYSE,EQUITY,NYQ,US Foods Holding Corp. Common Stock,COMMON_OR_EQUIVALENT,HIGH,NASDAQ Trader otherlisted,283.445,Consumer Defensive,Food Distribution,22.152,1.272,17.39,,3.11,3.082,淨負債/EBITDA,False,False,False,同業樣本不足(3)，交由 SEC 深篩,False,,,False,Pass,2026-07-industry-models-v7,92b0f35b2c927674,2026-08-01T06:12:03.603090+00:00,Only eligible listed class for CIK,,,,,,,,,,True
ULTA,0001403568,"Ulta Beauty, Inc.",NASDAQ,EQUITY,NMS,"Ulta Beauty, Inc. - Common Stock",COMMON_OR_EQUIVALENT,HIGH,NASDAQ Trader nasdaqlisted,385.246,Consumer Cyclical,Specialty Retail,22.046,1.545,43.19,,1.219,1.101,淨負債/EBITDA,False,False,False,絕對毛利率>=25%,False,,,False,Pass,2026-07-industry-models-v7,92b0f35b2c927674,2026-08-01T06:12:06.185570+00:00,Only eligible listed class for CIK,,,,,,,,,,
RIVN,0001874178,"Rivian Automotive, Inc. / DE",NASDAQ,EQUITY,NMS,"Rivian Automotive, Inc. - Class A Common Stock",COMMON_OR_EQUIVALENT,HIGH,NASDAQ Trader nasdaqlisted,538.743,Consumer Cyclical,Auto Manufacturers,22.036,,,,,,,,,,,,,,False,Pass,2026-07-industry-models-v7,92b0f35b2c927674,2026-08-01T06:12:08.768518+00:00,Only eligible listed class for CIK,CYCLICAL_MIDCYCLE,CYCLICAL_MIDCYCLE,True,Peak/current/mid-cycle/trough EBITDA and trough-survival model,True,77.0,current EBITDA is non-positive; trough-survival deep model required | current operating cash flow is non-positive,,,
LUV,0000092380,SOUTHWEST AIRLINES CO,NYSE,EQUITY,NYQ,Southwest Airlines Company Common Stock,COMMON_OR_EQUIVALENT,HIGH,NASDAQ Trader otherlisted,286.304,Industrials,Airlines,22.0,,,,,,,,,,,,,,False,Pass,2026-07-industry-models-v7,92b0f35b2c927674,2026-08-01T06:12:11.371154+00:00,Only eligible listed class for CIK,CYCLICAL_MIDCYCLE,CYCLICAL_MIDCYCLE,True,Peak/current/mid-cycle/trough EBITDA and trough-survival model,True,97.0,,,,
EXPD,0000746515,EXPEDITORS INTERNATIONAL OF WASHINGTON INC,NYSE,EQUITY,NYQ,"Expeditors International of Washington, Inc. Common Stock",COMMON_OR_EQUIVALENT,HIGH,NASDAQ Trader otherlisted,210.57,Industrials,Integrated Freight & Logistics,21.959,0.973,13.62,,0.497,0.0,淨負債/EBITDA,False,False,True,低於同業中位數，交由 SEC 深篩,False,,,False,Pass,2026-07-industry-models-v7,92b0f35b2c927674,2026-08-01T06:12:14.215021+00:00,Only eligible listed class for CIK,,,,,,,,,19.03,True
TW,0001758730,Tradeweb Markets Inc.,NASDAQ,EQUITY,NMS,Tradeweb Markets Inc. - Class A Common Stock,COMMON_OR_EQUIVALENT,HIGH,NASDAQ Trader nasdaqlisted,177.654,Financial Services,Capital Markets,21.912,,,,,,,,,,,,,,False,Pass,2026-07-industry-models-v7,92b0f35b2c927674,2026-08-01T06:12:16.959022+00:00,Only eligible listed class for CIK,FINANCIAL_SPECIALTY,FINANCIAL_FEE,True,"Fee-financial margin, cash conversion, tangible capital and balance-sheet model",True,94.0,,,,
PKG,0000075677,PACKAGING CORP OF AMERICA,NYSE,EQUITY,NYQ,Packaging Corporation of America Common Stock,COMMON_OR_EQUIVALENT,HIGH,NASDAQ Trader otherlisted,170.789,Consumer Cyclical,Packaging & Containers,21.904,,20.84,,2.286,2.002,淨負債/EBITDA,False,False,False,低於25%但高於同業中位數,True,Yahoo OCF missing; defer to SEC,,False,Pass,2026-07-industry-models-v7,92b0f35b2c927674,2026-08-01T06:12:19.709399+00:00,Only eligible listed class for CIK,,,,,,,,,20.84,False
DOW,0001751788,DOW INC.,NYSE,EQUITY,NYQ,Dow Inc. Common Stock,COMMON_OR_EQUIVALENT,HIGH,NASDAQ Trader otherlisted,352.854,Basic Materials,Chemicals,21.88,,,,,,,,,,,,,,False,Pass,2026-07-industry-models-v7,92b0f35b2c927674,2026-08-01T06:12:22.560894+00:00,Only eligible listed class for CIK,CYCLICAL_MIDCYCLE,CYCLICAL_MIDCYCLE,True,Peak/current/mid-cycle/trough EBITDA and trough-survival model,True,97.0,,,,
STLA,0001605484,Stellantis N.V.,NYSE,EQUITY,NYQ,Stellantis N.V. Common Shares,COMMON_OR_EQUIVALENT,HIGH,NASDAQ Trader otherlisted,112.373,Consumer Cyclical,Auto Manufacturers,21.7,,,,,,,,,,,,,,False,Pass,2026-07-industry-models-v7,92b0f35b2c927674,2026-08-01T06:12:33.473368+00:00,Only eligible listed class for CIK,CYCLICAL_MIDCYCLE,CYCLICAL_MIDCYCLE,True,Peak/current/mid-cycle/trough EBITDA and trough-survival model,True,91.0,,,,
IP,0000051434,INTERNATIONAL PAPER CO /NEW/,NYSE,EQUITY,NYQ,International Paper Company Common Stock,COMMON_OR_EQUIVALENT,HIGH,NASDAQ Trader otherlisted,253.81,Consumer Cyclical,Packaging & Containers,21.62,2.647,29.9,99.49,2.442,2.259,淨負債/EBITDA,False,False,False,絕對毛利率>=25%,False,,,False,Pass,2026-07-industry-models-v7,92b0f35b2c927674,2026-08-01T06:12:36.244444+00:00,Only eligible listed class for CIK,,,,,,,,,,
ROKU,0001428439,"ROKU, INC",NASDAQ,EQUITY,NMS,"Roku, Inc. - Class A Common Stock",COMMON_OR_EQUIVALENT,HIGH,NASDAQ Trader nasdaqlisted,626.869,Communication Services,Entertainment,21.511,0.544,44.19,87.74,1.281,0.0,淨負債/EBITDA,False,False,True,絕對毛利率>=25%,False,,,False,Pass,2026-07-industry-models-v7,92b0f35b2c927674,2026-08-01T06:12:38.942370+00:00,Only eligible listed class for CIK,,,,,,,,,,
WWD,0000108312,"Woodward, Inc.",NASDAQ,EQUITY,NMS,"Woodward, Inc. - Common Stock",COMMON_OR_EQUIVALENT,HIGH,NASDAQ Trader nasdaqlisted,278.152,Industrials,Aerospace & Defense,21.301,0.585,29.63,91.58,1.659,1.072,淨負債/EBITDA,False,False,False,絕對毛利率>=25%,False,,,False,Pass,2026-07-industry-models-v7,92b0f35b2c927674,2026-08-01T06:12:41.799900+00:00,Only eligible listed class for CIK,,,,,,,,,,
NI,0001111711,NISOURCE INC.,NYSE,EQUITY,NYQ,NiSource Inc Common Stock,COMMON_OR_EQUIVALENT,HIGH,NASDAQ Trader otherlisted,199.077,Utilities,Utilities - Regulated Gas,21.301,,,,,,,,,,,,,,False,Pass,2026-07-industry-models-v7,92b0f35b2c927674,2026-08-01T06:12:47.116660+00:00,Only eligible listed class for CIK,REGULATED_UTILITY,REGULATED_UTILITY,True,"Regulated-asset growth proxy, capex funding, capital structure and coverage model",True,97.0,,,,
HSAI,0001861737,Hesai Group,NASDAQ,EQUITY,NMS,Hesai Group - American Depositary Share,COMMON_ADS_INFERRED,MEDIUM,SEC annual cover unavailable; accepted unavailable; symbol-to-title mapping unresolved; inferred common: sole exchange-listed ADS class for this CIK,30.762,Consumer Cyclical,Auto Parts,21.246,,,,,,,,,,,,,,False,Pass,2026-07-industry-models-v7,92b0f35b2c927674,2026-08-01T06:12:49.712526+00:00,Only eligible listed class for CIK,CYCLICAL_MIDCYCLE,CYCLICAL_MIDCYCLE,True,Peak/current/mid-cycle/trough EBITDA and trough-survival model,True,94.0,,,,
SNA,0000091440,Snap-on Inc,NYSE,EQUITY,NYQ,Snap-On Incorporated Common Stock,COMMON_OR_EQUIVALENT,HIGH,NASDAQ Trader otherlisted,146.935,Industrials,Tools & Accessories,21.229,1.186,51.83,,0.925,0.0,淨負債/EBITDA,False,False,True,絕對毛利率>=25%,False,,,False,Pass,2026-07-industry-models-v7,92b0f35b2c927674,2026-08-01T06:12:52.299217+00:00,Only eligible listed class for CIK,,,,,,,,,,
FTAI,0001590364,FTAI Aviation Ltd.,NASDAQ,EQUITY,NMS,FTAI Aviation Ltd. - Common Stock,COMMON_OR_EQUIVALENT,HIGH,NASDAQ Trader nasdaqlisted,271.921,Industrials,Aerospace & Defense,21.141,,32.21,97.41,3.448,3.111,淨負債/EBITDA,False,False,False,絕對毛利率>=25%,True,Yahoo OCF missing; defer to SEC,,False,Pass,2026-07-industry-models-v7,92b0f35b2c927674,2026-08-01T06:12:54.910244+00:00,Only eligible listed class for CIK,,,,,,,,,,
MTZ,0000015615,MASTEC INC,NYSE,EQUITY,NYQ,"MasTec, Inc. Common Stock",COMMON_OR_EQUIVALENT,HIGH,NASDAQ Trader otherlisted,334.372,Industrials,Engineering & Construction,21.128,0.582,12.91,76.06,2.502,2.258,淨負債/EBITDA,False,False,False,低於同業中位數，交由 SEC 深篩,False,,,False,Pass,2026-07-industry-models-v7,92b0f35b2c927674,2026-08-01T06:12:57.699284+00:00,Only eligible listed class for CIK,,,,,,,,,20.6,True
SOFI,0001818874,"SoFi Technologies, Inc.",NASDAQ,EQUITY,NMS,"SoFi Technologies, Inc.  - Common Stock",COMMON_OR_EQUIVALENT,HIGH,NASDAQ Trader nasdaqlisted,1292.175,Financial Services,Credit Services,21.045,,,,,,,,,,,,,,False,Pass,2026-07-industry-models-v7,92b0f35b2c927674,2026-08-01T06:13:00.852283+00:00,Only eligible listed class for CIK,FINANCIAL_SPECIALTY,FINANCIAL_FEE,True,"Fee-financial margin, cash conversion, tangible capital and balance-sheet model",True,91.0,,,,
FDXF,0002082247,"FedEx Freight Holding Company, Inc.",NYSE,EQUITY,NYQ,"FedEx Freight Holding Company, Inc. Common Stock",COMMON_OR_EQUIVALENT,HIGH,NASDAQ Trader otherlisted,263.727,Industrials,Integrated Freight & Logistics,20.926,1.06,29.67,30.45,3.456,3.39,淨負債/EBITDA,False,False,False,絕對毛利率>=25%,False,,,False,Pass,2026-07-industry-models-v7,92b0f35b2c927674,2026-08-01T06:13:03.015465+00:00,Only eligible listed class for CIK,,,,,,,,,,
BCH,0001161125,BANK OF CHILE,NYSE,EQUITY,NYQ,Banco De Chile ADS,COMMON_ADS_INFERRED,MEDIUM,SEC annual cover unavailable; accepted unavailable; symbol-to-title mapping unresolved; inferred common: sole exchange-listed ADS class for this CIK,13.094,Financial Services,Banks - Regional,20.885,,,,,,,,,,,,,,False,Pass,2026-07-industry-models-v7,92b0f35b2c927674,2026-08-01T06:13:05.889094+00:00,Only eligible listed class for CIK,BANK,BANK,True,"Tier 1 capital buffer, ROTCE, deposit funding and credit-loss model",True,91.0,,,,
AMCR,0001748790,Amcor plc,NYSE,EQUITY,NYQ,Amcor plc Ordinary Shares,COMMON_OR_EQUIVALENT,HIGH,NASDAQ Trader otherlisted,172.773,Consumer Cyclical,Packaging & Containers,20.75,1.67,19.14,77.95,5.237,4.741,淨負債/EBITDA,True,True,False,低於同業中位數，交由 SEC 深篩,False,,,False,Pass,2026-07-industry-models-v7,92b0f35b2c927674,2026-08-01T06:13:08.663154+00:00,Only eligible listed class for CIK,,,,,,,,,20.84,True
RS,0000861884,"RELIANCE, INC.",NYSE,EQUITY,NYQ,"Reliance, Inc. Common Stock",COMMON_OR_EQUIVALENT,HIGH,NASDAQ Trader otherlisted,143.272,Basic Materials,Steel,20.733,,,,,,,,,,,,,,False,Pass,2026-07-industry-models-v7,92b0f35b2c927674,2026-08-01T06:13:11.225854+00:00,Only eligible listed class for CIK,CYCLICAL_MIDCYCLE,CYCLICAL_MIDCYCLE,True,Peak/current/mid-cycle/trough EBITDA and trough-survival model,True,97.0,,,,
AS,0001988894,"Amer Sports, Inc.",NYSE,EQUITY,NYQ,"Amer Sports, Inc. Ordinary Shares",COMMON_OR_EQUIVALENT,HIGH,NASDAQ Trader otherlisted,150.623,Consumer Cyclical,Leisure,20.66,0.738,58.23,37.97,0.955,0.303,淨負債/EBITDA,False,False,False,絕對毛利率>=25%,False,,,False,Pass,2026-07-industry-models-v7,92b0f35b2c927674,2026-08-01T06:13:13.801397+00:00,Only eligible listed class for CIK,,,,,,,,,,
VIV,0001066119,TELEFONICA BRASIL S.A.,NYSE,EQUITY,NYQ,Telefonica Brasil S.A. American Depositary Shares (Each representing One Common Share),COMMON_OR_EQUIVALENT,HIGH,NASDAQ Trader otherlisted,15.326,Communication Services,Telecom Services,20.644,20.206,48.26,4.05,0.986,0.56,淨負債/EBITDA,False,False,False,絕對毛利率>=25%,False,,,False,Pass,2026-07-industry-models-v7,92b0f35b2c927674,2026-08-01T06:13:16.532119+00:00,Only eligible listed class for CIK,,,,,,,,,,
THC,0000070318,TENET HEALTHCARE CORP,NYSE,EQUITY,NYQ,Tenet Healthcare Corporation Common Stock,COMMON_OR_EQUIVALENT,HIGH,NASDAQ Trader otherlisted,376.165,Healthcare,Medical Care Facilities,20.515,4.015,41.66,,2.735,2.287,淨負債/EBITDA,False,False,False,絕對毛利率>=25%,False,,,False,Pass,2026-07-industry-models-v7,92b0f35b2c927674,2026-08-01T06:13:19.266676+00:00,Only eligible listed class for CIK,,,,,,,,,,
VTRS,0001792044,Viatris Inc,NASDAQ,EQUITY,NMS,Viatris Inc. - Common Stock,COMMON_OR_EQUIVALENT,HIGH,NASDAQ Trader nasdaqlisted,191.078,Healthcare,Drug Manufacturers - Specialty & Generic,20.45,2.169,39.82,88.21,3.542,2.96,淨負債/EBITDA,False,False,False,絕對毛利率>=25%,False,,,False,Pass,2026-07-industry-models-v7,92b0f35b2c927674,2026-08-01T06:13:22.096480+00:00,Only eligible listed class for CIK,,,,,,,,,,
SNX,0001177394,TD SYNNEX CORP,NYSE,EQUITY,NYQ,TD SYNNEX Corporation Common Stock,COMMON_OR_EQUIVALENT,HIGH,NASDAQ Trader otherlisted,214.658,Technology,Electronics & Computer Distribution,20.445,0.545,7.05,95.46,2.126,1.633,淨負債/EBITDA,False,False,False,同業樣本不足(3)，交由 SEC 深篩,False,,,False,Pass,2026-07-industry-models-v7,92b0f35b2c927674,2026-08-01T06:13:24.934305+00:00,Only eligible listed class for CIK,,,,,,,,,,True
RBA,0001046102,RB GLOBAL INC.,NYSE,EQUITY,NYQ,"RB Global, Inc. Common Stock",COMMON_OR_EQUIVALENT,HIGH,NASDAQ Trader otherlisted,118.996,Industrials,Specialty Business Services,20.445,1.046,46.42,,3.462,2.942,淨負債/EBITDA,False,False,False,絕對毛利率>=25%,False,,,False,Pass,2026-07-industry-models-v7,92b0f35b2c927674,2026-08-01T06:13:27.680923+00:00,Only eligible listed class for CIK,,,,,,,,,,
TSN,0000100493,"TYSON FOODS, INC.",NYSE,EQUITY,NYQ,"Tyson Foods, Inc. Common Stock",COMMON_OR_EQUIVALENT,HIGH,NASDAQ Trader otherlisted,193.98,Consumer Defensive,Farm Products,20.409,,,,,,,,,,,,,,False,Pass,2026-07-industry-models-v7,92b0f35b2c927674,2026-08-01T06:13:30.389865+00:00,Only eligible listed class for CIK,CYCLICAL_MIDCYCLE,CYCLICAL_MIDCYCLE,True,Peak/current/mid-cycle/trough EBITDA and trough-survival model,True,97.0,,,,
BG,0001996862,Bunge Global SA,NYSE,EQUITY,NYQ,Bunge Limited Common Shares,COMMON_OR_EQUIVALENT,HIGH,NASDAQ Trader otherlisted,174.867,Consumer Defensive,Farm Products,20.409,,,,,,,,,,,,,,False,Pass,2026-07-industry-models-v7,92b0f35b2c927674,2026-08-01T06:13:33.184549+00:00,Only eligible listed class for CIK,CYCLICAL_MIDCYCLE,CYCLICAL_MIDCYCLE,True,Peak/current/mid-cycle/trough EBITDA and trough-survival model,True,97.0,,,,
EFX,0000033185,EQUIFAX INC,NYSE,EQUITY,NYQ,"Equifax, Inc. Common Stock",COMMON_OR_EQUIVALENT,HIGH,NASDAQ Trader otherlisted,309.858,Industrials,Consulting Services,20.28,1.612,55.54,,2.841,2.753,淨負債/EBITDA,False,False,False,絕對毛利率>=25%,False,,,False,Pass,2026-07-industry-models-v7,92b0f35b2c927674,2026-08-01T06:13:35.779904+00:00,Only eligible listed class for CIK,,,,,,,,,,
IFF,0000051253,INTERNATIONAL FLAVORS & FRAGRANCES INC,NYSE,EQUITY,NYQ,"International Flavors & Fragrances, Inc. Common Stock",COMMON_OR_EQUIVALENT,HIGH,NASDAQ Trader otherlisted,162.249,Basic Materials,Specialty Chemicals,20.225,,,,,,,,,,,,,,False,Pass,2026-07-industry-models-v7,92b0f35b2c927674,2026-08-01T06:13:38.577622+00:00,Only eligible listed class for CIK,CYCLICAL_MIDCYCLE,CYCLICAL_MIDCYCLE,True,Peak/current/mid-cycle/trough EBITDA and trough-survival model,True,97.0,,,,
BCE,0000718940,BCE INC,NYSE,EQUITY,NYQ,"BCE, Inc. Common Stock",COMMON_OR_EQUIVALENT,HIGH,NASDAQ Trader otherlisted,83.344,Communication Services,Telecom Services,20.217,6.571,44.96,50.28,4.962,4.803,淨負債/EBITDA,True,True,False,絕對毛利率>=25%,False,,,False,Pass,2026-07-industry-models-v7,92b0f35b2c927674,2026-08-01T06:13:41.228022+00:00,Only eligible listed class for CIK,,,,,,,,,,
MKSI,0001049502,MKS INC,NASDAQ,EQUITY,NMS,MKS Inc. - Common Stock,COMMON_OR_EQUIVALENT,HIGH,NASDAQ Trader nasdaqlisted,411.655,Technology,Scientific & Technical Instruments,20.091,0.557,46.65,,4.561,3.956,淨負債/EBITDA,False,True,False,絕對毛利率>=25%,False,,,False,Pass,2026-07-industry-models-v7,92b0f35b2c927674,2026-08-01T06:13:43.976421+00:00,Only eligible listed class for CIK,,,,,,,,,,
LYB,0001489393,LyondellBasell Industries N.V.,NYSE,EQUITY,NYQ,LyondellBasell Industries NV Ordinary Shares Class A (Netherlands),COMMON_OR_EQUIVALENT,HIGH,NASDAQ Trader otherlisted,327.689,Basic Materials,Specialty Chemicals,20.038,,,,,,,,,,,,,,False,Pass,2026-07-industry-models-v7,92b0f35b2c927674,2026-08-01T06:13:46.728350+00:00,Only eligible listed class for CIK,CYCLICAL_MIDCYCLE,CYCLICAL_MIDCYCLE,True,Peak/current/mid-cycle/trough EBITDA and trough-survival model,True,97.0,,,,
LEN,0000920760,LENNAR CORP /NEW/,NYSE,EQUITY,NYQ,Lennar Corporation Class A Common Stock,COMMON_OR_EQUIVALENT,HIGH,NASDAQ Trader otherlisted,222.605,Consumer Cyclical,Residential Construction,19.838,0.883,16.36,96.97,2.732,1.921,淨負債/EBITDA,False,False,False,低於同業中位數，交由 SEC 深篩,False,,,False,Pass,2026-07-industry-models-v7,92b0f35b2c927674,2026-08-01T06:13:49.364913+00:00,Only eligible listed class for CIK,,,,,,,,,21.84,True
WIT,0001123799,WIPRO LTD,NYSE,EQUITY,NYQ,Wipro Limited Common Stock,COMMON_OR_EQUIVALENT,HIGH,NASDAQ Trader otherlisted,24.278,Technology,Information Technology Services,19.587,141.077,29.04,3.72,1.217,0.0,淨負債/EBITDA,False,False,True,絕對毛利率>=25%,False,,,False,Pass,2026-07-industry-models-v7,92b0f35b2c927674,2026-08-01T06:13:52.097280+00:00,Only eligible listed class for CIK,,,,,,,,,,
ESS,0000920522,"ESSEX PROPERTY TRUST, INC.",NYSE,EQUITY,NYQ,"Essex Property Trust, Inc. Common Stock",COMMON_OR_EQUIVALENT,HIGH,NASDAQ Trader otherlisted,138.221,Real Estate,REIT - Residential,19.585,,,,,,,,,,,,,,False,Pass,2026-07-industry-models-v7,92b0f35b2c927674,2026-08-01T06:14:56.561870+00:00,Only eligible listed class for CIK,REIT,REIT_EQUITY,True,"Nareit FFO/EBITDAre proxy, AFFO coverage, leverage and lease-growth model",True,84.0,Yahoo FFO unavailable; rebuild Nareit FFO proxy from SEC facts,,,
CHTR,0001091667,"CHARTER COMMUNICATIONS, INC. /MO/",NASDAQ,EQUITY,NMS,"Charter Communications, Inc. - Class A Common Stock",COMMON_OR_EQUIVALENT,HIGH,NASDAQ Trader nasdaqlisted,501.441,Communication Services,Telecom Services,19.54,16.47,55.19,88.1,4.433,4.41,淨負債/EBITDA,True,True,False,絕對毛利率>=25%,False,,,False,Pass,2026-07-industry-models-v7,92b0f35b2c927674,2026-08-01T06:15:56.991785+00:00,Only eligible listed class for CIK,,,,,,,,,,
WES,0001423902,"Western Midstream Partners, LP",NYSE,EQUITY,NYQ,"Western Midstream Partners, LP Common Units Representing Limited Partner Interests",COMMON_OR_EQUIVALENT,HIGH,NASDAQ Trader otherlisted,52.41,Energy,Oil & Gas Midstream,19.241,,,,,,,,,,,,,,False,Pass,2026-07-industry-models-v7,92b0f35b2c927674,2026-08-01T06:13:57.580093+00:00,Only eligible listed class for CIK,CYCLICAL_MIDCYCLE,CYCLICAL_MIDCYCLE,True,Peak/current/mid-cycle/trough EBITDA and trough-survival model,True,97.0,,,,
CF,0001324404,"CF Industries Holdings, Inc.",NYSE,EQUITY,NYQ,"CF Industries Holdings, Inc. Common Stock",COMMON_OR_EQUIVALENT,HIGH,NASDAQ Trader otherlisted,345.501,Basic Materials,Agricultural Inputs,19.233,,,,,,,,,,,,,,False,Pass,2026-07-industry-models-v7,92b0f35b2c927674,2026-08-01T06:14:00.283020+00:00,Only eligible listed class for CIK,CYCLICAL_MIDCYCLE,CYCLICAL_MIDCYCLE,True,Peak/current/mid-cycle/trough EBITDA and trough-survival model,True,97.0,,,,
SBAC,0001034054,SBA COMMUNICATIONS CORP,NASDAQ,EQUITY,NMS,SBA Communications Corporation - Class A Common Stock,COMMON_OR_EQUIVALENT,HIGH,NASDAQ Trader nasdaqlisted,173.187,Real Estate,REIT - Specialty,19.195,,,,,,,,,,,,,,False,Pass,2026-07-industry-models-v7,92b0f35b2c927674,2026-08-01T06:14:03.040988+00:00,Only eligible listed class for CIK,REIT,REIT_EQUITY,True,"Nareit FFO/EBITDAre proxy, AFFO coverage, leverage and lease-growth model",True,84.0,Yahoo FFO unavailable; rebuild Nareit FFO proxy from SEC facts,,,
MTSI,0001493594,"MACOM Technology Solutions Holdings, Inc.",NASDAQ,EQUITY,NMS,"MACOM Technology Solutions Holdings, Inc. - Common Stock",COMMON_OR_EQUIVALENT,HIGH,NASDAQ Trader nasdaqlisted,428.628,Technology,Semiconductors,19.184,0.252,55.68,99.62,1.762,0.0,淨負債/EBITDA,False,False,True,絕對毛利率>=25%,False,,,False,Pass,2026-07-industry-models-v7,92b0f35b2c927674,2026-08-01T06:14:05.587261+00:00,Only eligible listed class for CIK,,,,,,,,,,
SQM,0000909037,CHEMICAL & MINING CO OF CHILE INC,NYSE,EQUITY,NYQ,Sociedad Quimica y Minera S.A. Common Stock,COMMON_OR_EQUIVALENT,HIGH,NASDAQ Trader otherlisted,74.619,Basic Materials,Specialty Chemicals,19.155,,,,,,,,,,,,,,False,Pass,2026-07-industry-models-v7,92b0f35b2c927674,2026-08-01T06:14:08.370551+00:00,Only eligible listed class for CIK,CYCLICAL_MIDCYCLE,CYCLICAL_MIDCYCLE,True,Peak/current/mid-cycle/trough EBITDA and trough-survival model,True,97.0,,,,
EVRG,0001711269,"Evergy, Inc.",NASDAQ,EQUITY,NMS,"Evergy, Inc. - Common Stock",COMMON_OR_EQUIVALENT,HIGH,NASDAQ Trader nasdaqlisted,175.416,Utilities,Utilities - Regulated Electric,19.135,,,,,,,,,,,,,,False,Pass,2026-07-industry-models-v7,92b0f35b2c927674,2026-08-01T06:14:11.151319+00:00,Only eligible listed class for CIK,REGULATED_UTILITY,REGULATED_UTILITY,True,"Regulated-asset growth proxy, capex funding, capital structure and coverage model",True,97.0,,,,
SBS,0001170858,COMPANHIA DE SANEAMENTO BASICO DO ESTADO DE SAO PAULO-SABESP,NYSE,EQUITY,NYQ,Companhia de saneamento Basico Do Estado De Sao Paulo - Sabesp American Depositary Shares (Each repstg 250 Common Shares),COMMON_OR_EQUIVALENT,HIGH,NASDAQ Trader otherlisted,33.69,Utilities,Utilities - Regulated Water,19.112,,,,,,,,,,,,,,False,Pass,2026-07-industry-models-v7,92b0f35b2c927674,2026-08-01T06:14:13.807024+00:00,Only eligible listed class for CIK,REGULATED_UTILITY,REGULATED_UTILITY,True,"Regulated-asset growth proxy, capex funding, capital structure and coverage model",True,97.0,,,,
GIS,0000040704,GENERAL MILLS INC,NYSE,EQUITY,NYQ,"General Mills, Inc. Common Stock",COMMON_OR_EQUIVALENT,HIGH,NASDAQ Trader otherlisted,374.809,Consumer Defensive,Packaged Foods,19.08,2.166,33.73,91.15,0.0,0.0,淨負債/EBITDA,False,False,True,絕對毛利率>=25%,False,,,False,Pass,2026-07-industry-models-v7,92b0f35b2c927674,2026-08-01T06:14:16.587341+00:00,Only eligible listed class for CIK,,,,,,,,,,
CDW,0001402057,CDW Corp,NASDAQ,EQUITY,NMS,CDW Corporation - Common Stock,COMMON_OR_EQUIVALENT,HIGH,NASDAQ Trader nasdaqlisted,322.169,Technology,Information Technology Services,18.883,1.193,21.57,,3.101,2.809,淨負債/EBITDA,False,False,False,低於同業中位數，交由 SEC 深篩,False,,,False,Pass,2026-07-industry-models-v7,92b0f35b2c927674,2026-08-01T06:14:19.300830+00:00,Only eligible listed class for CIK,,,,,,,,,32.28,True
BEKE,0001809587,KE Holdings Inc.,NYSE,EQUITY,NYQ,KE Holdings Inc American Depositary Shares (each representing three Class A Ordinary Shares),COMMON_OR_EQUIVALENT,HIGH,NASDAQ Trader otherlisted,77.602,Real Estate,Real Estate Services,18.725,2.118,22.13,14.46,4.099,0.0,淨負債/EBITDA,False,True,True,低於同業中位數，交由 SEC 深篩,False,,,False,Pass,2026-07-industry-models-v7,92b0f35b2c927674,2026-08-01T06:14:21.973186+00:00,Only eligible listed class for CIK,,,,,,,,,33.37,True
TOST,0001650164,"Toast, Inc.",NYSE,EQUITY,NYQ,"Toast, Inc. Class A Common Stock",COMMON_OR_EQUIVALENT,HIGH,NASDAQ Trader otherlisted,412.179,Technology,Software - Infrastructure,18.717,0.714,26.36,90.28,0.04,0.0,淨負債/EBITDA,False,False,True,絕對毛利率>=25%,False,,,False,Pass,2026-07-industry-models-v7,92b0f35b2c927674,2026-08-01T06:14:24.814861+00:00,Only eligible listed class for CIK,,,,,,,,,,
MGA,0000749098,MAGNA INTERNATIONAL INC,NYSE,EQUITY,NYQ,"Magna International, Inc. Common Stock",COMMON_OR_EQUIVALENT,HIGH,NASDAQ Trader otherlisted,90.613,Consumer Cyclical,Auto Parts,18.675,,,,,,,,,,,,,,False,Pass,2026-07-industry-models-v7,92b0f35b2c927674,2026-08-01T06:14:27.590129+00:00,Only eligible listed class for CIK,CYCLICAL_MIDCYCLE,CYCLICAL_MIDCYCLE,True,Peak/current/mid-cycle/trough EBITDA and trough-survival model,True,97.0,,,,
DD,0001666700,"DuPont de Nemours, Inc.",NYSE,EQUITY,NYQ,"DuPont de Nemours, Inc. Common Stock",COMMON_OR_EQUIVALENT,HIGH,NASDAQ Trader otherlisted,199.079,Basic Materials,Specialty Chemicals,18.498,,,,,,,,,,,,,,False,Pass,2026-07-industry-models-v7,92b0f35b2c927674,2026-08-01T06:14:32.712887+00:00,Only eligible listed class for CIK,CYCLICAL_MIDCYCLE,CYCLICAL_MIDCYCLE,True,Peak/current/mid-cycle/trough EBITDA and trough-survival model,True,97.0,,,,
ULS,0001901440,UL Solutions Inc.,NYSE,EQUITY,NYQ,UL Solutions Inc. Class A Common Stock,COMMON_OR_EQUIVALENT,HIGH,NASDAQ Trader otherlisted,85.96,Industrials,Specialty Business Services,18.471,0.665,49.94,,0.761,0.397,淨負債/EBITDA,False,False,False,絕對毛利率>=25%,False,,,False,Pass,2026-07-industry-models-v7,92b0f35b2c927674,2026-08-01T06:14:35.424277+00:00,Only eligible listed class for CIK,,,,,,,,,,
PR,0001658566,Permian Resources Corp,NYSE,EQUITY,NYQ,Permian Resources Corporation Class A Common Stock,COMMON_OR_EQUIVALENT,HIGH,NASDAQ Trader otherlisted,231.037,Energy,Oil & Gas E&P,18.359,,,,,,,,,,,,,,False,Pass,2026-07-industry-models-v7,92b0f35b2c927674,2026-08-01T06:15:24.348935+00:00,Only eligible listed class for CIK,CYCLICAL_MIDCYCLE,CYCLICAL_MIDCYCLE,True,Peak/current/mid-cycle/trough EBITDA and trough-survival model,True,97.0,,,,
INIO,0002109150,INNIO N.V.,NASDAQ,EQUITY,NMS,INNIO N.V. - Ordinary Shares,COMMON_OR_EQUIVALENT,HIGH,NASDAQ Trader nasdaqlisted,122.898,Industrials,Specialty Industrial Machinery,18.315,0.901,33.52,3.44,6.656,4.31,淨負債/EBITDA,True,True,False,絕對毛利率>=25%,False,,,False,Pass,2026-07-industry-models-v7,92b0f35b2c927674,2026-08-01T06:14:40.563774+00:00,Only eligible listed class for CIK,,,,,,,,,,
STRL,0000874238,"STERLING INFRASTRUCTURE, INC.",NASDAQ,EQUITY,NMS,"Sterling Infrastructure, Inc. - Common Stock",COMMON_OR_EQUIVALENT,HIGH,NASDAQ Trader nasdaqlisted,491.549,Industrials,Engineering & Construction,18.312,0.521,23.29,94.75,0.589,0.0,淨負債/EBITDA,False,False,True,低於25%但高於同業中位數,False,,,False,Pass,2026-07-industry-models-v7,92b0f35b2c927674,2026-08-01T06:14:43.205193+00:00,Only eligible listed class for CIK,,,,,,,,,20.6,False
RCI,0000733099,ROGERS COMMUNICATIONS INC,NYSE,EQUITY,NYQ,"Rogers Communication, Inc. Common Stock",COMMON_OR_EQUIVALENT,HIGH,NASDAQ Trader otherlisted,42.302,Communication Services,Telecom Services,18.287,6.179,44.26,63.23,4.797,4.584,淨負債/EBITDA,True,True,False,絕對毛利率>=25%,False,,,False,Pass,2026-07-industry-models-v7,92b0f35b2c927674,2026-08-01T06:14:45.908472+00:00,Only eligible listed class for CIK,,,,,,,,,,
LNT,0000352541,ALLIANT ENERGY CORP,NASDAQ,EQUITY,NMS,Alliant Energy Corporation - Common Stock,COMMON_OR_EQUIVALENT,HIGH,NASDAQ Trader nasdaqlisted,180.949,Utilities,Utilities - Regulated Electric,18.281,,,,,,,,,,,,,,False,Pass,2026-07-industry-models-v7,92b0f35b2c927674,2026-08-01T06:14:48.662918+00:00,Only eligible listed class for CIK,REGULATED_UTILITY,REGULATED_UTILITY,True,"Regulated-asset growth proxy, capex funding, capital structure and coverage model",True,97.0,,,,
ROL,0000084839,ROLLINS INC,NYSE,EQUITY,NYQ,"Rollins, Inc. Common Stock",COMMON_OR_EQUIVALENT,HIGH,NASDAQ Trader otherlisted,185.556,Consumer Cyclical,Personal Services,18.269,0.647,52.37,61.67,1.289,1.163,淨負債/EBITDA,False,False,False,絕對毛利率>=25%,False,,,False,Pass,2026-07-industry-models-v7,92b0f35b2c927674,2026-08-01T06:14:51.264435+00:00,Only eligible listed class for CIK,,,,,,,,,,
ZTO,0001677250,ZTO Express (Cayman) Inc.,NYSE,EQUITY,NYQ,"ZTO Express (Cayman) Inc. American Depositary Shares, each representing one Class A ordinary share.",COMMON_OR_EQUIVALENT,HIGH,NASDAQ Trader otherlisted,40.834,Industrials,Integrated Freight & Logistics,18.268,12.394,24.89,11.67,1.537,0.0,淨負債/EBITDA,False,False,True,低於25%但高於同業中位數,False,,,False,Pass,2026-07-industry-models-v7,92b0f35b2c927674,2026-08-01T06:14:53.854394+00:00,Only eligible listed class for CIK,,,,,,,,,19.03,False
BBY,0000764478,BEST BUY CO INC,NYSE,EQUITY,NYQ,"Best Buy Co., Inc. Common Stock",COMMON_OR_EQUIVALENT,HIGH,NASDAQ Trader otherlisted,352.82,Consumer Cyclical,Specialty Retail,18.181,2.303,22.52,99.03,1.579,0.852,淨負債/EBITDA,False,False,False,低於同業中位數，交由 SEC 深篩,False,,,False,Pass,2026-07-industry-models-v7,92b0f35b2c927674,2026-08-01T06:14:59.339478+00:00,Only eligible listed class for CIK,,,,,,,,,34.39,True
ZBH,0001136869,"ZIMMER BIOMET HOLDINGS, INC.",NYSE,EQUITY,NYQ,"Zimmer Biomet Holdings, Inc. Common Stock",COMMON_OR_EQUIVALENT,HIGH,NASDAQ Trader otherlisted,214.434,Healthcare,Medical Devices,18.172,1.674,70.18,,2.94,2.754,淨負債/EBITDA,False,False,False,絕對毛利率>=25%,False,,,False,Pass,2026-07-industry-models-v7,92b0f35b2c927674,2026-08-01T06:15:02.184579+00:00,Only eligible listed class for CIK,,,,,,,,,,
PAAS,0000771992,PAN AMERICAN SILVER CORP,NYSE,EQUITY,NYQ,Pan American Silver Corp. Common Stock,COMMON_OR_EQUIVALENT,HIGH,NASDAQ Trader otherlisted,203.893,Basic Materials,Gold,18.164,,,,,,,,,,,,,,False,Pass,2026-07-industry-models-v7,92b0f35b2c927674,2026-08-01T06:15:04.895237+00:00,Only eligible listed class for CIK,CYCLICAL_MIDCYCLE,CYCLICAL_MIDCYCLE,True,Peak/current/mid-cycle/trough EBITDA and trough-survival model,True,97.0,,,,
ENTG,0001101302,ENTEGRIS INC,NASDAQ,EQUITY,NMS,"Entegris, Inc. - Common Stock",COMMON_OR_EQUIVALENT,HIGH,NASDAQ Trader nasdaqlisted,391.743,Technology,Semiconductor Equipment & Materials,18.131,0.738,44.77,,4.266,3.764,淨負債/EBITDA,False,True,False,絕對毛利率>=25%,False,,,False,Pass,2026-07-industry-models-v7,92b0f35b2c927674,2026-08-01T06:15:07.736506+00:00,Only eligible listed class for CIK,,,,,,,,,,
SSNC,0001402436,SS&C Technologies Holdings Inc,NASDAQ,EQUITY,NMS,"SS&C Technologies Holdings, Inc. - Common Stock",COMMON_OR_EQUIVALENT,HIGH,NASDAQ Trader nasdaqlisted,170.969,Technology,Software - Application,18.08,1.816,48.1,83.93,3.667,3.462,淨負債/EBITDA,False,False,False,絕對毛利率>=25%,False,,,False,Pass,2026-07-industry-models-v7,92b0f35b2c927674,2026-08-01T06:14:30.103331+00:00,Only eligible listed class for CIK,,,,,,,,,,
FTV,0001659166,Fortive Corp,NYSE,EQUITY,NYQ,Fortive Corporation Common Stock,COMMON_OR_EQUIVALENT,HIGH,NASDAQ Trader otherlisted,181.935,Technology,Scientific & Technical Instruments,18.051,1.051,63.23,,2.914,2.611,淨負債/EBITDA,False,False,False,絕對毛利率>=25%,False,,,False,Pass,2026-07-industry-models-v7,92b0f35b2c927674,2026-08-01T06:15:13.203273+00:00,Only eligible listed class for CIK,,,,,,,,,,
WY,0000106535,WEYERHAEUSER CO,NYSE,EQUITY,NYQ,Weyerhaeuser Company Common Stock,COMMON_OR_EQUIVALENT,HIGH,NASDAQ Trader otherlisted,138.315,Real Estate,REIT - Specialty,18.048,,,,,,,,,,,,,,False,Pass,2026-07-industry-models-v7,92b0f35b2c927674,2026-08-01T06:15:15.965295+00:00,Only eligible listed class for CIK,REIT,REIT_EQUITY,True,"Nareit FFO/EBITDAre proxy, AFFO coverage, leverage and lease-growth model",True,87.0,Yahoo FFO unavailable; rebuild Nareit FFO proxy from SEC facts,,,
PFGC,0001618673,Performance Food Group Co,NYSE,EQUITY,NYQ,Performance Food Group Company Common Stock,COMMON_OR_EQUIVALENT,HIGH,NASDAQ Trader otherlisted,194.724,Consumer Defensive,Food Distribution,17.97,1.455,12.51,,4.841,4.813,淨負債/EBITDA,True,True,False,同業樣本不足(3)，交由 SEC 深篩,False,,,False,Pass,2026-07-industry-models-v7,92b0f35b2c927674,2026-08-01T06:15:18.811787+00:00,Only eligible listed class for CIK,,,,,,,,,,True
EWBC,0001069157,EAST WEST BANCORP INC,NASDAQ,EQUITY,NMS,"East West Bancorp, Inc. - Common Stock",COMMON_OR_EQUIVALENT,HIGH,NASDAQ Trader nasdaqlisted,120.526,Financial Services,Banks - Regional,17.947,,,,,,,,,,,,,,False,Pass,2026-07-industry-models-v7,92b0f35b2c927674,2026-08-01T06:15:21.580601+00:00,Only eligible listed class for CIK,BANK,BANK,True,"Tier 1 capital buffer, ROTCE, deposit funding and credit-loss model",True,91.0,,,,
BR,0001383312,"BROADRIDGE FINANCIAL SOLUTIONS, INC.",NYSE,EQUITY,NYQ,"Broadridge Financial Solutions, Inc. Common Stock",COMMON_OR_EQUIVALENT,HIGH,NASDAQ Trader otherlisted,221.245,Technology,Information Technology Services,17.806,1.368,31.31,98.7,1.934,1.76,淨負債/EBITDA,False,False,False,絕對毛利率>=25%,False,,,False,Pass,2026-07-industry-models-v7,92b0f35b2c927674,2026-08-01T06:15:27.156419+00:00,Only eligible listed class for CIK,,,,,,,,,,
GMAB,0001434265,GENMAB A/S,NASDAQ,EQUITY,NMS,Genmab A/S - American Depositary Shares,COMMON_ADS_INFERRED,MEDIUM,SEC annual cover unavailable; accepted unavailable; symbol-to-title mapping unresolved; inferred common: sole exchange-listed ADS class for this CIK,56.943,Healthcare,Biotechnology,17.724,0.902,93.31,13.55,4.023,2.877,淨負債/EBITDA,False,True,False,絕對毛利率>=25%,False,,,False,Pass,2026-07-industry-models-v7,92b0f35b2c927674,2026-08-01T06:15:30.067313+00:00,Only eligible listed class for CIK,,,,,,,,,,
INVH,0001687229,Invitation Homes Inc.,NYSE,EQUITY,NYQ,Invitation Homes Inc. Common Stock,COMMON_OR_EQUIVALENT,HIGH,NASDAQ Trader otherlisted,159.144,Real Estate,REIT - Residential,17.655,,,,,,,,,,,,,,False,Pass,2026-07-industry-models-v7,92b0f35b2c927674,2026-08-01T06:15:32.752224+00:00,Only eligible listed class for CIK,REIT,REIT_EQUITY,True,"Nareit FFO/EBITDAre proxy, AFFO coverage, leverage and lease-growth model",True,84.0,Yahoo FFO unavailable; rebuild Nareit FFO proxy from SEC facts,,,
LSCC,0000855658,LATTICE SEMICONDUCTOR CORP,NASDAQ,EQUITY,NMS,Lattice Semiconductor Corporation - Common Stock,COMMON_OR_EQUIVALENT,HIGH,NASDAQ Trader nasdaqlisted,267.255,Technology,Semiconductors,17.615,0.193,68.44,99.83,0.569,0.0,淨負債/EBITDA,False,False,True,絕對毛利率>=25%,False,,,False,Pass,2026-07-industry-models-v7,92b0f35b2c927674,2026-08-01T06:15:38.069211+00:00,Only eligible listed class for CIK,,,,,,,,,,
ITT,0000216228,ITT INC.,NYSE,EQUITY,NYQ,ITT Inc. Common Stock,COMMON_OR_EQUIVALENT,HIGH,NASDAQ Trader otherlisted,173.553,Industrials,Specialty Industrial Machinery,17.607,0.595,35.35,99.66,4.282,3.633,淨負債/EBITDA,False,True,False,絕對毛利率>=25%,False,,,False,Pass,2026-07-industry-models-v7,92b0f35b2c927674,2026-08-01T06:15:40.649367+00:00,Only eligible listed class for CIK,,,,,,,,,,
BEN,0000038777,FRANKLIN RESOURCES INC,NYSE,EQUITY,NYQ,"Franklin Resources, Inc. Common Stock",COMMON_OR_EQUIVALENT,HIGH,NASDAQ Trader otherlisted,155.464,Financial Services,Asset Management,17.595,,,,,,,,,,,,,,False,Pass,2026-07-industry-models-v7,92b0f35b2c927674,2026-08-01T06:15:43.229505+00:00,Only eligible listed class for CIK,FINANCIAL_SPECIALTY,FINANCIAL_FEE,True,"Fee-financial margin, cash conversion, tangible capital and balance-sheet model",True,97.0,,,,
DKS,0001089063,"DICK'S SPORTING GOODS, INC.",NYSE,EQUITY,NYQ,Dick's Sporting Goods Inc Common Stock,COMMON_OR_EQUIVALENT,HIGH,NASDAQ Trader otherlisted,234.395,Consumer Cyclical,Specialty Retail,17.534,1.636,33.56,,3.513,3.063,淨負債/EBITDA,False,False,False,絕對毛利率>=25%,False,,,False,Pass,2026-07-industry-models-v7,92b0f35b2c927674,2026-08-01T06:15:45.991217+00:00,Only eligible listed class for CIK,,,,,,,,,,
RBC,0001324948,RBC Bearings INC,NYSE,EQUITY,NYQ,RBC Bearings Incorporated Common Stock,COMMON_OR_EQUIVALENT,HIGH,NASDAQ Trader otherlisted,145.564,Industrials,Tools & Accessories,17.441,0.416,45.19,,1.736,1.635,淨負債/EBITDA,False,False,False,絕對毛利率>=25%,False,,,False,Pass,2026-07-industry-models-v7,92b0f35b2c927674,2026-08-01T06:15:48.706684+00:00,Only eligible listed class for CIK,,,,,,,,,,
HST,0001070750,"HOST HOTELS & RESORTS, INC.",NASDAQ,EQUITY,NMS,"Host Hotels & Resorts, Inc. - Common Stock",COMMON_OR_EQUIVALENT,HIGH,NASDAQ Trader nasdaqlisted,232.505,Real Estate,REIT - Hotel & Motel,17.434,,,,,,,,,,,,,,False,Pass,2026-07-industry-models-v7,92b0f35b2c927674,2026-08-01T06:16:05.068808+00:00,Only eligible listed class for CIK,REIT,REIT_EQUITY,True,"Nareit FFO/EBITDAre proxy, AFFO coverage, leverage and lease-growth model",True,87.0,Yahoo FFO unavailable; rebuild Nareit FFO proxy from SEC facts,,,
CHRW,0001043277,"C. H. ROBINSON WORLDWIDE, INC.",NASDAQ,EQUITY,NMS,"C.H. Robinson Worldwide, Inc. - Common Stock",COMMON_OR_EQUIVALENT,HIGH,NASDAQ Trader nasdaqlisted,284.32,Industrials,Integrated Freight & Logistics,17.413,0.685,8.45,,2.125,1.959,淨負債/EBITDA,False,False,False,低於同業中位數，交由 SEC 深篩,False,,,False,Pass,2026-07-industry-models-v7,92b0f35b2c927674,2026-08-01T06:15:51.497382+00:00,Only eligible listed class for CIK,,,,,,,,,19.03,True
PAA,0001070423,PLAINS ALL AMERICAN PIPELINE LP,NASDAQ,EQUITY,NMS,"Plains All American Pipeline, L.P. - Common Units representing Limited Partner Interests",COMMON_OR_EQUIVALENT,HIGH,NASDAQ Trader nasdaqlisted,62.197,Energy,Oil & Gas Midstream,17.335,,,,,,,,,,,,,,False,Pass,2026-07-industry-models-v7,92b0f35b2c927674,2026-08-01T06:15:54.323862+00:00,Only eligible listed class for CIK,CYCLICAL_MIDCYCLE,CYCLICAL_MIDCYCLE,True,Peak/current/mid-cycle/trough EBITDA and trough-survival model,True,97.0,,,,
BALL,0000009389,BALL Corp,NYSE,EQUITY,NYQ,Ball Corporation Common Stock,COMMON_OR_EQUIVALENT,HIGH,NASDAQ Trader otherlisted,179.631,Consumer Cyclical,Packaging & Containers,17.279,1.15,19.17,90.89,3.983,3.626,淨負債/EBITDA,False,False,False,低於同業中位數，交由 SEC 深篩,False,,,False,Pass,2026-07-industry-models-v7,92b0f35b2c927674,2026-08-01T06:15:59.597937+00:00,Only eligible listed class for CIK,,,,,,,,,20.84,True
OVV,0001792580,Ovintiv Inc.,NYSE,EQUITY,NYQ,Ovintiv Inc. (DE),COMMON_OR_EQUIVALENT,HIGH,NASDAQ Trader otherlisted,221.753,Energy,Oil & Gas E&P,17.276,,,,,,,,,,,,,,False,Pass,2026-07-industry-models-v7,92b0f35b2c927674,2026-08-01T06:16:02.363863+00:00,Only eligible listed class for CIK,CYCLICAL_MIDCYCLE,CYCLICAL_MIDCYCLE,True,Peak/current/mid-cycle/trough EBITDA and trough-survival model,True,97.0,,,,
KIM,0000879101,KIMCO REALTY CORP,NYSE,EQUITY,NYQ,Kimco Realty Corporation (HC) Common Stock,COMMON_OR_EQUIVALENT,HIGH,NASDAQ Trader otherlisted,122.969,Real Estate,REIT - Retail,17.183,,,,,,,,,,,,,,False,Pass,2026-07-industry-models-v7,92b0f35b2c927674,2026-08-01T06:16:07.780912+00:00,Only eligible listed class for CIK,REIT,REIT_EQUITY,True,"Nareit FFO/EBITDAre proxy, AFFO coverage, leverage and lease-growth model",True,87.0,Yahoo FFO unavailable; rebuild Nareit FFO proxy from SEC facts,,,
APG,0001796209,APi Group Corp,NYSE,EQUITY,NYQ,APi Group Corporation Common Stock,COMMON_OR_EQUIVALENT,HIGH,NASDAQ Trader otherlisted,116.311,Industrials,Engineering & Construction,17.148,0.782,31.43,84.8,3.611,2.811,淨負債/EBITDA,False,False,False,絕對毛利率>=25%,False,,,False,Pass,2026-07-industry-models-v7,92b0f35b2c927674,2026-08-01T06:16:10.426223+00:00,Only eligible listed class for CIK,,,,,,,,,,
GPC,0000040987,GENUINE PARTS CO,NYSE,EQUITY,NYQ,Genuine Parts Company Common Stock,COMMON_OR_EQUIVALENT,HIGH,NASDAQ Trader otherlisted,224.313,Consumer Cyclical,Auto Parts,17.146,,,,,,,,,,,,,,False,Pass,2026-07-industry-models-v7,92b0f35b2c927674,2026-08-01T06:16:13.094366+00:00,Only eligible listed class for CIK,CYCLICAL_MIDCYCLE,CYCLICAL_MIDCYCLE,True,Peak/current/mid-cycle/trough EBITDA and trough-survival model,True,97.0,,,,
NLY,0001043219,ANNALY CAPITAL MANAGEMENT INC,NYSE,EQUITY,NYQ,Annaly Capital Management Inc. Common Stock,COMMON_OR_EQUIVALENT,HIGH,NASDAQ Trader otherlisted,170.491,Real Estate,REIT - Mortgage,17.124,,,,,,,,,,,,,,False,Pass,2026-07-industry-models-v7,92b0f35b2c927674,2026-08-01T06:16:15.791450+00:00,Only eligible listed class for CIK,REIT,REIT_MORTGAGE,True,"Mortgage-REIT book capital, leverage, income and dividend-coverage model",True,94.0,,,,
CX,0001076378,CEMEX SAB DE CV,NYSE,EQUITY,NYQ,"Cemex, S.A.B. de C.V. Sponsored ADR",COMMON_ADS_INFERRED,MEDIUM,SEC annual cover unavailable; accepted unavailable; symbol-to-title mapping unresolved; inferred common: sole exchange-listed ADS class for this CIK,62.271,Basic Materials,Building Materials,17.056,,,,,,,,,,,,,,False,Pass,2026-07-industry-models-v7,92b0f35b2c927674,2026-08-01T06:16:18.422286+00:00,Only eligible listed class for CIK,CYCLICAL_MIDCYCLE,CYCLICAL_MIDCYCLE,True,Peak/current/mid-cycle/trough EBITDA and trough-survival model,True,97.0,,,,
IEX,0000832101,IDEX CORP /DE/,NYSE,EQUITY,NYQ,IDEX Corporation Common Stock,COMMON_OR_EQUIVALENT,HIGH,NASDAQ Trader otherlisted,166.085,Industrials,Specialty Industrial Machinery,16.989,0.717,44.73,,1.948,1.306,淨負債/EBITDA,False,False,False,絕對毛利率>=25%,False,,,False,Pass,2026-07-industry-models-v7,92b0f35b2c927674,2026-08-01T06:16:21.141369+00:00,Only eligible listed class for CIK,,,,,,,,,,
KSPI,0001985487,Joint Stock Co Kaspi.kz,NASDAQ,EQUITY,NMS,Joint Stock Company Kaspi.kz - American Depository Shares,COMMON_ADS_INFERRED,MEDIUM,SEC annual cover unavailable; accepted unavailable; symbol-to-title mapping unresolved; inferred common: sole exchange-listed ADS class for this CIK,35.945,Technology,Software - Infrastructure,16.871,,69.24,48.17,,,待 SEC 確認,False,False,False,絕對毛利率>=25%,True,Yahoo OCF missing; defer to SEC | Yahoo total debt missing; defer to SEC | Yahoo revenue missing; defer to SEC,,False,Pass,2026-07-industry-models-v7,92b0f35b2c927674,2026-08-01T06:16:23.868612+00:00,Only eligible listed class for CIK,,,,,,,,,,
RGLD,0000085535,ROYAL GOLD INC,NASDAQ,EQUITY,NMS,"Royal Gold, Inc. - Common Stock",COMMON_OR_EQUIVALENT,HIGH,NASDAQ Trader nasdaqlisted,145.072,Basic Materials,Gold,16.833,,,,,,,,,,,,,,False,Pass,2026-07-industry-models-v7,92b0f35b2c927674,2026-08-01T06:16:26.507394+00:00,Only eligible listed class for CIK,CYCLICAL_MIDCYCLE,CYCLICAL_MIDCYCLE,True,Peak/current/mid-cycle/trough EBITDA and trough-survival model,True,97.0,,,,
TPG,0001880661,TPG Inc.,NASDAQ,EQUITY,NMS,TPG Inc. - Class A Common Stock,COMMON_OR_EQUIVALENT,HIGH,NASDAQ Trader nasdaqlisted,98.544,Financial Services,Asset Management,16.779,,,,,,,,,,,,,,False,Pass,2026-07-industry-models-v7,92b0f35b2c927674,2026-08-01T06:38:05.919857+00:00,Only eligible listed class for CIK,FINANCIAL_SPECIALTY,FINANCIAL_FEE,True,"Fee-financial margin, cash conversion, tangible capital and balance-sheet model",True,94.0,,,,
NBIX,0000914475,NEUROCRINE BIOSCIENCES INC,NASDAQ,EQUITY,NMS,"Neurocrine Biosciences, Inc. - Common Stock",COMMON_OR_EQUIVALENT,HIGH,NASDAQ Trader nasdaqlisted,213.036,Healthcare,Drug Manufacturers - Specialty & Generic,16.772,,67.81,,0.481,0.014,淨負債/EBITDA,False,False,False,絕對毛利率>=25%,True,Yahoo OCF missing; defer to SEC,,False,Pass,2026-07-industry-models-v7,92b0f35b2c927674,2026-08-01T06:16:29.108970+00:00,Only eligible listed class for CIK,,,,,,,,,,
WPC,0001025378,W. P. Carey Inc.,NYSE,EQUITY,NYQ,W. P. Carey Inc. REIT,COMMON_OR_EQUIVALENT,HIGH,NASDAQ Trader otherlisted,111.254,Real Estate,REIT - Diversified,16.767,,,,,,,,,,,,,,False,Pass,2026-07-industry-models-v7,92b0f35b2c927674,2026-08-01T06:16:31.873988+00:00,Only eligible listed class for CIK,REIT,REIT_EQUITY,True,"Nareit FFO/EBITDAre proxy, AFFO coverage, leverage and lease-growth model",True,87.0,Yahoo FFO unavailable; rebuild Nareit FFO proxy from SEC facts,,,
AKAM,0001086222,AKAMAI TECHNOLOGIES INC,NASDAQ,EQUITY,NMS,"Akamai Technologies, Inc. - Common Stock",COMMON_OR_EQUIVALENT,HIGH,NASDAQ Trader nasdaqlisted,571.527,Technology,Software - Infrastructure,16.745,1.58,58.28,,5.116,4.305,淨負債/EBITDA,True,True,False,絕對毛利率>=25%,False,,,False,Pass,2026-07-industry-models-v7,92b0f35b2c927674,2026-08-01T06:16:34.567407+00:00,Only eligible listed class for CIK,,,,,,,,,,
WCC,0000929008,WESCO INTERNATIONAL INC,NYSE,EQUITY,NYQ,"WESCO International, Inc. Common Stock",COMMON_OR_EQUIVALENT,HIGH,NASDAQ Trader otherlisted,225.966,Industrials,Industrial Distribution,16.739,0.264,21.4,,3.767,3.253,淨負債/EBITDA,False,False,False,低於同業中位數，交由 SEC 深篩,False,,,False,Pass,2026-07-industry-models-v7,92b0f35b2c927674,2026-08-01T06:16:37.213066+00:00,Only eligible listed class for CIK,,,,,,,,,29.58,True
CRCL,0001876042,"Circle Internet Group, Inc.",NYSE,EQUITY,NYQ,"Circle Internet Group, Inc. Class A Common Stock",COMMON_OR_EQUIVALENT,HIGH,NASDAQ Trader otherlisted,944.28,Financial Services,Capital Markets,16.735,,,,,,,,,,,,,,False,Pass,2026-07-industry-models-v7,92b0f35b2c927674,2026-08-01T06:17:53.203384+00:00,Only eligible listed class for CIK,FINANCIAL_SPECIALTY,FINANCIAL_FEE,True,"Fee-financial margin, cash conversion, tangible capital and balance-sheet model",True,97.0,,,,
WF,0001264136,WOORI FINANCIAL GROUP INC.,NYSE,EQUITY,NYQ,Woori Financial Group Inc. American Depositary Shares (each representing three (3) shares of Common Stock),COMMON_OR_EQUIVALENT,HIGH,NASDAQ Trader otherlisted,12.34,Financial Services,Banks - Regional,16.728,,,,,,,,,,,,,,False,Pass,2026-07-industry-models-v7,92b0f35b2c927674,2026-08-01T06:16:39.903008+00:00,Only eligible listed class for CIK,BANK,BANK,True,"Tier 1 capital buffer, ROTCE, deposit funding and credit-loss model",True,91.0,,,,
NDSN,0000072331,NORDSON CORP,NASDAQ,EQUITY,NMS,Nordson Corporation - Common Stock,COMMON_OR_EQUIVALENT,HIGH,NASDAQ Trader nasdaqlisted,118.442,Industrials,Specialty Industrial Machinery,16.592,0.762,55.22,77.0,2.166,2.053,淨負債/EBITDA,False,False,False,絕對毛利率>=25%,False,,,False,Pass,2026-07-industry-models-v7,92b0f35b2c927674,2026-08-01T06:16:42.517891+00:00,Only eligible listed class for CIK,,,,,,,,,,
CG,0001527166,Carlyle Group Inc.,NASDAQ,EQUITY,NMS,The Carlyle Group Inc. - Common Stock,COMMON_OR_EQUIVALENT,HIGH,NASDAQ Trader nasdaqlisted,155.734,Financial Services,Asset Management,16.566,,,,,,,,,,,,,,False,Pass,2026-07-industry-models-v7,92b0f35b2c927674,2026-08-01T06:16:45.314183+00:00,Only eligible listed class for CIK,FINANCIAL_SPECIALTY,FINANCIAL_FEE,True,"Fee-financial margin, cash conversion, tangible capital and balance-sheet model",True,94.0,,,,
CLH,0000822818,CLEAN HARBORS INC,NYSE,EQUITY,NYQ,"Clean Harbors, Inc. Common Stock",COMMON_OR_EQUIVALENT,HIGH,NASDAQ Trader otherlisted,171.155,Industrials,Waste Management,16.516,0.903,32.26,95.71,2.715,2.283,淨負債/EBITDA,False,False,False,絕對毛利率>=25%,False,,,False,Pass,2026-07-industry-models-v7,92b0f35b2c927674,2026-08-01T06:16:48.040651+00:00,Only eligible listed class for CIK,,,,,,,,,,
YUMC,0001673358,"Yum China Holdings, Inc.",NYSE,EQUITY,NYQ,"Yum China Holdings, Inc. Common Stock",COMMON_OR_EQUIVALENT,HIGH,NASDAQ Trader otherlisted,82.248,Consumer Cyclical,Restaurants,16.51,1.578,20.33,74.45,0.991,0.254,淨負債/EBITDA,False,False,False,低於同業中位數，交由 SEC 深篩,False,,,False,Pass,2026-07-industry-models-v7,92b0f35b2c927674,2026-08-01T06:16:50.681408+00:00,Only eligible listed class for CIK,,,,,,,,,28.71,True
EMA,0001127248,EMERA INC,NYSE,EQUITY,NYQ,Emera Incorporated Common Shares,COMMON_OR_EQUIVALENT,HIGH,NASDAQ Trader otherlisted,22.638,Utilities,Utilities - Regulated Electric,16.485,,,,,,,,,,,,,,False,Pass,2026-07-industry-models-v7,92b0f35b2c927674,2026-08-01T06:16:56.074504+00:00,Only eligible listed class for CIK,REGULATED_UTILITY,REGULATED_UTILITY,True,"Regulated-asset growth proxy, capex funding, capital structure and coverage model",True,97.0,,,,
NVR,0000906163,NVR INC,NYSE,EQUITY,NYQ,"NVR, Inc. Common Stock",COMMON_OR_EQUIVALENT,HIGH,NASDAQ Trader otherlisted,182.371,Consumer Cyclical,Residential Construction,16.463,,21.84,89.39,0.684,0.0,淨負債/EBITDA,False,False,True,低於25%但高於同業中位數,True,Yahoo OCF missing; defer to SEC,,False,Pass,2026-07-industry-models-v7,92b0f35b2c927674,2026-08-01T06:16:58.628417+00:00,Only eligible listed class for CIK,,,,,,,,,21.84,False
GEN,0000849399,Gen Digital Inc.,NASDAQ,EQUITY,NMS,Gen Digital Inc. - Common Stock,COMMON_OR_EQUIVALENT,HIGH,NASDAQ Trader nasdaqlisted,188.223,Technology,Software - Infrastructure,16.431,1.545,78.46,90.8,3.458,3.289,淨負債/EBITDA,False,False,False,絕對毛利率>=25%,False,,,False,Pass,2026-07-industry-models-v7,92b0f35b2c927674,2026-08-01T06:17:01.390628+00:00,Only eligible listed class for CIK,,,,,,,,,,
H,0001468174,Hyatt Hotels Corp,NYSE,EQUITY,NYQ,Hyatt Hotels Corporation Class A Common Stock,COMMON_OR_EQUIVALENT,HIGH,NASDAQ Trader otherlisted,153.554,Consumer Cyclical,Lodging,16.403,,45.64,,,,待 SEC 確認,False,False,False,絕對毛利率>=25%,True,Yahoo OCF missing; defer to SEC | Yahoo total debt missing; defer to SEC,,False,Pass,2026-07-industry-models-v7,92b0f35b2c927674,2026-08-01T06:17:04.162513+00:00,Only eligible listed class for CIK,,,,,,,,,,
JLL,0001037976,JONES LANG LASALLE INC,NYSE,EQUITY,NYQ,Jones Lang LaSalle Incorporated Common Stock,COMMON_OR_EQUIVALENT,HIGH,NASDAQ Trader otherlisted,139.722,Real Estate,Real Estate Services,16.334,1.362,51.23,96.14,1.916,1.643,淨負債/EBITDA,False,False,False,絕對毛利率>=25%,False,,,False,Pass,2026-07-industry-models-v7,92b0f35b2c927674,2026-08-01T06:17:06.994788+00:00,Only eligible listed class for CIK,,,,,,,,,,
BSAC,0001027552,BANCO SANTANDER CHILE,NYSE,EQUITY,NYQ,Banco Santander - Chile ADS,COMMON_ADS_INFERRED,MEDIUM,SEC annual cover unavailable; accepted unavailable; symbol-to-title mapping unresolved; inferred common: sole exchange-listed ADS class for this CIK,13.489,Financial Services,Banks - Regional,16.305,,,,,,,,,,,,,,False,Pass,2026-07-industry-models-v7,92b0f35b2c927674,2026-08-01T06:17:09.804267+00:00,Only eligible listed class for CIK,BANK,BANK,True,"Tier 1 capital buffer, ROTCE, deposit funding and credit-loss model",True,91.0,,,,
DINO,0001915657,HF Sinclair Corp,NYSE,EQUITY,NYQ,HF Sinclair Corporation Common Stock,COMMON_OR_EQUIVALENT,HIGH,NASDAQ Trader otherlisted,236.805,Energy,Oil & Gas Refining & Marketing,16.262,,,,,,,,,,,,,,False,Pass,2026-07-industry-models-v7,92b0f35b2c927674,2026-08-01T06:16:53.396496+00:00,Only eligible listed class for CIK,CYCLICAL_MIDCYCLE,CYCLICAL_MIDCYCLE,True,Peak/current/mid-cycle/trough EBITDA and trough-survival model,True,91.0,,,,
LAMR,0001090425,LAMAR ADVERTISING CO/NEW,NASDAQ,EQUITY,NMS,Lamar Advertising Company - Class A Common Stock,COMMON_OR_EQUIVALENT,HIGH,NASDAQ Trader nasdaqlisted,107.476,Real Estate,REIT - Specialty,16.232,,,,,,,,,,,,,,False,Pass,2026-07-industry-models-v7,92b0f35b2c927674,2026-08-01T06:17:12.572231+00:00,Only eligible listed class for CIK,REIT,REIT_EQUITY,True,"Nareit FFO/EBITDAre proxy, AFFO coverage, leverage and lease-growth model",True,87.0,Yahoo FFO unavailable; rebuild Nareit FFO proxy from SEC facts,,,
TSCO,0000916365,TRACTOR SUPPLY CO /DE/,NASDAQ,EQUITY,NMS,Tractor Supply Company - Common Stock,COMMON_OR_EQUIVALENT,HIGH,NASDAQ Trader nasdaqlisted,391.856,Consumer Cyclical,Specialty Retail,16.137,1.286,36.5,94.79,3.389,3.269,淨負債/EBITDA,False,False,False,絕對毛利率>=25%,False,,,False,Pass,2026-07-industry-models-v7,92b0f35b2c927674,2026-08-01T06:17:15.172283+00:00,Only eligible listed class for CIK,,,,,,,,,,
MEDP,0001668397,"Medpace Holdings, Inc.",NASDAQ,EQUITY,NMS,"Medpace Holdings, Inc. - Common Stock",COMMON_OR_EQUIVALENT,HIGH,NASDAQ Trader nasdaqlisted,198.735,Healthcare,Diagnostics & Research,16.108,0.753,72.35,89.04,0.236,0.0,淨負債/EBITDA,False,False,True,絕對毛利率>=25%,False,,,False,Pass,2026-07-industry-models-v7,92b0f35b2c927674,2026-08-01T06:17:17.949425+00:00,Only eligible listed class for CIK,,,,,,,,,,
PKX,0000889132,POSCO HOLDINGS INC.,NYSE,EQUITY,NYQ,POSCO HOLDINGS INC. American Depositary Shares (Each representing 1/4th of a share of Common Stock),COMMON_OR_EQUIVALENT,HIGH,NASDAQ Trader otherlisted,21.08,Basic Materials,Steel,16.083,,,,,,,,,,,,,,False,Pass,2026-07-industry-models-v7,92b0f35b2c927674,2026-08-01T06:17:20.788233+00:00,Only eligible listed class for CIK,CYCLICAL_MIDCYCLE,CYCLICAL_MIDCYCLE,True,Peak/current/mid-cycle/trough EBITDA and trough-survival model,True,97.0,,,,
VNOM,0002074176,"Viper Energy, Inc.",NASDAQ,EQUITY,NMS,"Viper Energy, Inc.  - Class A Common Stock",COMMON_OR_EQUIVALENT,HIGH,NASDAQ Trader nasdaqlisted,77.635,Energy,Oil & Gas Midstream,16.061,,,,,,,,,,,,,,False,Pass,2026-07-industry-models-v7,92b0f35b2c927674,2026-08-01T06:32:06.310705+00:00,Only eligible listed class for CIK,CYCLICAL_MIDCYCLE,CYCLICAL_MIDCYCLE,True,Peak/current/mid-cycle/trough EBITDA and trough-survival model,True,97.0,,,,
OWL,0001823945,BLUE OWL CAPITAL INC.,NYSE,EQUITY,NYQ,Blue Owl Capital Inc. Class A Common Stock,COMMON_OR_EQUIVALENT,HIGH,NASDAQ Trader otherlisted,238.278,Financial Services,Asset Management,16.058,,,,,,,,,,,,,,False,Pass,2026-07-industry-models-v7,92b0f35b2c927674,2026-08-01T06:38:08.704870+00:00,Only eligible listed class for CIK,FINANCIAL_SPECIALTY,FINANCIAL_FEE,True,"Fee-financial margin, cash conversion, tangible capital and balance-sheet model",True,91.0,,,,
SITM,0001451809,SITIME Corp,NASDAQ,EQUITY,NGM,SiTime Corporation - Common Stock,COMMON_OR_EQUIVALENT,HIGH,NASDAQ Trader nasdaqlisted,312.978,Technology,Semiconductors,16.032,0.103,55.7,,0.936,0.0,淨負債/EBITDA,False,False,True,絕對毛利率>=25%,False,,,False,Pass,2026-07-industry-models-v7,92b0f35b2c927674,2026-08-01T06:17:23.724295+00:00,Only eligible listed class for CIK,,,,,,,,,,
TIGO,0000912958,MILLICOM INTERNATIONAL CELLULAR SA,NASDAQ,EQUITY,NMS,Millicom International Cellular S.A. - Common Stock,COMMON_OR_EQUIVALENT,HIGH,NASDAQ Trader nasdaqlisted,169.338,Communication Services,Telecom Services,15.997,1.976,77.07,47.93,4.266,3.844,淨負債/EBITDA,False,True,False,絕對毛利率>=25%,False,,,False,Pass,2026-07-industry-models-v7,92b0f35b2c927674,2026-08-01T06:17:28.895547+00:00,Only eligible listed class for CIK,,,,,,,,,,
OHI,0000888491,OMEGA HEALTHCARE INVESTORS INC,NYSE,EQUITY,NYQ,"Omega Healthcare Investors, Inc. Common Stock",COMMON_OR_EQUIVALENT,HIGH,NASDAQ Trader otherlisted,112.958,Real Estate,REIT - Healthcare Facilities,15.968,,,,,,,,,,,,,,False,Pass,2026-07-industry-models-v7,92b0f35b2c927674,2026-08-01T06:18:25.446407+00:00,Only eligible listed class for CIK,REIT,REIT_EQUITY,True,"Nareit FFO/EBITDAre proxy, AFFO coverage, leverage and lease-growth model",True,84.0,Yahoo FFO unavailable; rebuild Nareit FFO proxy from SEC facts,,,
NTNX,0001618732,"Nutanix, Inc.",NASDAQ,EQUITY,NMS,"Nutanix, Inc. - Class A Common Stock",COMMON_OR_EQUIVALENT,HIGH,NASDAQ Trader nasdaqlisted,229.397,Technology,Software - Infrastructure,15.952,0.821,87.09,90.6,4.848,0.0,淨負債/EBITDA,False,True,True,絕對毛利率>=25%,False,,,False,Pass,2026-07-industry-models-v7,92b0f35b2c927674,2026-08-01T06:17:34.213552+00:00,Only eligible listed class for CIK,,,,,,,,,,
J,0000052988,JACOBS SOLUTIONS INC.,NYSE,EQUITY,NYQ,Jacobs Solutions Inc. Common Stock,COMMON_OR_EQUIVALENT,HIGH,NASDAQ Trader otherlisted,173.044,Industrials,Engineering & Construction,15.933,0.572,23.42,93.01,4.447,3.108,淨負債/EBITDA,False,True,False,低於25%但高於同業中位數,False,,,False,Pass,2026-07-industry-models-v7,92b0f35b2c927674,2026-08-01T06:17:37.054501+00:00,Only eligible listed class for CIK,,,,,,,,,20.6,False
PNFP,0002082866,"Pinnacle Financial Partners, Inc.",NYSE,EQUITY,NYQ,"Pinnacle Financial Partners, Inc. Common stock",COMMON_OR_EQUIVALENT,HIGH,NASDAQ Trader otherlisted,133.144,Financial Services,Banks - Regional,15.89,,,,,,,,,,,,,,False,Pass,2026-07-industry-models-v7,92b0f35b2c927674,2026-08-01T06:17:39.867320+00:00,Only eligible listed class for CIK,BANK,BANK,True,"Tier 1 capital buffer, ROTCE, deposit funding and credit-loss model",True,91.0,,,,
JAZZ,0001232524,Jazz Pharmaceuticals plc,NASDAQ,EQUITY,NMS,Jazz Pharmaceuticals plc - Ordinary Shares,COMMON_OR_EQUIVALENT,HIGH,NASDAQ Trader nasdaqlisted,218.987,Healthcare,Biotechnology,15.865,1.334,91.5,,2.697,1.266,淨負債/EBITDA,False,False,False,絕對毛利率>=25%,False,,,False,Pass,2026-07-industry-models-v7,92b0f35b2c927674,2026-08-01T06:17:42.433361+00:00,Only eligible listed class for CIK,,,,,,,,,,
PTC,0000857005,PTC INC.,NASDAQ,EQUITY,NMS,PTC Inc. - Common Stock,COMMON_OR_EQUIVALENT,HIGH,NASDAQ Trader nasdaqlisted,255.664,Technology,Software - Application,15.847,0.955,84.5,,1.26,0.985,淨負債/EBITDA,False,False,False,絕對毛利率>=25%,False,,,False,Pass,2026-07-industry-models-v7,92b0f35b2c927674,2026-08-01T06:17:45.012377+00:00,Only eligible listed class for CIK,,,,,,,,,,
MAA,0000912595,MID AMERICA APARTMENT COMMUNITIES INC.,NYSE,EQUITY,NYQ,"Mid-America Apartment Communities, Inc. Common Stock",COMMON_OR_EQUIVALENT,HIGH,NASDAQ Trader otherlisted,138.073,Real Estate,REIT - Residential,15.792,,,,,,,,,,,,,,False,Pass,2026-07-industry-models-v7,92b0f35b2c927674,2026-08-01T06:18:09.435601+00:00,Only eligible listed class for CIK,REIT,REIT_EQUITY,True,"Nareit FFO/EBITDAre proxy, AFFO coverage, leverage and lease-growth model",True,87.0,Yahoo FFO unavailable; rebuild Nareit FFO proxy from SEC facts,,,
SUI,0000912593,SUN COMMUNITIES INC,NYSE,EQUITY,NYQ,"Sun Communities, Inc. Common Stock",COMMON_OR_EQUIVALENT,HIGH,NASDAQ Trader otherlisted,166.452,Real Estate,REIT - Residential,15.788,,,,,,,,,,,,,,False,Pass,2026-07-industry-models-v7,92b0f35b2c927674,2026-08-01T06:18:20.145354+00:00,Only eligible listed class for CIK,REIT,REIT_EQUITY,True,"Nareit FFO/EBITDAre proxy, AFFO coverage, leverage and lease-growth model",True,87.0,Yahoo FFO unavailable; rebuild Nareit FFO proxy from SEC facts,,,
FN,0001408710,Fabrinet,NYSE,EQUITY,NYQ,Fabrinet Ordinary Shares,COMMON_OR_EQUIVALENT,HIGH,NASDAQ Trader otherlisted,432.26,Technology,Electronic Components,15.601,0.257,12.04,,0.009,0.0,淨負債/EBITDA,False,False,True,低於同業中位數，交由 SEC 深篩,False,,,False,Pass,2026-07-industry-models-v7,92b0f35b2c927674,2026-08-01T06:17:50.503556+00:00,Only eligible listed class for CIK,,,,,,,,,21.0,True
RGA,0000898174,REINSURANCE GROUP OF AMERICA INC,NYSE,EQUITY,NYQ,"Reinsurance Group of America, Incorporated Common Stock",COMMON_OR_EQUIVALENT,HIGH,NASDAQ Trader otherlisted,89.522,Financial Services,Insurance - Reinsurance,15.517,,,,,,,,,,,,,,False,Pass,2026-07-industry-models-v7,92b0f35b2c927674,2026-08-01T06:17:55.902232+00:00,Only eligible listed class for CIK,INSURANCE,INSURANCE_P_AND_C,True,"Dedicated underwriting, claims, capital and reserve-development model",True,97.0,,,,
TME,0001744676,Tencent Music Entertainment Group,NYSE,EQUITY,NYQ,"Tencent Music Entertainment Group American Depositary Shares, each representing two Class A Ordinary Shares",COMMON_OR_EQUIVALENT,HIGH,NASDAQ Trader otherlisted,91.566,Communication Services,Internet Content & Information,15.472,10.044,44.37,59.3,0.433,0.0,淨負債/EBITDA,False,False,True,絕對毛利率>=25%,False,,,False,Pass,2026-07-industry-models-v7,92b0f35b2c927674,2026-08-01T06:17:58.696252+00:00,Only eligible listed class for CIK,,,,,,,,,,
BWXT,0001486957,"BWX Technologies, Inc.",NYSE,EQUITY,NYQ,"BWX Technologies, Inc. Common Stock",COMMON_OR_EQUIVALENT,HIGH,NASDAQ Trader otherlisted,167.457,Industrials,Aerospace & Defense,15.455,0.522,22.66,95.18,4.344,3.241,淨負債/EBITDA,False,True,False,低於同業中位數，交由 SEC 深篩,False,,,False,Pass,2026-07-industry-models-v7,92b0f35b2c927674,2026-08-01T06:18:01.344639+00:00,Only eligible listed class for CIK,,,,,,,,,27.27,True
LTM,0001047716,LATAM AIRLINES GROUP S.A.,NYSE,EQUITY,NYQ,"LATAM Airlines Group S.A. American Depositary Shares (each representing two thousand (2,000) shares of Common Stock)",COMMON_OR_EQUIVALENT,HIGH,NASDAQ Trader otherlisted,42.766,Industrials,Airlines,15.445,,,,,,,,,,,,,,False,Pass,2026-07-industry-models-v7,92b0f35b2c927674,2026-08-01T06:18:03.954039+00:00,Only eligible listed class for CIK,CYCLICAL_MIDCYCLE,CYCLICAL_MIDCYCLE,True,Peak/current/mid-cycle/trough EBITDA and trough-survival model,True,97.0,,,,
DVA,0000927066,DAVITA INC.,NYSE,EQUITY,NYQ,DaVita Inc. Common Stock,COMMON_OR_EQUIVALENT,HIGH,NASDAQ Trader otherlisted,206.648,Healthcare,Medical Care Facilities,15.41,2.027,32.45,52.95,4.734,4.495,淨負債/EBITDA,True,True,False,絕對毛利率>=25%,False,,,False,Pass,2026-07-industry-models-v7,92b0f35b2c927674,2026-08-01T06:18:06.579831+00:00,Only eligible listed class for CIK,,,,,,,,,,
CDE,0000215466,"Coeur Mining, Inc.",NYSE,EQUITY,NYQ,"Coeur Mining, Inc. Common Stock",COMMON_OR_EQUIVALENT,HIGH,NASDAQ Trader otherlisted,473.098,Basic Materials,Gold,15.365,,,,,,,,,,,,,,False,Pass,2026-07-industry-models-v7,92b0f35b2c927674,2026-08-01T06:18:12.184483+00:00,Only eligible listed class for CIK,CYCLICAL_MIDCYCLE,CYCLICAL_MIDCYCLE,True,Peak/current/mid-cycle/trough EBITDA and trough-survival model,True,97.0,,,,
KEP,0000887225,KOREA ELECTRIC POWER CORP,NYSE,EQUITY,NYQ,Korea Electric Power Corporation Common Stock,COMMON_OR_EQUIVALENT,HIGH,NASDAQ Trader otherlisted,13.854,Utilities,Utilities - Regulated Electric,15.343,,,,,,,,,,,,,,False,Pass,2026-07-industry-models-v7,92b0f35b2c927674,2026-08-01T06:18:14.769022+00:00,Only eligible listed class for CIK,REGULATED_UTILITY,REGULATED_UTILITY,True,"Regulated-asset growth proxy, capex funding, capital structure and coverage model",True,97.0,,,,
JHX,0001159152,James Hardie Industries plc,NYSE,EQUITY,NYQ,James Hardie Industries plc. Ordinary Shares,COMMON_OR_EQUIVALENT,HIGH,NASDAQ Trader otherlisted,197.062,Basic Materials,Building Materials,15.257,,,,,,,,,,,,,,False,Pass,2026-07-industry-models-v7,92b0f35b2c927674,2026-08-01T06:18:17.487474+00:00,Only eligible listed class for CIK,CYCLICAL_MIDCYCLE,CYCLICAL_MIDCYCLE,True,Peak/current/mid-cycle/trough EBITDA and trough-survival model,True,97.0,,,,
GIB,0001061574,CGI INC,NYSE,EQUITY,NYQ,CGI Inc. Common Stock,COMMON_OR_EQUIVALENT,HIGH,NASDAQ Trader otherlisted,37.224,Technology,Information Technology Services,15.148,2.591,20.43,73.87,1.531,1.313,淨負債/EBITDA,False,False,False,低於同業中位數，交由 SEC 深篩,False,,,False,Pass,2026-07-industry-models-v7,92b0f35b2c927674,2026-08-01T06:18:22.761140+00:00,Only eligible listed class for CIK,,,,,,,,,32.28,True
TRU,0001552033,TransUnion,NYSE,EQUITY,NYQ,TransUnion Common Stock,COMMON_OR_EQUIVALENT,HIGH,NASDAQ Trader otherlisted,192.227,Financial Services,Financial Data & Stock Exchanges,15.064,,,,,,,,,,,,,,False,Pass,2026-07-industry-models-v7,92b0f35b2c927674,2026-08-01T06:18:28.141896+00:00,Only eligible listed class for CIK,FINANCIAL_SPECIALTY,FINANCIAL_FEE,True,"Fee-financial margin, cash conversion, tangible capital and balance-sheet model",True,97.0,,,,
DOC,0000765880,"HEALTHPEAK PROPERTIES, INC.",NYSE,EQUITY,NYQ,"Healthpeak Properties, Inc. Common Stock",COMMON_OR_EQUIVALENT,HIGH,NASDAQ Trader otherlisted,180.22,Real Estate,REIT - Healthcare Facilities,15.05,,,,,,,,,,,,,,False,Pass,2026-07-industry-models-v7,92b0f35b2c927674,2026-08-01T06:18:30.920624+00:00,Only eligible listed class for CIK,REIT,REIT_EQUITY,True,"Nareit FFO/EBITDAre proxy, AFFO coverage, leverage and lease-growth model",True,87.0,Yahoo FFO unavailable; rebuild Nareit FFO proxy from SEC facts,,,
REG,0000910606,REGENCY CENTERS CORP,NASDAQ,EQUITY,NMS,Regency Centers Corporation - Common Stock,COMMON_OR_EQUIVALENT,HIGH,NASDAQ Trader nasdaqlisted,118.518,Real Estate,REIT - Retail,15.009,,,,,,,,,,,,,,False,Pass,2026-07-industry-models-v7,92b0f35b2c927674,2026-08-01T06:18:57.968043+00:00,Only eligible listed class for CIK,REIT,REIT_EQUITY,True,"Nareit FFO/EBITDAre proxy, AFFO coverage, leverage and lease-growth model",True,84.0,Yahoo FFO unavailable; rebuild Nareit FFO proxy from SEC facts,,,
ARMK,0001584509,Aramark,NYSE,EQUITY,NYQ,Aramark Common Stock,COMMON_OR_EQUIVALENT,HIGH,NASDAQ Trader otherlisted,161.92,Industrials,Specialty Business Services,14.98,0.87,15.36,,4.575,4.231,淨負債/EBITDA,True,True,False,低於同業中位數，交由 SEC 深篩,False,,,False,Pass,2026-07-industry-models-v7,92b0f35b2c927674,2026-08-01T06:18:33.608540+00:00,Only eligible listed class for CIK,,,,,,,,,46.97,True
NWSA,0001564708,NEWS CORP,NASDAQ,EQUITY,NMS,News Corporation - Class A Common Stock,COMMON_OR_EQUIVALENT,HIGH,NASDAQ Trader nasdaqlisted,138.892,Communication Services,Entertainment,14.917,0.997,57.17,,2.339,0.601,淨負債/EBITDA,False,False,False,絕對毛利率>=25%,False,,,False,Pass,2026-07-industry-models-v7,92b0f35b2c927674,2026-08-01T06:18:39.027095+00:00,Only eligible listed class for CIK,,,,,,,,,,
IESC,0001048268,"IES Holdings, Inc.",NASDAQ,EQUITY,NGM,"IES Holdings, Inc. - Common Stock",COMMON_OR_EQUIVALENT,HIGH,NASDAQ Trader nasdaqlisted,192.889,Industrials,Engineering & Construction,14.834,0.355,26.08,97.78,0.224,0.0,淨負債/EBITDA,False,False,True,絕對毛利率>=25%,False,,,False,Pass,2026-07-industry-models-v7,92b0f35b2c927674,2026-08-01T06:18:47.162612+00:00,Only eligible listed class for CIK,,,,,,,,,,
TXT,0000217346,TEXTRON INC,NYSE,EQUITY,NYQ,Textron Inc. Common Stock,COMMON_OR_EQUIVALENT,HIGH,NASDAQ Trader otherlisted,133.236,Industrials,Aerospace & Defense,14.826,1.236,17.63,92.49,2.507,1.652,淨負債/EBITDA,False,False,False,低於同業中位數，交由 SEC 深篩,False,,,False,Pass,2026-07-industry-models-v7,92b0f35b2c927674,2026-08-01T06:18:49.793149+00:00,Only eligible listed class for CIK,,,,,,,,,27.27,True
SOLV,0001964738,Solventum Corp,NYSE,EQUITY,NYQ,Solventum Corporation Common Stock,COMMON_OR_EQUIVALENT,HIGH,NASDAQ Trader otherlisted,143.699,Healthcare,Medical Instruments & Supplies,14.796,0.151,53.65,76.2,4.707,4.208,淨負債/EBITDA,True,True,False,絕對毛利率>=25%,False,,,False,Pass,2026-07-industry-models-v7,92b0f35b2c927674,2026-08-01T06:18:52.609627+00:00,Only eligible listed class for CIK,,,,,,,,,,
FUTU,0001754581,Futu Holdings Ltd,NASDAQ,EQUITY,NGM,Futu Holdings Limited - American Depositary Shares,COMMON_ADS_INFERRED,MEDIUM,SEC annual cover unavailable; accepted unavailable; symbol-to-title mapping unresolved; inferred common: sole exchange-listed ADS class for this CIK,375.108,Financial Services,Capital Markets,14.737,,,,,,,,,,,,,,False,Pass,2026-07-industry-models-v7,92b0f35b2c927674,2026-08-01T06:18:55.190494+00:00,Only eligible listed class for CIK,FINANCIAL_SPECIALTY,FINANCIAL_FEE,True,"Fee-financial margin, cash conversion, tangible capital and balance-sheet model",True,91.0,,,,
MLI,0000089439,MUELLER INDUSTRIES INC,NYSE,EQUITY,NYQ,"Mueller Industries, Inc. Common Stock",COMMON_OR_EQUIVALENT,HIGH,NASDAQ Trader otherlisted,95.667,Industrials,Metal Fabrication,14.689,0.743,28.78,93.47,0.023,0.0,淨負債/EBITDA,False,False,True,絕對毛利率>=25%,False,,,False,Pass,2026-07-industry-models-v7,92b0f35b2c927674,2026-08-01T06:19:00.774458+00:00,Only eligible listed class for CIK,,,,,,,,,,
LOGI,0001032975,LOGITECH INTERNATIONAL S.A.,NASDAQ,EQUITY,NMS,Logitech International S.A. - Registered Shares,COMMON_OR_EQUIVALENT,HIGH,NASDAQ Trader nasdaqlisted,128.321,Technology,Computer Hardware,14.674,1.079,45.24,74.73,0.088,0.0,淨負債/EBITDA,False,False,True,絕對毛利率>=25%,False,,,False,Pass,2026-07-industry-models-v7,92b0f35b2c927674,2026-08-01T06:19:03.494556+00:00,Only eligible listed class for CIK,,,,,,,,,,
LDOS,0001336920,"Leidos Holdings, Inc.",NYSE,EQUITY,NYQ,"Leidos Holdings, Inc. Common Stock",COMMON_OR_EQUIVALENT,HIGH,NASDAQ Trader otherlisted,187.329,Technology,Information Technology Services,14.541,1.993,17.91,81.78,2.889,2.698,淨負債/EBITDA,False,False,False,低於同業中位數，交由 SEC 深篩,False,,,False,Pass,2026-07-industry-models-v7,92b0f35b2c927674,2026-08-01T06:19:11.697872+00:00,Only eligible listed class for CIK,,,,,,,,,32.28,True
EG,0001095073,"EVEREST GROUP, LTD.",NYSE,EQUITY,NYQ,"Everest Group, Ltd. Common Stock",COMMON_OR_EQUIVALENT,HIGH,NASDAQ Trader otherlisted,153.617,Financial Services,Insurance - Reinsurance,14.48,,,,,,,,,,,,,,False,Pass,2026-07-industry-models-v7,92b0f35b2c927674,2026-08-01T06:19:14.459332+00:00,Only eligible listed class for CIK,INSURANCE,INSURANCE_P_AND_C,True,"Dedicated underwriting, claims, capital and reserve-development model",True,94.0,,,,
TLK,0001001807,PERUSAHAAN PERSEROAN PERSERO PT TELEKOMUNIKASI INDONESIA TBK,NYSE,EQUITY,NYQ,"PT Telekomunikasi Indonesia, Tbk",COMMON_OR_EQUIVALENT,HIGH,NASDAQ Trader otherlisted,14.465,Communication Services,Telecom Services,14.469,,59.38,6.06,,,待 SEC 確認,False,False,False,絕對毛利率>=25%,True,Yahoo OCF missing; defer to SEC | Yahoo total debt missing; defer to SEC | Yahoo revenue missing; defer to SEC,,False,Pass,2026-07-industry-models-v7,92b0f35b2c927674,2026-08-01T06:19:17.275688+00:00,Only eligible listed class for CIK,,,,,,,,,,
SUN,0001552275,Sunoco LP,NYSE,EQUITY,NYQ,Sunoco LP Common Units representing limited partner interests,COMMON_OR_EQUIVALENT,HIGH,NASDAQ Trader otherlisted,38.378,Energy,Oil & Gas Refining & Marketing,14.449,,,,,,,,,,,,,,False,Pass,2026-07-industry-models-v7,92b0f35b2c927674,2026-08-01T06:19:19.835475+00:00,Only eligible listed class for CIK,CYCLICAL_MIDCYCLE,CYCLICAL_MIDCYCLE,True,Peak/current/mid-cycle/trough EBITDA and trough-survival model,True,97.0,,,,
LII,0001069202,LENNOX INTERNATIONAL INC,NYSE,EQUITY,NYQ,"Lennox International, Inc. Common Stock",COMMON_OR_EQUIVALENT,HIGH,NASDAQ Trader otherlisted,187.142,Industrials,Building Products & Equipment,14.373,0.895,33.33,79.93,1.729,1.685,淨負債/EBITDA,False,False,False,絕對毛利率>=25%,False,,,False,Pass,2026-07-industry-models-v7,92b0f35b2c927674,2026-08-01T06:19:22.699071+00:00,Only eligible listed class for CIK,,,,,,,,,,
CSL,0000790051,CARLISLE COMPANIES INC,NYSE,EQUITY,NYQ,Carlisle Companies Incorporated Common Stock,COMMON_OR_EQUIVALENT,HIGH,NASDAQ Trader otherlisted,168.801,Industrials,Building Products & Equipment,14.294,1.01,35.26,,2.377,1.743,淨負債/EBITDA,False,False,False,絕對毛利率>=25%,False,,,False,Pass,2026-07-industry-models-v7,92b0f35b2c927674,2026-08-01T06:19:08.946541+00:00,Only eligible listed class for CIK,,,,,,,,,,
SWK,0000093556,"STANLEY BLACK & DECKER, INC.",NYSE,EQUITY,NYQ,"Stanley Black & Decker, Inc. Common Stock",COMMON_OR_EQUIVALENT,HIGH,NASDAQ Trader otherlisted,163.409,Industrials,Tools & Accessories,14.283,1.551,32.21,98.93,2.66,2.329,淨負債/EBITDA,False,False,False,絕對毛利率>=25%,False,,,False,Pass,2026-07-industry-models-v7,92b0f35b2c927674,2026-08-01T06:19:30.596385+00:00,Only eligible listed class for CIK,,,,,,,,,,
LECO,0000059527,LINCOLN ELECTRIC HOLDINGS INC,NASDAQ,EQUITY,NMS,"Lincoln Electric Holdings, Inc. - Common Shares",COMMON_OR_EQUIVALENT,HIGH,NASDAQ Trader nasdaqlisted,95.914,Industrials,Tools & Accessories,14.243,0.688,36.05,81.12,1.335,1.054,淨負債/EBITDA,False,False,False,絕對毛利率>=25%,False,,,False,Pass,2026-07-industry-models-v7,92b0f35b2c927674,2026-08-01T06:19:25.254347+00:00,Only eligible listed class for CIK,,,,,,,,,,
CNA,0000021175,CNA FINANCIAL CORP,NYSE,EQUITY,NYQ,CNA Financial Corporation Common Stock,COMMON_OR_EQUIVALENT,HIGH,NASDAQ Trader otherlisted,29.593,Financial Services,Insurance - Property & Casualty,14.195,,,,,,,,,,,,,,False,Pass,2026-07-industry-models-v7,92b0f35b2c927674,2026-08-01T06:19:35.829289+00:00,Only eligible listed class for CIK,INSURANCE,INSURANCE_P_AND_C,True,"Dedicated underwriting, claims, capital and reserve-development model",True,97.0,,,,
GL,0000320335,GLOBE LIFE INC.,NYSE,EQUITY,NYQ,Globe Life Inc. Common Stock,COMMON_OR_EQUIVALENT,HIGH,NASDAQ Trader otherlisted,117.81,Financial Services,Insurance - Life,14.151,,,,,,,,,,,,,,False,Pass,2026-07-industry-models-v7,92b0f35b2c927674,2026-08-01T06:19:38.515670+00:00,Only eligible listed class for CIK,INSURANCE,INSURANCE_LIFE,True,"Dedicated underwriting, claims, capital and reserve-development model",True,91.0,,,,
UDR,0000074208,"UDR, Inc.",NYSE,EQUITY,NYQ,"UDR, Inc. Common Stock",COMMON_OR_EQUIVALENT,HIGH,NASDAQ Trader otherlisted,165.198,Real Estate,REIT - Residential,14.139,,,,,,,,,,,,,,False,Pass,2026-07-industry-models-v7,92b0f35b2c927674,2026-08-01T06:23:27.038671+00:00,Only eligible listed class for CIK,REIT,REIT_EQUITY,True,"Nareit FFO/EBITDAre proxy, AFFO coverage, leverage and lease-growth model",True,87.0,Yahoo FFO unavailable; rebuild Nareit FFO proxy from SEC facts,,,
COO,0000711404,"COOPER COMPANIES, INC.",NASDAQ,EQUITY,NMS,"The Cooper Companies, Inc.  - Common Stock",COMMON_OR_EQUIVALENT,HIGH,NASDAQ Trader nasdaqlisted,205.836,Healthcare,Medical Instruments & Supplies,14.105,0.953,65.55,,3.076,2.919,淨負債/EBITDA,False,False,False,絕對毛利率>=25%,False,,,False,Pass,2026-07-industry-models-v7,92b0f35b2c927674,2026-08-01T06:19:41.151669+00:00,Only eligible listed class for CIK,,,,,,,,,,
MAS,0000062996,MASCO CORP /DE/,NYSE,EQUITY,NYQ,Masco Corporation Common Stock,COMMON_OR_EQUIVALENT,HIGH,NASDAQ Trader otherlisted,187.405,Industrials,Building Products & Equipment,14.095,1.291,37.21,,2.316,1.953,淨負債/EBITDA,False,False,False,絕對毛利率>=25%,False,,,False,Pass,2026-07-industry-models-v7,92b0f35b2c927674,2026-08-01T06:19:43.844648+00:00,Only eligible listed class for CIK,,,,,,,,,,
DTM,0001842022,"DT Midstream, Inc.",NYSE,EQUITY,NYQ,"DT Midstream, Inc. Common Stock",COMMON_OR_EQUIVALENT,HIGH,NASDAQ Trader otherlisted,99.711,Energy,Oil & Gas Midstream,14.078,,,,,,,,,,,,,,False,Pass,2026-07-industry-models-v7,92b0f35b2c927674,2026-08-01T06:19:46.653516+00:00,Only eligible listed class for CIK,CYCLICAL_MIDCYCLE,CYCLICAL_MIDCYCLE,True,Peak/current/mid-cycle/trough EBITDA and trough-survival model,True,97.0,,,,
CRBG,0001889539,"Corebridge Financial, Inc.",NYSE,EQUITY,NYQ,Corebridge Financial Inc. Common Stock,COMMON_OR_EQUIVALENT,HIGH,NASDAQ Trader otherlisted,176.256,Financial Services,Asset Management,14.051,,,,,,,,,,,,,,False,Pass,2026-07-industry-models-v7,92b0f35b2c927674,2026-08-01T06:19:49.386133+00:00,Only eligible listed class for CIK,FINANCIAL_SPECIALTY,FINANCIAL_FEE,True,"Fee-financial margin, cash conversion, tangible capital and balance-sheet model",True,97.0,,,,
ZBRA,0000877212,ZEBRA TECHNOLOGIES CORP,NASDAQ,EQUITY,NMS,Zebra Technologies Corporation - Class A Common Stock,COMMON_OR_EQUIVALENT,HIGH,NASDAQ Trader nasdaqlisted,282.155,Technology,Communication Equipment,13.996,0.915,48.18,,2.777,2.666,淨負債/EBITDA,False,False,False,絕對毛利率>=25%,False,,,False,Pass,2026-07-industry-models-v7,92b0f35b2c927674,2026-08-01T06:19:52.012154+00:00,Only eligible listed class for CIK,,,,,,,,,,
AEG,0000769218,AEGON LTD.,NYSE,EQUITY,NYQ,Aegon Ltd. New York Registry Shares,COMMON_OR_EQUIVALENT,HIGH,NASDAQ Trader otherlisted,45.901,Financial Services,Insurance - Diversified,13.958,,,,,,,,,,,,,,False,Pass,2026-07-industry-models-v7,92b0f35b2c927674,2026-08-01T06:19:54.641768+00:00,Only eligible listed class for CIK,INSURANCE,INSURANCE_P_AND_C,True,"Dedicated underwriting, claims, capital and reserve-development model",True,94.0,,,,
FNF,0001331875,"Fidelity National Financial, Inc.",NYSE,EQUITY,NYQ,"Fidelity National Financial, Inc. Common Stock",COMMON_OR_EQUIVALENT,HIGH,NASDAQ Trader otherlisted,83.237,Financial Services,Insurance - Specialty,13.886,,,,,,,,,,,,,,False,Pass,2026-07-industry-models-v7,92b0f35b2c927674,2026-08-01T06:19:57.444898+00:00,Only eligible listed class for CIK,INSURANCE,INSURANCE_P_AND_C,True,"Dedicated underwriting, claims, capital and reserve-development model",True,97.0,,,,
ALB,0000915913,ALBEMARLE CORP,NYSE,EQUITY,NYQ,Albemarle Corporation Common Stock,COMMON_OR_EQUIVALENT,HIGH,NASDAQ Trader otherlisted,271.046,Basic Materials,Specialty Chemicals,13.874,,,,,,,,,,,,,,False,Pass,2026-07-industry-models-v7,92b0f35b2c927674,2026-08-01T06:20:00.044521+00:00,Only eligible listed class for CIK,CYCLICAL_MIDCYCLE,CYCLICAL_MIDCYCLE,True,Peak/current/mid-cycle/trough EBITDA and trough-survival model,True,97.0,,,,
U,0001810806,Unity Software Inc.,NYSE,EQUITY,NYQ,Unity Software Inc. Common Stock,COMMON_OR_EQUIVALENT,HIGH,NASDAQ Trader otherlisted,284.234,Technology,Software - Application,13.843,0.481,74.69,82.21,32.614,2.512,淨負債/EBITDA,False,True,False,絕對毛利率>=25%,False,,,False,Pass,2026-07-industry-models-v7,92b0f35b2c927674,2026-08-01T06:20:05.355384+00:00,Only eligible listed class for CIK,,,,,,,,,,
AIZ,0001267238,"ASSURANT, INC.",NYSE,EQUITY,NYQ,"Assurant, Inc. Common Stock",COMMON_OR_EQUIVALENT,HIGH,NASDAQ Trader otherlisted,118.186,Financial Services,Insurance - Property & Casualty,13.833,,,,,,,,,,,,,,False,Pass,2026-07-industry-models-v7,92b0f35b2c927674,2026-08-01T06:20:08.070947+00:00,Only eligible listed class for CIK,INSURANCE,INSURANCE_P_AND_C,True,"Dedicated underwriting, claims, capital and reserve-development model",True,97.0,,,,
QXO,0001236275,"QXO, Inc.",NYSE,EQUITY,NYQ,"QXO, Inc. Common Stock",COMMON_OR_EQUIVALENT,HIGH,NASDAQ Trader otherlisted,289.158,Industrials,Industrial Distribution,13.803,0.295,24.63,71.69,8.497,1.864,淨負債/EBITDA,False,True,False,低於同業中位數，交由 SEC 深篩,False,,,False,Pass,2026-07-industry-models-v7,92b0f35b2c927674,2026-08-01T06:20:10.924932+00:00,Only eligible listed class for CIK,,,,,,,,,29.58,True
NXT,0001852131,Nextpower Inc.,NASDAQ,EQUITY,NMS,Nextpower Inc. - Class A Common Stock,COMMON_OR_EQUIVALENT,HIGH,NASDAQ Trader nasdaqlisted,281.428,Technology,Solar,13.801,0.563,21.92,,0.072,0.0,淨負債/EBITDA,False,False,True,同業樣本不足(2)，交由 SEC 深篩,False,,,False,Pass,2026-07-industry-models-v7,92b0f35b2c927674,2026-08-01T06:20:43.281657+00:00,Only eligible listed class for CIK,,,,,,,,,,True
FMS,0001333141,Fresenius Medical Care AG,NYSE,EQUITY,NYQ,Fresenius Medical Care AG American Depositary Shares (Each representing 1/2 of an Ordinary Share),COMMON_OR_EQUIVALENT,HIGH,NASDAQ Trader otherlisted,19.621,Healthcare,Medical Care Facilities,13.783,2.745,25.96,9.69,4.261,3.783,淨負債/EBITDA,False,True,False,絕對毛利率>=25%,False,,,False,Pass,2026-07-industry-models-v7,92b0f35b2c927674,2026-08-01T06:20:13.821617+00:00,Only eligible listed class for CIK,,,,,,,,,,
HRL,0000048465,HORMEL FOODS CORP /DE/,NYSE,EQUITY,NYQ,Hormel Foods Corporation Common Stock,COMMON_OR_EQUIVALENT,HIGH,NASDAQ Trader otherlisted,126.671,Consumer Defensive,Packaged Foods,13.763,1.008,15.78,93.79,0.2,0.0,淨負債/EBITDA,False,False,True,低於同業中位數，交由 SEC 深篩,False,,,False,Pass,2026-07-industry-models-v7,92b0f35b2c927674,2026-08-01T06:20:16.309356+00:00,Only eligible listed class for CIK,,,,,,,,,26.33,True
UNM,0000005513,Unum Group,NYSE,EQUITY,NYQ,Unum Group Common Stock,COMMON_OR_EQUIVALENT,HIGH,NASDAQ Trader otherlisted,121.734,Financial Services,Insurance - Life,13.758,,,,,,,,,,,,,,False,Pass,2026-07-industry-models-v7,92b0f35b2c927674,2026-08-01T06:20:19.115415+00:00,Only eligible listed class for CIK,INSURANCE,INSURANCE_LIFE,True,"Dedicated underwriting, claims, capital and reserve-development model",True,94.0,,,,
DOCN,0001582961,"DigitalOcean Holdings, Inc.",NYSE,EQUITY,NYQ,"DigitalOcean Holdings, Inc. Common Stock",COMMON_OR_EQUIVALENT,HIGH,NASDAQ Trader otherlisted,442.756,Technology,Software - Infrastructure,13.737,0.292,58.49,85.03,5.057,2.571,淨負債/EBITDA,False,True,False,絕對毛利率>=25%,False,,,False,Pass,2026-07-industry-models-v7,92b0f35b2c927674,2026-08-01T06:20:24.593231+00:00,Only eligible listed class for CIK,,,,,,,,,,
AMH,0001562401,American Homes 4 Rent,NYSE,EQUITY,NYQ,American Homes 4 Rent Common Shares of Beneficial Interest,COMMON_OR_EQUIVALENT,HIGH,NASDAQ Trader otherlisted,91.726,Real Estate,REIT - Residential,13.701,,,,,,,,,,,,,,False,Pass,2026-07-industry-models-v7,92b0f35b2c927674,2026-08-01T06:24:18.133936+00:00,Only eligible listed class for CIK,REIT,REIT_EQUITY,True,"Nareit FFO/EBITDAre proxy, AFFO coverage, leverage and lease-growth model",True,87.0,Yahoo FFO unavailable; rebuild Nareit FFO proxy from SEC facts,,,
MKC,0000063754,MCCORMICK & CO INC,NYSE,EQUITY,NYQ,"McCormick & Company, Incorporated Common Stock",COMMON_OR_EQUIVALENT,HIGH,NASDAQ Trader otherlisted,215.919,Consumer Defensive,Packaged Foods,13.685,1.232,38.85,93.56,3.399,3.171,淨負債/EBITDA,False,False,False,絕對毛利率>=25%,False,,,False,Pass,2026-07-industry-models-v7,92b0f35b2c927674,2026-08-01T06:20:29.758775+00:00,Only eligible listed class for CIK,,,,,,,,,,
RPM,0000110621,RPM INTERNATIONAL INC/DE/,NYSE,EQUITY,NYQ,RPM International Inc. Common Stock,COMMON_OR_EQUIVALENT,HIGH,NASDAQ Trader otherlisted,94.118,Basic Materials,Specialty Chemicals,13.667,,,,,,,,,,,,,,False,Pass,2026-07-industry-models-v7,92b0f35b2c927674,2026-08-01T06:20:32.386314+00:00,Only eligible listed class for CIK,CYCLICAL_MIDCYCLE,CYCLICAL_MIDCYCLE,True,Peak/current/mid-cycle/trough EBITDA and trough-survival model,True,97.0,,,,
RRX,0000082811,REGAL REXNORD CORP,NYSE,EQUITY,NYQ,Regal Rexnord Corporation Common Stock,COMMON_OR_EQUIVALENT,HIGH,NASDAQ Trader otherlisted,226.628,Industrials,Specialty Industrial Machinery,13.662,0.903,37.57,,4.051,3.716,淨負債/EBITDA,False,True,False,絕對毛利率>=25%,False,,,False,Pass,2026-07-industry-models-v7,92b0f35b2c927674,2026-08-01T06:20:35.106590+00:00,Only eligible listed class for CIK,,,,,,,,,,
TOL,0000794170,"Toll Brothers, Inc.",NYSE,EQUITY,NYQ,"Toll Brothers, Inc. Common Stock",COMMON_OR_EQUIVALENT,HIGH,NASDAQ Trader otherlisted,159.446,Consumer Cyclical,Residential Construction,13.636,1.312,25.2,92.62,1.616,1.005,淨負債/EBITDA,False,False,False,絕對毛利率>=25%,False,,,False,Pass,2026-07-industry-models-v7,92b0f35b2c927674,2026-08-01T06:20:37.915970+00:00,Only eligible listed class for CIK,,,,,,,,,,
WMG,0001319161,Warner Music Group Corp.,NASDAQ,EQUITY,NMS,Warner Music Group Corp. - Class A Common Stock,COMMON_OR_EQUIVALENT,HIGH,NASDAQ Trader nasdaqlisted,63.977,Communication Services,Entertainment,13.541,0.843,45.8,,3.121,2.653,淨負債/EBITDA,False,False,False,絕對毛利率>=25%,False,,,False,Pass,2026-07-industry-models-v7,92b0f35b2c927674,2026-08-01T06:20:48.767540+00:00,Only eligible listed class for CIK,,,,,,,,,,
BAX,0000010456,BAXTER INTERNATIONAL INC,NYSE,EQUITY,NYQ,Baxter International Inc. Common Stock,COMMON_OR_EQUIVALENT,HIGH,NASDAQ Trader otherlisted,180.689,Healthcare,Medical Instruments & Supplies,13.525,1.251,34.65,,5.074,4.018,淨負債/EBITDA,True,True,False,絕對毛利率>=25%,False,,,False,Pass,2026-07-industry-models-v7,92b0f35b2c927674,2026-08-01T06:20:51.592202+00:00,Only eligible listed class for CIK,,,,,,,,,,
TXRH,0001289460,"Texas Roadhouse, Inc.",NASDAQ,EQUITY,NMS,"Texas Roadhouse, Inc. - Common Stock",COMMON_OR_EQUIVALENT,HIGH,NASDAQ Trader nasdaqlisted,233.676,Consumer Cyclical,Restaurants,13.503,0.751,16.42,,1.503,1.197,淨負債/EBITDA,False,False,False,低於同業中位數，交由 SEC 深篩,False,,,False,Pass,2026-07-industry-models-v7,92b0f35b2c927674,2026-08-01T06:20:54.444962+00:00,Only eligible listed class for CIK,,,,,,,,,28.71,True
LULU,0001397187,lululemon athletica inc.,NASDAQ,EQUITY,NMS,lululemon athletica inc. - Common Stock,COMMON_OR_EQUIVALENT,HIGH,NASDAQ Trader nasdaqlisted,420.403,Consumer Cyclical,Apparel Retail,13.498,1.936,55.69,82.02,0.832,0.242,淨負債/EBITDA,False,False,False,絕對毛利率>=25%,False,,,False,Pass,2026-07-industry-models-v7,92b0f35b2c927674,2026-08-01T06:20:57.228130+00:00,Only eligible listed class for CIK,,,,,,,,,,
ARCC,0001287750,ARES CAPITAL CORP,NASDAQ,EQUITY,NMS,Ares Capital Corporation - Closed End Fund,COMMON_OR_EQUIVALENT,HIGH,NASDAQ Trader nasdaqlisted,94.351,Financial Services,Asset Management,13.47,,,,,,,,,,,,,,False,Pass,2026-07-industry-models-v7,92b0f35b2c927674,2026-08-01T06:21:00.041226+00:00,Only eligible listed class for CIK,FINANCIAL_SPECIALTY,FINANCIAL_FEE,True,"Fee-financial margin, cash conversion, tangible capital and balance-sheet model",True,94.0,,,,
PINS,0001506293,"PINTEREST, INC.",NYSE,EQUITY,NYQ,"Pinterest, Inc. Class A Common Stock",COMMON_OR_EQUIVALENT,HIGH,NASDAQ Trader otherlisted,426.259,Communication Services,Internet Content & Information,13.449,1.249,79.86,,3.454,0.0,淨負債/EBITDA,False,False,True,絕對毛利率>=25%,False,,,False,Pass,2026-07-industry-models-v7,92b0f35b2c927674,2026-08-01T06:21:02.832092+00:00,Only eligible listed class for CIK,,,,,,,,,,
LI,0001791706,Li Auto Inc.,NASDAQ,EQUITY,NMS,Li Auto Inc. - American Depositary Shares,COMMON_ADS_INFERRED,MEDIUM,SEC annual cover unavailable; accepted unavailable; symbol-to-title mapping unresolved; inferred common: sole exchange-listed ADS class for this CIK,60.681,Consumer Cyclical,Auto Manufacturers,13.408,,,,,,,,,,,,,,False,Pass,2026-07-industry-models-v7,92b0f35b2c927674,2026-08-01T06:21:08.435093+00:00,Only eligible listed class for CIK,CYCLICAL_MIDCYCLE,CYCLICAL_MIDCYCLE,True,Peak/current/mid-cycle/trough EBITDA and trough-survival model,True,87.0,current operating cash flow is non-positive,,,
ALLE,0001579241,Allegion plc,NYSE,EQUITY,NYQ,Allegion plc Ordinary Shares,COMMON_OR_EQUIVALENT,HIGH,NASDAQ Trader otherlisted,191.587,Industrials,Security & Protection Services,13.385,0.769,44.8,,2.118,1.812,淨負債/EBITDA,False,False,False,絕對毛利率>=25%,False,,,False,Pass,2026-07-industry-models-v7,92b0f35b2c927674,2026-08-01T06:21:11.164589+00:00,Only eligible listed class for CIK,,,,,,,,,,
EXEL,0000939767,"EXELIXIS, INC.",NASDAQ,EQUITY,NMS,"Exelixis, Inc. - Common Stock",COMMON_OR_EQUIVALENT,HIGH,NASDAQ Trader nasdaqlisted,142.044,Healthcare,Biotechnology,13.329,0.925,96.44,,0.172,0.0,淨負債/EBITDA,False,False,True,絕對毛利率>=25%,False,,,False,Pass,2026-07-industry-models-v7,92b0f35b2c927674,2026-08-01T06:21:16.398914+00:00,Only eligible listed class for CIK,,,,,,,,,,
PS,0002026053,PERSHING SQUARE INC.,NYSE,EQUITY,NYQ,Pershing Square Inc. Common Stock,COMMON_OR_EQUIVALENT,HIGH,NASDAQ Trader otherlisted,12.792,Financial Services,Asset Management,13.312,,,,,,,,,,,,,,False,Pass,2026-07-industry-models-v7,92b0f35b2c927674,2026-08-01T06:21:18.941354+00:00,Only eligible listed class for CIK,FINANCIAL_SPECIALTY,FINANCIAL_FEE,True,"Fee-financial margin, cash conversion, tangible capital and balance-sheet model",True,97.0,,,,
RNR,0000913144,RENAISSANCERE HOLDINGS LTD,NYSE,EQUITY,NYQ,RenaissanceRe Holdings Ltd. Common Stock,COMMON_OR_EQUIVALENT,HIGH,NASDAQ Trader otherlisted,120.955,Financial Services,Insurance - Reinsurance,13.296,,,,,,,,,,,,,,False,Pass,2026-07-industry-models-v7,92b0f35b2c927674,2026-08-01T06:21:21.698496+00:00,Only eligible listed class for CIK,INSURANCE,INSURANCE_P_AND_C,True,"Dedicated underwriting, claims, capital and reserve-development model",True,94.0,,,,
SNN,0000845982,SMITH & NEPHEW PLC,NYSE,EQUITY,NYQ,"Smith & Nephew SNATS, Inc. Common Stock",COMMON_OR_EQUIVALENT,HIGH,NASDAQ Trader otherlisted,47.288,Healthcare,Medical Devices,13.263,1.285,68.25,10.11,2.49,2.073,淨負債/EBITDA,False,False,False,絕對毛利率>=25%,False,,,False,Pass,2026-07-industry-models-v7,92b0f35b2c927674,2026-08-01T06:21:24.389777+00:00,Only eligible listed class for CIK,,,,,,,,,,
HAS,0000046080,"HASBRO, INC.",NASDAQ,EQUITY,NMS,"Hasbro, Inc. - Common Stock",COMMON_OR_EQUIVALENT,HIGH,NASDAQ Trader nasdaqlisted,206.618,Consumer Cyclical,Leisure,13.25,1.288,63.82,97.05,2.732,1.668,淨負債/EBITDA,False,False,False,絕對毛利率>=25%,False,,,False,Pass,2026-07-industry-models-v7,92b0f35b2c927674,2026-08-01T06:21:27.254114+00:00,Only eligible listed class for CIK,,,,,,,,,,
DECK,0000910521,DECKERS OUTDOOR CORP,NYSE,EQUITY,NYQ,Deckers Outdoor Corporation Common Stock,COMMON_OR_EQUIVALENT,HIGH,NASDAQ Trader otherlisted,221.367,Consumer Cyclical,Footwear & Accessories,13.193,,57.8,,0.356,0.0,淨負債/EBITDA,False,False,True,絕對毛利率>=25%,True,Yahoo OCF missing; defer to SEC,,False,Pass,2026-07-industry-models-v7,92b0f35b2c927674,2026-08-01T06:21:30.023856+00:00,Only eligible listed class for CIK,,,,,,,,,,
APA,0001841666,APA Corp,NASDAQ,EQUITY,NMS,APA Corporation - Common Stock,COMMON_OR_EQUIVALENT,HIGH,NASDAQ Trader nasdaqlisted,219.323,Energy,Oil & Gas E&P,13.192,,,,,,,,,,,,,,False,Pass,2026-07-industry-models-v7,92b0f35b2c927674,2026-08-01T06:21:32.834224+00:00,Only eligible listed class for CIK,CYCLICAL_MIDCYCLE,CYCLICAL_MIDCYCLE,True,Peak/current/mid-cycle/trough EBITDA and trough-survival model,True,97.0,,,,
TRMB,0000864749,TRIMBLE INC.,NASDAQ,EQUITY,NMS,Trimble Inc. - Common Stock,COMMON_OR_EQUIVALENT,HIGH,NASDAQ Trader nasdaqlisted,167.91,Technology,Scientific & Technical Instruments,13.189,0.505,71.48,98.76,1.63,1.36,淨負債/EBITDA,False,False,False,絕對毛利率>=25%,False,,,False,Pass,2026-07-industry-models-v7,92b0f35b2c927674,2026-08-01T06:21:35.479985+00:00,Only eligible listed class for CIK,,,,,,,,,,
BF-B,0000014693,BROWN FORMAN CORP,NYSE,EQUITY,NYQ,Brown Forman Inc Class B Common Stock,COMMON_OR_EQUIVALENT,HIGH,NASDAQ Trader otherlisted,88.024,Consumer Defensive,Beverages - Wineries & Distilleries,13.183,1.0,60.54,71.78,2.203,1.943,淨負債/EBITDA,False,False,False,絕對毛利率>=25%,False,,,False,Pass,2026-07-industry-models-v7,92b0f35b2c927674,2026-08-01T06:21:38.179544+00:00,Only eligible listed class for CIK,,,,,,,,,,
ALLY,0000040729,Ally Financial Inc.,NYSE,EQUITY,NYQ,Ally Financial Inc. Common Stock,COMMON_OR_EQUIVALENT,HIGH,NASDAQ Trader otherlisted,139.664,Financial Services,Credit Services,13.181,,,,,,,,,,,,,,False,Pass,2026-07-industry-models-v7,92b0f35b2c927674,2026-08-01T06:21:40.831542+00:00,Only eligible listed class for CIK,FINANCIAL_SPECIALTY,FINANCIAL_FEE,True,"Fee-financial margin, cash conversion, tangible capital and balance-sheet model",True,94.0,,,,
ELAN,0001739104,Elanco Animal Health Inc,NYSE,EQUITY,NYQ,Elanco Animal Health Incorporated Common Stock,COMMON_OR_EQUIVALENT,HIGH,NASDAQ Trader otherlisted,155.327,Healthcare,Drug Manufacturers - Specialty & Generic,13.17,0.577,55.06,,4.433,3.992,淨負債/EBITDA,False,True,False,絕對毛利率>=25%,False,,,False,Pass,2026-07-industry-models-v7,92b0f35b2c927674,2026-08-01T06:21:43.507259+00:00,Only eligible listed class for CIK,,,,,,,,,,
IREN,0001878848,IREN Ltd,NASDAQ,EQUITY,NMS,IREN Limited - Ordinary Shares,COMMON_OR_EQUIVALENT,HIGH,NASDAQ Trader nasdaqlisted,1819.298,Financial Services,Capital Markets,13.152,,,,,,,,,,,,,,False,Pass,2026-07-industry-models-v7,92b0f35b2c927674,2026-08-01T06:21:46.296834+00:00,Only eligible listed class for CIK,FINANCIAL_SPECIALTY,FINANCIAL_FEE,True,"Fee-financial margin, cash conversion, tangible capital and balance-sheet model",True,97.0,,,,
HTHT,0001483994,H World Group Ltd,NASDAQ,EQUITY,NMS,H World Group Limited - American Depositary Shares,COMMON_ADS_INFERRED,MEDIUM,SEC annual cover unavailable; accepted unavailable; symbol-to-title mapping unresolved; inferred common: sole exchange-listed ADS class for this CIK,86.397,Consumer Cyclical,Lodging,13.128,8.032,40.5,51.31,4.229,2.376,淨負債/EBITDA,False,True,False,絕對毛利率>=25%,False,,,False,Pass,2026-07-industry-models-v7,92b0f35b2c927674,2026-08-01T06:21:49.459511+00:00,Only eligible listed class for CIK,,,,,,,,,,
BWA,0000908255,BORGWARNER INC,NYSE,EQUITY,NYQ,BorgWarner Inc. Common Stock,COMMON_OR_EQUIVALENT,HIGH,NASDAQ Trader otherlisted,198.503,Consumer Cyclical,Auto Parts,13.074,,,,,,,,,,,,,,False,Pass,2026-07-industry-models-v7,92b0f35b2c927674,2026-08-01T06:21:54.480011+00:00,Only eligible listed class for CIK,CYCLICAL_MIDCYCLE,CYCLICAL_MIDCYCLE,True,Peak/current/mid-cycle/trough EBITDA and trough-survival model,True,97.0,,,,
IVZ,0000914208,Invesco Ltd.,NYSE,EQUITY,NYQ,Invesco Ltd Common Stock,COMMON_OR_EQUIVALENT,HIGH,NASDAQ Trader otherlisted,150.78,Financial Services,Asset Management,13.068,,,,,,,,,,,,,,False,Pass,2026-07-industry-models-v7,92b0f35b2c927674,2026-08-01T06:21:57.328372+00:00,Only eligible listed class for CIK,FINANCIAL_SPECIALTY,FINANCIAL_FEE,True,"Fee-financial margin, cash conversion, tangible capital and balance-sheet model",True,97.0,,,,
GLPI,0001575965,"Gaming & Leisure Properties, Inc.",NASDAQ,EQUITY,NMS,"Gaming and Leisure Properties, Inc. - Common Stock",COMMON_OR_EQUIVALENT,HIGH,NASDAQ Trader nasdaqlisted,101.971,Real Estate,REIT - Specialty,13.054,,,,,,,,,,,,,,False,Pass,2026-07-industry-models-v7,92b0f35b2c927674,2026-08-01T06:22:38.307108+00:00,Only eligible listed class for CIK,REIT,REIT_EQUITY,True,"Nareit FFO/EBITDAre proxy, AFFO coverage, leverage and lease-growth model",True,87.0,Yahoo FFO unavailable; rebuild Nareit FFO proxy from SEC facts,,,
ELS,0000895417,EQUITY LIFESTYLE PROPERTIES INC,NYSE,EQUITY,NYQ,"Equity Lifestyle Properties, Inc. Common Stock",COMMON_OR_EQUIVALENT,HIGH,NASDAQ Trader otherlisted,102.633,Real Estate,REIT - Residential,13.039,,,,,,,,,,,,,,False,Pass,2026-07-industry-models-v7,92b0f35b2c927674,2026-08-01T06:22:59.958291+00:00,Only eligible listed class for CIK,REIT,REIT_EQUITY,True,"Nareit FFO/EBITDAre proxy, AFFO coverage, leverage and lease-growth model",True,87.0,Yahoo FFO unavailable; rebuild Nareit FFO proxy from SEC facts,,,
EQH,0001333986,"Equitable Holdings, Inc.",NYSE,EQUITY,NYQ,"Equitable Holdings, Inc. Common Stock",COMMON_OR_EQUIVALENT,HIGH,NASDAQ Trader otherlisted,189.097,Financial Services,Asset Management,13.006,,,,,,,,,,,,,,False,Pass,2026-07-industry-models-v7,92b0f35b2c927674,2026-08-01T06:22:00.044355+00:00,Only eligible listed class for CIK,FINANCIAL_SPECIALTY,FINANCIAL_FEE,True,"Fee-financial margin, cash conversion, tangible capital and balance-sheet model",True,97.0,,,,
AVY,0000008818,Avery Dennison Corp,NYSE,EQUITY,NYQ,Avery Dennison Corporation Common Stock,COMMON_OR_EQUIVALENT,HIGH,NASDAQ Trader otherlisted,128.73,Consumer Cyclical,Packaging & Containers,12.983,1.234,28.98,98.27,2.458,2.306,淨負債/EBITDA,False,False,False,絕對毛利率>=25%,False,,,False,Pass,2026-07-industry-models-v7,92b0f35b2c927674,2026-08-01T06:22:02.786257+00:00,Only eligible listed class for CIK,,,,,,,,,,
CHKP,0001015922,CHECK POINT SOFTWARE TECHNOLOGIES LTD,NASDAQ,EQUITY,NMS,Check Point Software Technologies Ltd. - Ordinary Shares,COMMON_OR_EQUIVALENT,HIGH,NASDAQ Trader nasdaqlisted,194.348,Technology,Software - Infrastructure,12.98,1.224,87.66,78.61,2.26,0.0,淨負債/EBITDA,False,False,True,絕對毛利率>=25%,False,,,False,Pass,2026-07-industry-models-v7,92b0f35b2c927674,2026-08-01T06:22:05.568192+00:00,Only eligible listed class for CIK,,,,,,,,,,
PAC,0001347557,Pacific Airport Group,NYSE,EQUITY,NYQ,"Grupo Aeroportuario Del Pacifico, S.A. B. de C.V. Grupo Aeroportuario Del Pacifico, S.A. de C.V. (each representing 10 Series B shares)",COMMON_OR_EQUIVALENT,HIGH,NASDAQ Trader otherlisted,26.314,Industrials,Airports & Air Services,12.933,19.58,77.74,16.23,2.887,2.008,淨負債/EBITDA,False,False,False,絕對毛利率>=25%,False,,,False,Pass,2026-07-industry-models-v7,92b0f35b2c927674,2026-08-01T06:22:08.303412+00:00,Only eligible listed class for CIK,,,,,,,,,,
DT,0001773383,"Dynatrace, Inc.",NYSE,EQUITY,NYQ,"Dynatrace, Inc. Common Stock",COMMON_OR_EQUIVALENT,HIGH,NASDAQ Trader otherlisted,246.932,Technology,Software - Application,12.918,0.562,81.73,,0.582,0.0,淨負債/EBITDA,False,False,True,絕對毛利率>=25%,False,,,False,Pass,2026-07-industry-models-v7,92b0f35b2c927674,2026-08-01T06:22:11.007353+00:00,Only eligible listed class for CIK,,,,,,,,,,
HII,0001501585,"HUNTINGTON INGALLS INDUSTRIES, INC.",NYSE,EQUITY,NYQ,"Huntington Ingalls Industries, Inc. Common Stock",COMMON_OR_EQUIVALENT,HIGH,NASDAQ Trader otherlisted,181.627,Industrials,Aerospace & Defense,12.864,0.347,12.4,92.23,2.509,2.498,淨負債/EBITDA,False,False,False,低於同業中位數，交由 SEC 深篩,False,,,False,Pass,2026-07-industry-models-v7,92b0f35b2c927674,2026-08-01T06:22:13.713296+00:00,Only eligible listed class for CIK,,,,,,,,,27.27,True
ONTO,0000704532,ONTO INNOVATION INC.,NYSE,EQUITY,NYQ,Onto Innovation Inc. Common Stock,COMMON_OR_EQUIVALENT,HIGH,NASDAQ Trader otherlisted,339.011,Technology,Semiconductor Equipment & Materials,12.863,0.263,54.19,,0.0,0.0,淨負債/EBITDA,False,False,True,絕對毛利率>=25%,False,,,False,Pass,2026-07-industry-models-v7,92b0f35b2c927674,2026-08-01T06:22:16.361447+00:00,Only eligible listed class for CIK,,,,,,,,,,
GGG,0000042888,GRACO INC,NYSE,EQUITY,NYQ,Graco Inc. Common Stock,COMMON_OR_EQUIVALENT,HIGH,NASDAQ Trader otherlisted,115.72,Industrials,Specialty Industrial Machinery,12.856,0.673,52.64,93.06,0.071,0.0,淨負債/EBITDA,False,False,True,絕對毛利率>=25%,False,,,False,Pass,2026-07-industry-models-v7,92b0f35b2c927674,2026-08-01T06:22:19.169311+00:00,Only eligible listed class for CIK,,,,,,,,,,
CCK,0001219601,"CROWN HOLDINGS, INC.",NYSE,EQUITY,NYQ,"Crown Holdings, Inc.",COMMON_OR_EQUIVALENT,HIGH,NASDAQ Trader otherlisted,137.911,Consumer Cyclical,Packaging & Containers,12.817,1.726,20.96,,2.862,2.552,淨負債/EBITDA,False,False,False,低於25%但高於同業中位數,False,,,False,Pass,2026-07-industry-models-v7,92b0f35b2c927674,2026-08-01T06:22:24.665602+00:00,Only eligible listed class for CIK,,,,,,,,,20.84,False
AIT,0000109563,APPLIED INDUSTRIAL TECHNOLOGIES INC,NYSE,EQUITY,NYQ,"Applied Industrial Technologies, Inc. Common Stock",COMMON_OR_EQUIVALENT,HIGH,NASDAQ Trader otherlisted,92.447,Industrials,Industrial Distribution,12.759,0.466,30.39,98.8,0.616,0.327,淨負債/EBITDA,False,False,False,絕對毛利率>=25%,False,,,False,Pass,2026-07-industry-models-v7,92b0f35b2c927674,2026-08-01T06:22:27.472350+00:00,Only eligible listed class for CIK,,,,,,,,,,
SJM,0000091419,J M SMUCKER Co,NYSE,EQUITY,NYQ,The J.M. Smucker Company Common Stock,COMMON_OR_EQUIVALENT,HIGH,NASDAQ Trader otherlisted,205.075,Consumer Defensive,Packaged Foods,12.747,1.474,34.26,95.34,3.702,3.671,淨負債/EBITDA,False,False,False,絕對毛利率>=25%,False,,,False,Pass,2026-07-industry-models-v7,92b0f35b2c927674,2026-08-01T06:22:30.226280+00:00,Only eligible listed class for CIK,,,,,,,,,,
WSO,0000105016,WATSCO INC,NYSE,EQUITY,NYQ,"Watsco, Inc. Common Stock",COMMON_OR_EQUIVALENT,HIGH,NASDAQ Trader otherlisted,123.959,Industrials,Industrial Distribution,12.74,0.733,27.51,,0.75,0.088,淨負債/EBITDA,False,False,False,絕對毛利率>=25%,False,,,False,Pass,2026-07-industry-models-v7,92b0f35b2c927674,2026-08-01T06:22:33.041250+00:00,Only eligible listed class for CIK,,,,,,,,,,
TYL,0000860731,TYLER TECHNOLOGIES INC,NYSE,EQUITY,NYQ,"Tyler Technologies, Inc. Common Stock",COMMON_OR_EQUIVALENT,HIGH,NASDAQ Trader otherlisted,266.637,Technology,Software - Application,12.679,0.731,47.21,,3.173,1.058,淨負債/EBITDA,False,False,False,絕對毛利率>=25%,False,,,False,Pass,2026-07-industry-models-v7,92b0f35b2c927674,2026-08-01T06:22:40.961113+00:00,Only eligible listed class for CIK,,,,,,,,,,
ERIE,0000922621,ERIE INDEMNITY CO,NASDAQ,EQUITY,NMS,Erie Indemnity Company - Class A Common Stock,COMMON_OR_EQUIVALENT,HIGH,NASDAQ Trader nasdaqlisted,58.895,Financial Services,Insurance Brokers,12.656,,,,,,,,,,,,,,False,Pass,2026-07-industry-models-v7,92b0f35b2c927674,2026-08-01T06:22:46.422269+00:00,Only eligible listed class for CIK,FINANCIAL_SPECIALTY,FINANCIAL_FEE,True,"Fee-based insurance intermediary model using margin, cash conversion and tangible capital",True,97.0,,,,
PEN,0001321732,Penumbra Inc,NYSE,EQUITY,NYQ,"Penumbra, Inc. Common Stock",COMMON_OR_EQUIVALENT,HIGH,NASDAQ Trader otherlisted,132.799,Healthcare,Medical Devices,12.651,,67.84,86.95,1.047,0.0,淨負債/EBITDA,False,False,True,絕對毛利率>=25%,True,Yahoo OCF missing; defer to SEC,,False,Pass,2026-07-industry-models-v7,92b0f35b2c927674,2026-08-01T06:22:54.419157+00:00,Only eligible listed class for CIK,,,,,,,,,,
GWRE,0001528396,"Guidewire Software, Inc.",NYSE,EQUITY,NYQ,"Guidewire Software, Inc. Common Stock",COMMON_OR_EQUIVALENT,HIGH,NASDAQ Trader otherlisted,251.75,Technology,Software - Application,12.65,0.351,64.01,,5.376,0.0,淨負債/EBITDA,False,True,True,絕對毛利率>=25%,False,,,False,Pass,2026-07-industry-models-v7,92b0f35b2c927674,2026-08-01T06:22:49.244988+00:00,Only eligible listed class for CIK,,,,,,,,,,
AUR,0001828108,"Aurora Innovation, Inc.",NASDAQ,EQUITY,NMS,"Aurora Innovation, Inc.  - Class A Common Stock",COMMON_OR_EQUIVALENT,HIGH,NASDAQ Trader nasdaqlisted,191.503,Consumer Cyclical,Auto Parts,12.65,,,,,,,,,,,,,,False,Pass,2026-07-industry-models-v7,92b0f35b2c927674,2026-08-01T06:22:51.824923+00:00,Only eligible listed class for CIK,CYCLICAL_MIDCYCLE,CYCLICAL_MIDCYCLE,True,Peak/current/mid-cycle/trough EBITDA and trough-survival model,True,77.0,current EBITDA is non-positive; trough-survival deep model required | current operating cash flow is non-positive,,,
VIRT,0001592386,"Virtu Financial, Inc.",NYSE,EQUITY,NYQ,"Virtu Financial, Inc. Class A Common Stock",COMMON_OR_EQUIVALENT,HIGH,NASDAQ Trader otherlisted,76.05,Financial Services,Capital Markets,12.637,,,,,,,,,,,,,,False,Pass,2026-07-industry-models-v7,92b0f35b2c927674,2026-08-01T06:47:48.056416+00:00,Only eligible listed class for CIK,FINANCIAL_SPECIALTY,FINANCIAL_FEE,True,"Fee-financial margin, cash conversion, tangible capital and balance-sheet model",True,88.0,,,,
ICLR,0001060955,ICON PLC,NASDAQ,EQUITY,NMS,ICON plc - Ordinary Shares,COMMON_OR_EQUIVALENT,HIGH,NASDAQ Trader nasdaqlisted,167.115,Healthcare,Diagnostics & Research,12.62,1.112,23.91,,6.673,4.9,淨負債/EBITDA,True,True,False,低於同業中位數，交由 SEC 深篩,False,,,False,Pass,2026-07-industry-models-v7,92b0f35b2c927674,2026-08-01T06:22:57.246748+00:00,Only eligible listed class for CIK,,,,,,,,,54.73,True
SF,0000720672,STIFEL FINANCIAL CORP,NYSE,EQUITY,NYQ,Stifel Financial Corporation Common Stock,COMMON_OR_EQUIVALENT,HIGH,NASDAQ Trader otherlisted,115.336,Financial Services,Capital Markets,12.568,,,,,,,,,,,,,,False,Pass,2026-07-industry-models-v7,92b0f35b2c927674,2026-08-01T06:23:02.700673+00:00,Only eligible listed class for CIK,FINANCIAL_SPECIALTY,FINANCIAL_FEE,True,"Fee-financial margin, cash conversion, tangible capital and balance-sheet model",True,88.0,,,,
RVTY,0000031791,"REVVITY, INC.",NYSE,EQUITY,NYQ,"Revvity, Inc. Common Stock",COMMON_OR_EQUIVALENT,HIGH,NASDAQ Trader otherlisted,171.406,Healthcare,Diagnostics & Research,12.553,0.57,54.32,,3.917,2.911,淨負債/EBITDA,False,False,False,絕對毛利率>=25%,False,,,False,Pass,2026-07-industry-models-v7,92b0f35b2c927674,2026-08-01T06:23:05.278779+00:00,Only eligible listed class for CIK,,,,,,,,,,
WBS,0000801337,WEBSTER FINANCIAL CORP,NYSE,EQUITY,NYQ,Webster Financial Corporation Common Stock,COMMON_OR_EQUIVALENT,HIGH,NASDAQ Trader otherlisted,273.819,Financial Services,Banks - Regional,12.512,,,,,,,,,,,,,,False,Pass,2026-07-industry-models-v7,92b0f35b2c927674,2026-08-01T06:23:07.874394+00:00,Only eligible listed class for CIK,BANK,BANK,True,"Tier 1 capital buffer, ROTCE, deposit funding and credit-loss model",True,94.0,,,,
COKE,0000317540,"Coca-Cola Consolidated, Inc.",NASDAQ,EQUITY,NMS,"Coca-Cola Consolidated, Inc. - Common Stock",COMMON_OR_EQUIVALENT,HIGH,NASDAQ Trader nasdaqlisted,111.426,Consumer Defensive,Beverages - Non-Alcoholic,12.507,0.939,39.66,69.58,0.92,0.877,淨負債/EBITDA,False,False,False,絕對毛利率>=25%,False,,,False,Pass,2026-07-industry-models-v7,92b0f35b2c927674,2026-08-01T06:23:10.543392+00:00,Only eligible listed class for CIK,,,,,,,,,,
BXP,0001037540,"BXP, Inc.",NYSE,EQUITY,NYQ,"BXP, Inc. Common Stock",COMMON_OR_EQUIVALENT,HIGH,NASDAQ Trader otherlisted,105.604,Real Estate,REIT - Office,12.503,,,,,,,,,,,,,,False,Pass,2026-07-industry-models-v7,92b0f35b2c927674,2026-08-01T06:25:58.424814+00:00,Only eligible listed class for CIK,REIT,REIT_EQUITY,True,"Nareit FFO/EBITDAre proxy, AFFO coverage, leverage and lease-growth model",True,84.0,Yahoo FFO unavailable; rebuild Nareit FFO proxy from SEC facts,,,
BJ,0001531152,"BJ's Wholesale Club Holdings, Inc.",NYSE,EQUITY,NYQ,"BJ's Wholesale Club Holdings, Inc. Common Stock",COMMON_OR_EQUIVALENT,HIGH,NASDAQ Trader otherlisted,209.246,Consumer Defensive,Discount Stores,12.486,0.962,18.48,,2.558,2.533,淨負債/EBITDA,False,False,False,低於同業中位數，交由 SEC 深篩,False,,,False,Pass,2026-07-industry-models-v7,92b0f35b2c927674,2026-08-01T06:23:13.302111+00:00,Only eligible listed class for CIK,,,,,,,,,24.98,True
XPEV,0001810997,XPENG INC.,NYSE,EQUITY,NYQ,"XPeng Inc. American depositary shares, each representing two Class A ordinary shares",COMMON_OR_EQUIVALENT,HIGH,NASDAQ Trader otherlisted,92.073,Consumer Cyclical,Auto Manufacturers,12.436,,,,,,,,,,,,,,False,Pass,2026-07-industry-models-v7,92b0f35b2c927674,2026-08-01T06:23:15.981347+00:00,Only eligible listed class for CIK,CYCLICAL_MIDCYCLE,CYCLICAL_MIDCYCLE,True,Peak/current/mid-cycle/trough EBITDA and trough-survival model,True,84.0,current EBITDA is non-positive; trough-survival deep model required,,,
NVMI,0001109345,NOVA LTD.,NASDAQ,EQUITY,NMS,Nova Ltd. - Ordinary Shares,COMMON_OR_EQUIVALENT,HIGH,NASDAQ Trader nasdaqlisted,199.001,Technology,Semiconductor Equipment & Materials,12.432,0.217,57.31,70.04,2.819,0.0,淨負債/EBITDA,False,False,True,絕對毛利率>=25%,False,,,False,Pass,2026-07-industry-models-v7,92b0f35b2c927674,2026-08-01T06:23:18.754675+00:00,Only eligible listed class for CIK,,,,,,,,,,
AGNC,0001423689,AGNC Investment Corp.,NASDAQ,EQUITY,NMS,AGNC Investment Corp. - Common Stock,COMMON_OR_EQUIVALENT,HIGH,NASDAQ Trader nasdaqlisted,175.368,Real Estate,REIT - Mortgage,12.41,,,,,,,,,,,,,,False,Pass,2026-07-industry-models-v7,92b0f35b2c927674,2026-08-01T06:23:21.332608+00:00,Only eligible listed class for CIK,REIT,REIT_MORTGAGE,True,"Mortgage-REIT book capital, leverage, income and dividend-coverage model",True,91.0,,,,
EVR,0001360901,Evercore Inc.,NYSE,EQUITY,NYQ,Evercore Inc. Class A Common Stock,COMMON_OR_EQUIVALENT,HIGH,NASDAQ Trader otherlisted,146.653,Financial Services,Capital Markets,12.4,,,,,,,,,,,,,,False,Pass,2026-07-industry-models-v7,92b0f35b2c927674,2026-08-01T06:23:23.956988+00:00,Only eligible listed class for CIK,FINANCIAL_SPECIALTY,FINANCIAL_FEE,True,"Fee-financial margin, cash conversion, tangible capital and balance-sheet model",True,88.0,,,,
CORT,0001088856,CORCEPT THERAPEUTICS INC,NASDAQ,EQUITY,NCM,Corcept Therapeutics Incorporated - Common Stock,COMMON_OR_EQUIVALENT,HIGH,NASDAQ Trader nasdaqlisted,139.511,Healthcare,Biotechnology,12.376,0.11,98.3,75.01,1.165,0.0,淨負債/EBITDA,False,False,True,絕對毛利率>=25%,False,,,False,Pass,2026-07-industry-models-v7,92b0f35b2c927674,2026-08-01T06:23:29.477226+00:00,Only eligible listed class for CIK,,,,,,,,,,
AMKR,0001047127,"AMKOR TECHNOLOGY, INC.",NASDAQ,EQUITY,NMS,"Amkor Technology, Inc. - Common Stock",COMMON_OR_EQUIVALENT,HIGH,NASDAQ Trader nasdaqlisted,297.055,Technology,Semiconductor Equipment & Materials,12.361,1.195,15.51,51.6,2.02,0.122,淨負債/EBITDA,False,False,False,低於同業中位數，交由 SEC 深篩,False,,,False,Pass,2026-07-industry-models-v7,92b0f35b2c927674,2026-08-01T06:23:32.305642+00:00,Only eligible listed class for CIK,,,,,,,,,50.72,True
SEIC,0000350894,SEI INVESTMENTS CO,NASDAQ,EQUITY,NMS,SEI Investments Company - Common Stock,COMMON_OR_EQUIVALENT,HIGH,NASDAQ Trader nasdaqlisted,72.998,Financial Services,Asset Management,12.36,,,,,,,,,,,,,,False,Pass,2026-07-industry-models-v7,92b0f35b2c927674,2026-08-01T06:23:34.959901+00:00,Only eligible listed class for CIK,FINANCIAL_SPECIALTY,FINANCIAL_FEE,True,"Fee-financial margin, cash conversion, tangible capital and balance-sheet model",True,97.0,,,,
MOG-A,0000067887,MOOG INC.,NYSE,EQUITY,NYQ,Moog Inc. Class A Common Stock,COMMON_OR_EQUIVALENT,HIGH,NASDAQ Trader otherlisted,121.157,Industrials,Aerospace & Defense,12.351,0.451,27.27,,2.57,2.028,淨負債/EBITDA,False,False,False,絕對毛利率>=25%,False,,,False,Pass,2026-07-industry-models-v7,92b0f35b2c927674,2026-08-01T06:23:37.634590+00:00,Only eligible listed class for CIK,,,,,,,,,,
CR,0001944013,Crane Co,NYSE,EQUITY,NYQ,Crane Company Common Stock,COMMON_OR_EQUIVALENT,HIGH,NASDAQ Trader otherlisted,111.607,Industrials,Specialty Industrial Machinery,12.326,0.429,41.74,77.78,2.072,1.411,淨負債/EBITDA,False,False,False,絕對毛利率>=25%,False,,,False,Pass,2026-07-industry-models-v7,92b0f35b2c927674,2026-08-01T06:23:40.289801+00:00,Only eligible listed class for CIK,,,,,,,,,,
DRS,0001833756,"Leonardo DRS, Inc.",NASDAQ,EQUITY,NMS,"Leonardo DRS, Inc. - Common Stock",COMMON_OR_EQUIVALENT,HIGH,NASDAQ Trader nasdaqlisted,46.914,Industrials,Aerospace & Defense,12.29,0.501,24.87,27.88,0.3,0.0,淨負債/EBITDA,False,False,True,低於同業中位數，交由 SEC 深篩,False,,,False,Pass,2026-07-industry-models-v7,92b0f35b2c927674,2026-08-01T06:23:43.078570+00:00,Only eligible listed class for CIK,,,,,,,,,27.27,True
PNW,0000764622,PINNACLE WEST CAPITAL CORP,NYSE,EQUITY,NYQ,Pinnacle West Capital Corporation Common Stock,COMMON_OR_EQUIVALENT,HIGH,NASDAQ Trader otherlisted,128.701,Utilities,Utilities - Regulated Electric,12.239,,,,,,,,,,,,,,False,Pass,2026-07-industry-models-v7,92b0f35b2c927674,2026-08-01T06:23:45.921295+00:00,Only eligible listed class for CIK,REGULATED_UTILITY,REGULATED_UTILITY,True,"Regulated-asset growth proxy, capex funding, capital structure and coverage model",True,97.0,,,,
NIO,0001736541,NIO Inc.,NYSE,EQUITY,NYQ,"NIO Inc. American depositary shares, each  representing one Class A ordinary share",COMMON_OR_EQUIVALENT,HIGH,NASDAQ Trader otherlisted,157.67,Consumer Cyclical,Auto Manufacturers,12.228,,,,,,,,,,,,,,False,Pass,2026-07-industry-models-v7,92b0f35b2c927674,2026-08-01T06:23:51.112208+00:00,Only eligible listed class for CIK,CYCLICAL_MIDCYCLE,CYCLICAL_MIDCYCLE,True,Peak/current/mid-cycle/trough EBITDA and trough-survival model,True,84.0,current EBITDA is non-positive; trough-survival deep model required,,,
FHN,0000036966,FIRST HORIZON CORP,NYSE,EQUITY,NYQ,First Horizon Corporation Common Stock,COMMON_OR_EQUIVALENT,HIGH,NASDAQ Trader otherlisted,121.552,Financial Services,Banks - Regional,12.169,,,,,,,,,,,,,,False,Pass,2026-07-industry-models-v7,92b0f35b2c927674,2026-08-01T06:23:53.910829+00:00,Only eligible listed class for CIK,BANK,BANK,True,"Tier 1 capital buffer, ROTCE, deposit funding and credit-loss model",True,91.0,,,,
EMBJ,0001355444,EMBRAER S.A.,NYSE,EQUITY,NYQ,Embraer S.A. Common Stock,COMMON_OR_EQUIVALENT,HIGH,NASDAQ Trader otherlisted,96.362,Industrials,Aerospace & Defense,12.16,3.522,17.69,48.03,3.574,0.931,淨負債/EBITDA,False,False,False,低於同業中位數，交由 SEC 深篩,False,,,False,Pass,2026-07-industry-models-v7,92b0f35b2c927674,2026-08-01T06:23:56.532187+00:00,Only eligible listed class for CIK,,,,,,,,,27.27,True
HUBS,0001404655,HUBSPOT INC,NYSE,EQUITY,NYQ,"HubSpot, Inc. Common Stock",COMMON_OR_EQUIVALENT,HIGH,NASDAQ Trader otherlisted,459.017,Technology,Software - Application,12.151,0.798,83.66,99.65,2.812,0.0,淨負債/EBITDA,False,False,True,絕對毛利率>=25%,False,,,False,Pass,2026-07-industry-models-v7,92b0f35b2c927674,2026-08-01T06:23:59.345558+00:00,Only eligible listed class for CIK,,,,,,,,,,
SKM,0001015650,SK TELECOM CO LTD,NYSE,EQUITY,NYQ,"SK Telecom Co., Ltd. Common Stock",COMMON_OR_EQUIVALENT,HIGH,NASDAQ Trader otherlisted,87.724,Communication Services,Telecom Services,12.142,3736.052,70.43,9.16,2.459,2.036,淨負債/EBITDA,False,False,False,絕對毛利率>=25%,False,,,False,Pass,2026-07-industry-models-v7,92b0f35b2c927674,2026-08-01T06:24:01.948030+00:00,Only eligible listed class for CIK,,,,,,,,,,
NYT,0000071691,NEW YORK TIMES CO,NYSE,EQUITY,NYQ,New York Times Company (The) Common Stock,COMMON_OR_EQUIVALENT,HIGH,NASDAQ Trader otherlisted,135.356,Communication Services,Publishing,12.122,0.578,50.66,93.89,0.0,0.0,淨負債/EBITDA,False,False,True,絕對毛利率>=25%,False,,,False,Pass,2026-07-industry-models-v7,92b0f35b2c927674,2026-08-01T06:24:04.488347+00:00,Only eligible listed class for CIK,,,,,,,,,,
ALGN,0001097149,ALIGN TECHNOLOGY INC,NASDAQ,EQUITY,NMS,"Align Technology, Inc. - Common Stock",COMMON_OR_EQUIVALENT,HIGH,NASDAQ Trader nasdaqlisted,172.072,Healthcare,Medical Instruments & Supplies,12.115,0.756,70.71,,0.094,0.0,淨負債/EBITDA,False,False,True,絕對毛利率>=25%,False,,,False,Pass,2026-07-industry-models-v7,92b0f35b2c927674,2026-08-01T06:24:10.026936+00:00,Only eligible listed class for CIK,,,,,,,,,,
ONON,0001858985,On Holding AG,NYSE,EQUITY,NYQ,On Holding AG Class A Ordinary Shares,COMMON_OR_EQUIVALENT,HIGH,NASDAQ Trader otherlisted,199.572,Consumer Cyclical,Footwear & Accessories,12.08,0.401,63.88,73.24,1.159,0.0,淨負債/EBITDA,False,False,True,絕對毛利率>=25%,False,,,False,Pass,2026-07-industry-models-v7,92b0f35b2c927674,2026-08-01T06:24:12.686168+00:00,Only eligible listed class for CIK,,,,,,,,,,
DY,0000067215,DYCOM INDUSTRIES INC,NYSE,EQUITY,NYQ,"Dycom Industries, Inc. Common Stock",COMMON_OR_EQUIVALENT,HIGH,NASDAQ Trader otherlisted,229.716,Industrials,Engineering & Construction,12.04,0.672,20.46,96.75,3.635,2.969,淨負債/EBITDA,False,False,False,低於同業中位數，交由 SEC 深篩,False,,,False,Pass,2026-07-industry-models-v7,92b0f35b2c927674,2026-08-01T06:24:15.452985+00:00,Only eligible listed class for CIK,,,,,,,,,20.6,True
FIVE,0001177609,"FIVE BELOW, INC",NASDAQ,EQUITY,NMS,"Five Below, Inc. - Common Stock",COMMON_OR_EQUIVALENT,HIGH,NASDAQ Trader nasdaqlisted,275.054,Consumer Cyclical,Specialty Retail,12.006,0.681,36.8,,2.639,1.169,淨負債/EBITDA,False,False,False,絕對毛利率>=25%,False,,,False,Pass,2026-07-industry-models-v7,92b0f35b2c927674,2026-08-01T06:24:20.874435+00:00,Only eligible listed class for CIK,,,,,,,,,,
TTMI,0001116942,TTM TECHNOLOGIES INC,NASDAQ,EQUITY,NMS,"TTM Technologies, Inc. - Common Stock",COMMON_OR_EQUIVALENT,HIGH,NASDAQ Trader nasdaqlisted,317.953,Technology,Electronic Components,11.988,0.324,21.0,96.04,2.391,1.447,淨負債/EBITDA,False,False,False,低於25%但高於同業中位數,False,,,False,Pass,2026-07-industry-models-v7,92b0f35b2c927674,2026-08-01T06:24:23.772165+00:00,Only eligible listed class for CIK,,,,,,,,,21.0,False
APTV,0001521332,Aptiv PLC,NYSE,EQUITY,NYQ,Aptiv PLC Ordinary Shares,COMMON_OR_EQUIVALENT,HIGH,NASDAQ Trader otherlisted,192.454,Consumer Cyclical,Auto Parts,11.95,,,,,,,,,,,,,,False,Pass,2026-07-industry-models-v7,92b0f35b2c927674,2026-08-01T06:24:26.531194+00:00,Only eligible listed class for CIK,CYCLICAL_MIDCYCLE,CYCLICAL_MIDCYCLE,True,Peak/current/mid-cycle/trough EBITDA and trough-survival model,True,97.0,,,,
AA,0001675149,Alcoa Corp,NYSE,EQUITY,NYQ,Alcoa Corporation Common Stock,COMMON_OR_EQUIVALENT,HIGH,NASDAQ Trader otherlisted,248.958,Basic Materials,Aluminum,11.945,,,,,,,,,,,,,,False,Pass,2026-07-industry-models-v7,92b0f35b2c927674,2026-08-01T06:24:29.065789+00:00,Only eligible listed class for CIK,CYCLICAL_MIDCYCLE,CYCLICAL_MIDCYCLE,True,Peak/current/mid-cycle/trough EBITDA and trough-survival model,True,97.0,,,,
BNT,0001837429,Brookfield Wealth Solutions Ltd.,NYSE,EQUITY,NYQ,Brookfield Wealth Solutions Ltd. Class A Exchangeable Limited Voting Shares,COMMON_OR_EQUIVALENT,HIGH,NASDAQ Trader otherlisted,1.013,Financial Services,Insurance - Diversified,11.85,,,,,,,,,,,,,,False,Pass,2026-07-industry-models-v7,92b0f35b2c927674,2026-08-01T06:24:34.666305+00:00,Only eligible listed class for CIK,INSURANCE,INSURANCE_P_AND_C,True,"Dedicated underwriting, claims, capital and reserve-development model",True,97.0,,,,
WSE,0002099039,Wise Group plc,NASDAQ,EQUITY,NMS,Wise Group plc - Class A Ordinary Shares,COMMON_OR_EQUIVALENT,HIGH,NASDAQ Trader nasdaqlisted,17.182,Technology,Information Technology Services,11.85,7.554,84.15,47.82,0.426,0.0,淨負債/EBITDA,False,False,True,絕對毛利率>=25%,False,,,False,Pass,2026-07-industry-models-v7,92b0f35b2c927674,2026-08-01T06:24:37.312523+00:00,Only eligible listed class for CIK,,,,,,,,,,
AFG,0001042046,AMERICAN FINANCIAL GROUP INC,NYSE,EQUITY,NYQ,"American Financial Group, Inc. Common Stock",COMMON_OR_EQUIVALENT,HIGH,NASDAQ Trader otherlisted,68.036,Financial Services,Insurance - Property & Casualty,11.775,,,,,,,,,,,,,,False,Pass,2026-07-industry-models-v7,92b0f35b2c927674,2026-08-01T06:24:45.682678+00:00,Only eligible listed class for CIK,INSURANCE,INSURANCE_P_AND_C,True,"Dedicated underwriting, claims, capital and reserve-development model",True,97.0,,,,
RTO,0000930157,RENTOKIL INITIAL PLC /FI,NYSE,EQUITY,NYQ,Rentokil Initial plc American Depositary Shares (each representing five (5) Ordinary Shares),COMMON_OR_EQUIVALENT,HIGH,NASDAQ Trader otherlisted,23.408,Industrials,Specialty Business Services,11.756,0.93,14.01,15.02,4.904,2.931,淨負債/EBITDA,False,True,False,低於同業中位數，交由 SEC 深篩,False,,,False,Pass,2026-07-industry-models-v7,92b0f35b2c927674,2026-08-01T06:24:48.461082+00:00,Only eligible listed class for CIK,,,,,,,,,46.97,True
SCI,0000089089,SERVICE CORP INTERNATIONAL,NYSE,EQUITY,NYQ,Service Corporation International Common Stock,COMMON_OR_EQUIVALENT,HIGH,NASDAQ Trader otherlisted,129.891,Consumer Cyclical,Personal Services,11.747,1.038,26.03,96.84,3.986,3.79,淨負債/EBITDA,False,False,False,絕對毛利率>=25%,False,,,False,Pass,2026-07-industry-models-v7,92b0f35b2c927674,2026-08-01T06:24:42.981571+00:00,Only eligible listed class for CIK,,,,,,,,,,
BTSG,0001865782,"BrightSpring Health Services, Inc.",NASDAQ,EQUITY,NMS,"BrightSpring Health Services, Inc. - Common Stock",COMMON_OR_EQUIVALENT,HIGH,NASDAQ Trader nasdaqlisted,231.282,Healthcare,Health Information Services,11.719,0.512,12.18,,4.882,3.275,淨負債/EBITDA,False,True,False,同業樣本不足(3)，交由 SEC 深篩,False,,,False,Pass,2026-07-industry-models-v7,92b0f35b2c927674,2026-08-01T06:24:51.243598+00:00,Only eligible listed class for CIK,,,,,,,,,,True
RYAN,0001849253,"RYAN SPECIALTY HOLDINGS, INC.",NYSE,EQUITY,NYQ,"Ryan Specialty Holdings, Inc. Class A Common Stock",COMMON_OR_EQUIVALENT,HIGH,NASDAQ Trader otherlisted,116.911,Financial Services,Insurance - Specialty,11.657,,,,,,,,,,,,,,False,Pass,2026-07-industry-models-v7,92b0f35b2c927674,2026-08-01T06:44:20.896951+00:00,Only eligible listed class for CIK,INSURANCE,INSURANCE_P_AND_C,True,"Dedicated underwriting, claims, capital and reserve-development model",True,97.0,,,,
CSGP,0001057352,"COSTAR GROUP, INC.",NASDAQ,EQUITY,NMS,"CoStar Group, Inc. - Common Stock",COMMON_OR_EQUIVALENT,HIGH,NASDAQ Trader nasdaqlisted,228.354,Real Estate,Real Estate Services,11.653,0.497,78.68,,2.931,0.0,淨負債/EBITDA,False,False,True,絕對毛利率>=25%,False,,,False,Pass,2026-07-industry-models-v7,92b0f35b2c927674,2026-08-01T06:24:54.054415+00:00,Only eligible listed class for CIK,,,,,,,,,,
AGI,0001178819,ALAMOS GOLD INC,NYSE,EQUITY,NYQ,Alamos Gold Inc. Class A Common Shares,COMMON_OR_EQUIVALENT,HIGH,NASDAQ Trader otherlisted,119.383,Basic Materials,Gold,11.65,,,,,,,,,,,,,,False,Pass,2026-07-industry-models-v7,92b0f35b2c927674,2026-08-01T06:24:56.620004+00:00,Only eligible listed class for CIK,CYCLICAL_MIDCYCLE,CYCLICAL_MIDCYCLE,True,Peak/current/mid-cycle/trough EBITDA and trough-survival model,True,97.0,,,,
DKNG,0001883685,DraftKings Inc.,NASDAQ,EQUITY,NMS,DraftKings Inc. - Class A Common Stock,COMMON_OR_EQUIVALENT,HIGH,NASDAQ Trader nasdaqlisted,290.487,Consumer Cyclical,Gambling,11.649,0.733,76.7,79.88,5.872,2.812,淨負債/EBITDA,False,True,False,絕對毛利率>=25%,False,,,False,Pass,2026-07-industry-models-v7,92b0f35b2c927674,2026-08-01T06:24:59.246883+00:00,Only eligible listed class for CIK,,,,,,,,,,
GNRC,0001474735,GENERAC HOLDINGS INC.,NYSE,EQUITY,NYQ,Generac Holdlings Inc. Common Stock,COMMON_OR_EQUIVALENT,HIGH,NASDAQ Trader otherlisted,191.256,Industrials,Specialty Industrial Machinery,11.604,0.548,39.54,93.87,2.361,1.945,淨負債/EBITDA,False,False,False,絕對毛利率>=25%,False,,,False,Pass,2026-07-industry-models-v7,92b0f35b2c927674,2026-08-01T06:25:02.003417+00:00,Only eligible listed class for CIK,,,,,,,,,,
BMRN,0001048477,BIOMARIN PHARMACEUTICAL INC,NASDAQ,EQUITY,NMS,BioMarin Pharmaceutical Inc. - Common Stock,COMMON_OR_EQUIVALENT,HIGH,NASDAQ Trader nasdaqlisted,125.12,Healthcare,Biotechnology,11.601,0.874,51.16,,2.28,0.0,淨負債/EBITDA,False,False,True,絕對毛利率>=25%,False,,,False,Pass,2026-07-industry-models-v7,92b0f35b2c927674,2026-08-01T06:25:04.653026+00:00,Only eligible listed class for CIK,,,,,,,,,,
AEIS,0000927003,ADVANCED ENERGY INDUSTRIES INC,NASDAQ,EQUITY,NMS,"Advanced Energy Industries, Inc. - Common Stock",COMMON_OR_EQUIVALENT,HIGH,NASDAQ Trader nasdaqlisted,278.479,Industrials,Electrical Equipment & Parts,11.584,0.198,39.0,,2.316,0.0,淨負債/EBITDA,False,False,True,絕對毛利率>=25%,False,,,False,Pass,2026-07-industry-models-v7,92b0f35b2c927674,2026-08-01T06:25:07.193956+00:00,Only eligible listed class for CIK,,,,,,,,,,
CLX,0000021076,CLOROX CO /DE/,NYSE,EQUITY,NYQ,Clorox Company (The) Common Stock,COMMON_OR_EQUIVALENT,HIGH,NASDAQ Trader otherlisted,269.115,Consumer Defensive,Household & Personal Products,11.552,0.576,43.85,86.31,3.521,2.586,淨負債/EBITDA,False,False,False,絕對毛利率>=25%,False,,,False,Pass,2026-07-industry-models-v7,92b0f35b2c927674,2026-08-01T06:25:10.041490+00:00,Only eligible listed class for CIK,,,,,,,,,,
WTS,0000795403,WATTS WATER TECHNOLOGIES INC,NYSE,EQUITY,NYQ,"Watts Water Technologies, Inc. Class A Common Stock",COMMON_OR_EQUIVALENT,HIGH,NASDAQ Trader otherlisted,129.186,Industrials,Specialty Industrial Machinery,11.546,0.365,49.24,,0.546,0.0,淨負債/EBITDA,False,False,True,絕對毛利率>=25%,False,,,False,Pass,2026-07-industry-models-v7,92b0f35b2c927674,2026-08-01T06:25:12.651156+00:00,Only eligible listed class for CIK,,,,,,,,,,
BROS,0001866581,Dutch Bros Inc.,NYSE,EQUITY,NYQ,Dutch Bros Inc. Class A Common Stock,COMMON_OR_EQUIVALENT,HIGH,NASDAQ Trader otherlisted,237.352,Consumer Cyclical,Restaurants,11.499,0.343,25.26,99.74,3.868,2.988,淨負債/EBITDA,False,False,False,絕對毛利率>=25%,False,,,False,Pass,2026-07-industry-models-v7,92b0f35b2c927674,2026-08-01T06:31:01.556160+00:00,Only eligible listed class for CIK,,,,,,,,,,
DPZ,0001286681,DOMINOS PIZZA INC,NASDAQ,EQUITY,NMS,Domino's Pizza Inc - Common Stock,COMMON_OR_EQUIVALENT,HIGH,NASDAQ Trader nasdaqlisted,324.109,Consumer Cyclical,Restaurants,11.494,0.778,28.71,,5.005,4.844,淨負債/EBITDA,True,True,False,絕對毛利率>=25%,False,,,False,Pass,2026-07-industry-models-v7,92b0f35b2c927674,2026-08-01T06:25:15.451519+00:00,Only eligible listed class for CIK,,,,,,,,,,
PODD,0001145197,INSULET CORP,NASDAQ,EQUITY,NMS,Insulet Corporation - Common Stock,COMMON_OR_EQUIVALENT,HIGH,NASDAQ Trader nasdaqlisted,256.049,Healthcare,Medical Devices,11.453,0.619,71.01,,1.684,0.886,淨負債/EBITDA,False,False,False,絕對毛利率>=25%,False,,,False,Pass,2026-07-industry-models-v7,92b0f35b2c927674,2026-08-01T06:25:18.202809+00:00,Only eligible listed class for CIK,,,,,,,,,,
MICC,0002071668,Magnum Ice Cream Co N.V.,NYSE,EQUITY,NYQ,The Magnum Ice Cream Company N.V. Ordinary Shares,COMMON_OR_EQUIVALENT,HIGH,NASDAQ Trader otherlisted,25.2,Consumer Defensive,Packaged Foods,11.405,0.746,36.15,60.69,3.318,2.82,淨負債/EBITDA,False,False,False,絕對毛利率>=25%,False,,,False,Pass,2026-07-industry-models-v7,92b0f35b2c927674,2026-08-01T06:25:20.895284+00:00,Only eligible listed class for CIK,,,,,,,,,,
MANH,0001056696,MANHATTAN ASSOCIATES INC,NASDAQ,EQUITY,NMS,"Manhattan Associates, Inc. - Common Stock",COMMON_OR_EQUIVALENT,HIGH,NASDAQ Trader nasdaqlisted,134.716,Technology,Software - Application,11.322,0.415,55.81,,0.186,0.0,淨負債/EBITDA,False,False,True,絕對毛利率>=25%,False,,,False,Pass,2026-07-industry-models-v7,92b0f35b2c927674,2026-08-01T06:25:26.361280+00:00,Only eligible listed class for CIK,,,,,,,,,,
KNX,0001492691,Knight-Swift Transportation Holdings Inc.,NYSE,EQUITY,NYQ,Knight-Swift Transportation Holdings Inc.,COMMON_OR_EQUIVALENT,HIGH,NASDAQ Trader otherlisted,319.289,Industrials,Trucking,11.316,,,,,,,,,,,,,,False,Pass,2026-07-industry-models-v7,92b0f35b2c927674,2026-08-01T06:25:29.109469+00:00,Only eligible listed class for CIK,CYCLICAL_MIDCYCLE,CYCLICAL_MIDCYCLE,True,Peak/current/mid-cycle/trough EBITDA and trough-survival model,True,97.0,,,,
WTRG,0000078128,"Essential Utilities, Inc.",NYSE,EQUITY,NYQ,"Essential Utilities, Inc. Common Stock",COMMON_OR_EQUIVALENT,HIGH,NASDAQ Trader otherlisted,77.856,Utilities,Utilities - Regulated Water,11.303,,,,,,,,,,,,,,False,Pass,2026-07-industry-models-v7,92b0f35b2c927674,2026-08-01T06:25:31.910554+00:00,Only eligible listed class for CIK,REGULATED_UTILITY,REGULATED_UTILITY,True,"Regulated-asset growth proxy, capex funding, capital structure and coverage model",True,97.0,,,,
EGP,0000049600,EASTGROUP PROPERTIES INC,NYSE,EQUITY,NYQ,"EastGroup Properties, Inc. Common Stock",COMMON_OR_EQUIVALENT,HIGH,NASDAQ Trader otherlisted,84.847,Real Estate,REIT - Industrial,11.239,,,,,,,,,,,,,,False,Pass,2026-07-industry-models-v7,92b0f35b2c927674,2026-08-01T06:25:34.548043+00:00,Only eligible listed class for CIK,REIT,REIT_EQUITY,True,"Nareit FFO/EBITDAre proxy, AFFO coverage, leverage and lease-growth model",True,87.0,Yahoo FFO unavailable; rebuild Nareit FFO proxy from SEC facts,,,
TECH,0000842023,BIO-TECHNE Corp,NASDAQ,EQUITY,NMS,Bio-Techne Corp - Common Stock,COMMON_OR_EQUIVALENT,HIGH,NASDAQ Trader nasdaqlisted,362.841,Healthcare,Biotechnology,11.232,0.295,66.4,,0.793,0.208,淨負債/EBITDA,False,False,False,絕對毛利率>=25%,False,,,False,Pass,2026-07-industry-models-v7,92b0f35b2c927674,2026-08-01T06:25:37.294274+00:00,Only eligible listed class for CIK,,,,,,,,,,
LFUS,0000889331,LITTELFUSE INC /DE,NASDAQ,EQUITY,NMS,"Littelfuse, Inc. - Common Stock",COMMON_OR_EQUIVALENT,HIGH,NASDAQ Trader nasdaqlisted,172.993,Technology,Electronic Components,11.23,0.512,39.34,,1.243,0.138,淨負債/EBITDA,False,False,False,絕對毛利率>=25%,False,,,False,Pass,2026-07-industry-models-v7,92b0f35b2c927674,2026-08-01T06:25:39.852219+00:00,Only eligible listed class for CIK,,,,,,,,,,
MUSA,0001573516,Murphy USA Inc.,NYSE,EQUITY,NYQ,Murphy USA Inc. Common Stock,COMMON_OR_EQUIVALENT,HIGH,NASDAQ Trader otherlisted,184.039,Consumer Cyclical,Specialty Retail,11.226,1.005,8.3,88.05,2.382,2.278,淨負債/EBITDA,False,False,False,低於同業中位數，交由 SEC 深篩,False,,,False,Pass,2026-07-industry-models-v7,92b0f35b2c927674,2026-08-01T06:25:42.491524+00:00,Only eligible listed class for CIK,,,,,,,,,34.39,True
CRL,0001100682,"CHARLES RIVER LABORATORIES INTERNATIONAL, INC.",NYSE,EQUITY,NYQ,"Charles River Laboratories International, Inc. Common Stock",COMMON_OR_EQUIVALENT,HIGH,NASDAQ Trader otherlisted,208.305,Healthcare,Diagnostics & Research,11.199,0.607,34.46,,3.445,3.229,淨負債/EBITDA,False,False,False,絕對毛利率>=25%,False,,,False,Pass,2026-07-industry-models-v7,92b0f35b2c927674,2026-08-01T06:25:50.395763+00:00,Only eligible listed class for CIK,,,,,,,,,,
BPOP,0000763901,"POPULAR, INC.",NASDAQ,EQUITY,NMS,"Popular, Inc. - Common Stock",COMMON_OR_EQUIVALENT,HIGH,NASDAQ Trader nasdaqlisted,90.801,Financial Services,Banks - Regional,11.19,,,,,,,,,,,,,,False,Pass,2026-07-industry-models-v7,92b0f35b2c927674,2026-08-01T06:25:53.030835+00:00,Only eligible listed class for CIK,BANK,BANK,True,"Tier 1 capital buffer, ROTCE, deposit funding and credit-loss model",True,91.0,,,,
OC,0001370946,Owens Corning,NYSE,EQUITY,NYQ,Owens Corning Inc Common Stock New,COMMON_OR_EQUIVALENT,HIGH,NASDAQ Trader otherlisted,167.099,Industrials,Building Products & Equipment,11.185,1.681,27.18,,2.96,2.826,淨負債/EBITDA,False,False,False,絕對毛利率>=25%,False,,,False,Pass,2026-07-industry-models-v7,92b0f35b2c927674,2026-08-01T06:25:55.654019+00:00,Only eligible listed class for CIK,,,,,,,,,,
AR,0001433270,ANTERO RESOURCES Corp,NYSE,EQUITY,NYQ,Antero Resources Corporation Common Stock,COMMON_OR_EQUIVALENT,HIGH,NASDAQ Trader otherlisted,170.725,Energy,Oil & Gas E&P,11.111,,,,,,,,,,,,,,False,Pass,2026-07-industry-models-v7,92b0f35b2c927674,2026-08-01T06:26:01.016245+00:00,Only eligible listed class for CIK,CYCLICAL_MIDCYCLE,CYCLICAL_MIDCYCLE,True,Peak/current/mid-cycle/trough EBITDA and trough-survival model,True,97.0,,,,
JEF,0000096223,Jefferies Financial Group Inc.,NYSE,EQUITY,NYQ,Jefferies Financial Group Inc. Common Stock,COMMON_OR_EQUIVALENT,HIGH,NASDAQ Trader otherlisted,119.178,Financial Services,Capital Markets,11.105,,,,,,,,,,,,,,False,Pass,2026-07-industry-models-v7,92b0f35b2c927674,2026-08-01T06:26:03.803968+00:00,Only eligible listed class for CIK,FINANCIAL_SPECIALTY,FINANCIAL_FEE,True,"Fee-financial margin, cash conversion, tangible capital and balance-sheet model",True,88.0,,,,
TFII,0001588823,TFI International Inc.,NYSE,EQUITY,NYQ,TFI International Inc. Common Shares,COMMON_OR_EQUIVALENT,HIGH,NASDAQ Trader otherlisted,52.126,Industrials,Trucking,11.098,,,,,,,,,,,,,,False,Pass,2026-07-industry-models-v7,92b0f35b2c927674,2026-08-01T06:26:06.362337+00:00,Only eligible listed class for CIK,CYCLICAL_MIDCYCLE,CYCLICAL_MIDCYCLE,True,Peak/current/mid-cycle/trough EBITDA and trough-survival model,True,97.0,,,,
ARW,0000007536,"ARROW ELECTRONICS, INC.",NYSE,EQUITY,NYQ,"Arrow Electronics, Inc. Common Stock",COMMON_OR_EQUIVALENT,HIGH,NASDAQ Trader otherlisted,146.51,Technology,Electronics & Computer Distribution,11.074,0.412,11.26,,1.923,1.7,淨負債/EBITDA,False,False,False,同業樣本不足(3)，交由 SEC 深篩,False,,,False,Pass,2026-07-industry-models-v7,92b0f35b2c927674,2026-08-01T06:26:09.152505+00:00,Only eligible listed class for CIK,,,,,,,,,,True
UMBF,0000101382,UMB FINANCIAL CORP,NASDAQ,EQUITY,NMS,UMB Financial Corporation - Common Stock,COMMON_OR_EQUIVALENT,HIGH,NASDAQ Trader nasdaqlisted,101.262,Financial Services,Banks - Regional,11.068,,,,,,,,,,,,,,False,Pass,2026-07-industry-models-v7,92b0f35b2c927674,2026-08-01T06:26:11.846710+00:00,Only eligible listed class for CIK,BANK,BANK,True,"Tier 1 capital buffer, ROTCE, deposit funding and credit-loss model",True,91.0,,,,
EHC,0000785161,Encompass Health Corp,NYSE,EQUITY,NYQ,Encompass Health Corporation Common Stock,COMMON_OR_EQUIVALENT,HIGH,NASDAQ Trader otherlisted,107.309,Healthcare,Medical Care Facilities,11.018,1.2,43.49,,1.959,1.882,淨負債/EBITDA,False,False,False,絕對毛利率>=25%,False,,,False,Pass,2026-07-industry-models-v7,92b0f35b2c927674,2026-08-01T06:26:14.424435+00:00,Only eligible listed class for CIK,,,,,,,,,,
CACI,0000016058,CACI INTERNATIONAL INC /DE/,NYSE,EQUITY,NYQ,"CACI International, Inc. Class A Common Stock",COMMON_OR_EQUIVALENT,HIGH,NASDAQ Trader otherlisted,145.015,Technology,Information Technology Services,10.996,0.664,32.56,99.64,5.078,4.934,淨負債/EBITDA,True,True,False,絕對毛利率>=25%,False,,,False,Pass,2026-07-industry-models-v7,92b0f35b2c927674,2026-08-01T06:26:17.174883+00:00,Only eligible listed class for CIK,,,,,,,,,,
SPXC,0000088205,"SPX Technologies, Inc.",NYSE,EQUITY,NYQ,"SPX Technologies, Inc. Common Stock",COMMON_OR_EQUIVALENT,HIGH,NASDAQ Trader otherlisted,165.785,Industrials,Building Products & Equipment,10.995,0.422,40.3,99.5,1.167,0.851,淨負債/EBITDA,False,False,False,絕對毛利率>=25%,False,,,False,Pass,2026-07-industry-models-v7,92b0f35b2c927674,2026-08-01T06:26:19.941408+00:00,Only eligible listed class for CIK,,,,,,,,,,
CPT,0000906345,CAMDEN PROPERTY TRUST,NYSE,EQUITY,NYQ,Camden Property Trust Common Stock,COMMON_OR_EQUIVALENT,HIGH,NASDAQ Trader otherlisted,128.168,Real Estate,REIT - Residential,10.98,,,,,,,,,,,,,,False,Pass,2026-07-industry-models-v7,92b0f35b2c927674,2026-08-01T06:26:22.649390+00:00,Only eligible listed class for CIK,REIT,REIT_EQUITY,True,"Nareit FFO/EBITDAre proxy, AFFO coverage, leverage and lease-growth model",True,84.0,Yahoo FFO unavailable; rebuild Nareit FFO proxy from SEC facts,,,
SMTC,0000088941,SEMTECH CORP,NASDAQ,EQUITY,NMS,Semtech Corporation - Common Stock,COMMON_OR_EQUIVALENT,HIGH,NASDAQ Trader nasdaqlisted,416.094,Technology,Semiconductors,10.975,0.19,52.39,,3.412,2.335,淨負債/EBITDA,False,False,False,絕對毛利率>=25%,False,,,False,Pass,2026-07-industry-models-v7,92b0f35b2c927674,2026-08-01T06:26:25.332235+00:00,Only eligible listed class for CIK,,,,,,,,,,
GDDY,0001609711,GoDaddy Inc.,NYSE,EQUITY,NYQ,GoDaddy Inc. Class A Common Stock,COMMON_OR_EQUIVALENT,HIGH,NASDAQ Trader otherlisted,208.274,Technology,Software - Infrastructure,10.956,1.729,63.8,,2.786,1.948,淨負債/EBITDA,False,False,False,絕對毛利率>=25%,False,,,False,Pass,2026-07-industry-models-v7,92b0f35b2c927674,2026-08-01T06:26:27.946990+00:00,Only eligible listed class for CIK,,,,,,,,,,
JKHY,0000779152,JACK HENRY & ASSOCIATES INC,NASDAQ,EQUITY,NMS,"Jack Henry & Associates, Inc. - Common Stock",COMMON_OR_EQUIVALENT,HIGH,NASDAQ Trader nasdaqlisted,239.339,Technology,Information Technology Services,10.945,0.786,44.06,,0.191,0.162,淨負債/EBITDA,False,False,False,絕對毛利率>=25%,False,,,False,Pass,2026-07-industry-models-v7,92b0f35b2c927674,2026-08-01T06:26:30.511635+00:00,Only eligible listed class for CIK,,,,,,,,,,
DCI,0000029644,DONALDSON Co INC,NYSE,EQUITY,NYQ,"Donaldson Company, Inc. Common Stock",COMMON_OR_EQUIVALENT,HIGH,NASDAQ Trader otherlisted,71.342,Industrials,Specialty Industrial Machinery,10.923,0.462,34.57,90.48,0.891,0.592,淨負債/EBITDA,False,False,False,絕對毛利率>=25%,False,,,False,Pass,2026-07-industry-models-v7,92b0f35b2c927674,2026-08-01T06:26:33.116841+00:00,Only eligible listed class for CIK,,,,,,,,,,
CGNX,0000851205,COGNEX CORP,NASDAQ,EQUITY,NMS,Cognex Corporation - Common Stock,COMMON_OR_EQUIVALENT,HIGH,NASDAQ Trader nasdaqlisted,156.805,Technology,Scientific & Technical Instruments,10.857,0.25,68.02,,0.327,0.0,淨負債/EBITDA,False,False,True,絕對毛利率>=25%,False,,,False,Pass,2026-07-industry-models-v7,92b0f35b2c927674,2026-08-01T06:26:38.663847+00:00,Only eligible listed class for CIK,,,,,,,,,,
FRT,0000034903,FEDERAL REALTY INVESTMENT TRUST,NYSE,EQUITY,NYQ,Federal Realty Investment Trust Common Stock,COMMON_OR_EQUIVALENT,HIGH,NASDAQ Trader otherlisted,116.356,Real Estate,REIT - Retail,10.786,,,,,,,,,,,,,,False,Pass,2026-07-industry-models-v7,92b0f35b2c927674,2026-08-01T06:26:52.294452+00:00,Only eligible listed class for CIK,REIT,REIT_EQUITY,True,"Nareit FFO/EBITDAre proxy, AFFO coverage, leverage and lease-growth model",True,87.0,Yahoo FFO unavailable; rebuild Nareit FFO proxy from SEC facts,,,
BSY,0001031308,BENTLEY SYSTEMS INC,NASDAQ,EQUITY,NMS,"Bentley Systems, Incorporated - Class B Common Stock",COMMON_OR_EQUIVALENT,HIGH,NASDAQ Trader nasdaqlisted,109.367,Technology,Software - Application,10.767,0.512,81.64,53.48,2.536,2.307,淨負債/EBITDA,False,False,False,絕對毛利率>=25%,False,,,False,Pass,2026-07-industry-models-v7,92b0f35b2c927674,2026-08-01T06:26:44.190982+00:00,Only eligible listed class for CIK,,,,,,,,,,
WTFC,0001015328,WINTRUST FINANCIAL CORP,NASDAQ,EQUITY,NMS,Wintrust Financial Corporation - Common Stock,COMMON_OR_EQUIVALENT,HIGH,NASDAQ Trader nasdaqlisted,86.437,Financial Services,Banks - Regional,10.762,,,,,,,,,,,,,,False,Pass,2026-07-industry-models-v7,92b0f35b2c927674,2026-08-01T06:26:46.880570+00:00,Only eligible listed class for CIK,BANK,BANK,True,"Tier 1 capital buffer, ROTCE, deposit funding and credit-loss model",True,91.0,,,,
GSAT,0001366868,"Globalstar, Inc.",NASDAQ,EQUITY,NMS,"Globalstar, Inc. - Common Stock",COMMON_OR_EQUIVALENT,HIGH,NASDAQ Trader nasdaqlisted,110.135,Communication Services,Telecom Services,10.738,0.605,63.74,26.72,4.926,1.643,淨負債/EBITDA,False,True,False,絕對毛利率>=25%,False,,,False,Pass,2026-07-industry-models-v7,92b0f35b2c927674,2026-08-01T06:26:49.553178+00:00,Only eligible listed class for CIK,,,,,,,,,,
AHR,0001632970,"American Healthcare REIT, Inc.",NYSE,EQUITY,NYQ,"American Healthcare REIT, Inc. Common Stock",COMMON_OR_EQUIVALENT,HIGH,NASDAQ Trader otherlisted,179.521,Real Estate,REIT - Healthcare Facilities,10.715,,,,,,,,,,,,,,False,Pass,2026-07-industry-models-v7,92b0f35b2c927674,2026-08-01T06:26:54.886209+00:00,Only eligible listed class for CIK,REIT,REIT_EQUITY,True,"Nareit FFO/EBITDAre proxy, AFFO coverage, leverage and lease-growth model",True,87.0,Yahoo FFO unavailable; rebuild Nareit FFO proxy from SEC facts,,,
GMED,0001237831,GLOBUS MEDICAL INC,NYSE,EQUITY,NYQ,"Globus Medical, Inc. Class A Common Stock",COMMON_OR_EQUIVALENT,HIGH,NASDAQ Trader otherlisted,146.213,Healthcare,Medical Devices,10.695,0.779,68.49,,0.123,0.0,淨負債/EBITDA,False,False,True,絕對毛利率>=25%,False,,,False,Pass,2026-07-industry-models-v7,92b0f35b2c927674,2026-08-01T06:26:57.679883+00:00,Only eligible listed class for CIK,,,,,,,,,,
MOD,0000067347,MODINE MANUFACTURING CO,NYSE,EQUITY,NYQ,Modine Manufacturing Company Common Stock,COMMON_OR_EQUIVALENT,HIGH,NASDAQ Trader otherlisted,315.491,Consumer Cyclical,Auto Parts,10.679,,,,,,,,,,,,,,False,Pass,2026-07-industry-models-v7,92b0f35b2c927674,2026-08-01T06:27:00.390207+00:00,Only eligible listed class for CIK,CYCLICAL_MIDCYCLE,CYCLICAL_MIDCYCLE,True,Peak/current/mid-cycle/trough EBITDA and trough-survival model,True,97.0,,,,
LINE,0001868159,"Lineage, Inc.",NASDAQ,EQUITY,NMS,"Lineage, Inc. - Common Stock",COMMON_OR_EQUIVALENT,HIGH,NASDAQ Trader nasdaqlisted,44.377,Real Estate,REIT - Industrial,10.624,,,,,,,,,,,,,,False,Pass,2026-07-industry-models-v7,92b0f35b2c927674,2026-08-01T06:29:29.511375+00:00,Only eligible listed class for CIK,REIT,REIT_EQUITY,True,"Nareit FFO/EBITDAre proxy, AFFO coverage, leverage and lease-growth model",True,87.0,Yahoo FFO unavailable; rebuild Nareit FFO proxy from SEC facts,,,
WMS,0001604028,"ADVANCED DRAINAGE SYSTEMS, INC.",NYSE,EQUITY,NYQ,"Advanced Drainage Systems, Inc. Common Stock",COMMON_OR_EQUIVALENT,HIGH,NASDAQ Trader otherlisted,118.947,Industrials,Building Products & Equipment,10.614,0.819,38.27,95.24,2.079,1.828,淨負債/EBITDA,False,False,False,絕對毛利率>=25%,False,,,False,Pass,2026-07-industry-models-v7,92b0f35b2c927674,2026-08-01T06:27:03.340977+00:00,Only eligible listed class for CIK,,,,,,,,,,
VSAT,0000797721,VIASAT INC,NASDAQ,EQUITY,NMS,"ViaSat, Inc. - Common Stock",COMMON_OR_EQUIVALENT,HIGH,NASDAQ Trader nasdaqlisted,200.417,Technology,Communication Equipment,10.598,1.59,33.04,98.67,4.882,3.653,淨負債/EBITDA,False,True,False,絕對毛利率>=25%,False,,,False,Pass,2026-07-industry-models-v7,92b0f35b2c927674,2026-08-01T06:27:05.794759+00:00,Only eligible listed class for CIK,,,,,,,,,,
PNR,0000077360,PENTAIR plc,NYSE,EQUITY,NYQ,Pentair plc. Ordinary Share,COMMON_OR_EQUIVALENT,HIGH,NASDAQ Trader otherlisted,176.448,Industrials,Specialty Industrial Machinery,10.575,0.752,41.39,98.74,1.705,1.617,淨負債/EBITDA,False,False,False,絕對毛利率>=25%,False,,,False,Pass,2026-07-industry-models-v7,92b0f35b2c927674,2026-08-01T06:27:08.549290+00:00,Only eligible listed class for CIK,,,,,,,,,,
ORI,0000074260,OLD REPUBLIC INTERNATIONAL CORP,NYSE,EQUITY,NYQ,Old Republic International Corporation Common Stock,COMMON_OR_EQUIVALENT,HIGH,NASDAQ Trader otherlisted,62.94,Financial Services,Insurance - Property & Casualty,10.524,,,,,,,,,,,,,,False,Pass,2026-07-industry-models-v7,92b0f35b2c927674,2026-08-01T06:27:11.138387+00:00,Only eligible listed class for CIK,INSURANCE,INSURANCE_P_AND_C,True,"Dedicated underwriting, claims, capital and reserve-development model",True,94.0,,,,
SUZ,0000909327,Suzano S.A.,NYSE,EQUITY,NYQ,Suzano S.A. American Depositary Shares (each representing One Ordinary Share),COMMON_OR_EQUIVALENT,HIGH,NASDAQ Trader otherlisted,25.824,Basic Materials,Paper & Paper Products,10.518,,,,,,,,,,,,,,False,Pass,2026-07-industry-models-v7,92b0f35b2c927674,2026-08-01T06:27:13.723665+00:00,Only eligible listed class for CIK,CYCLICAL_MIDCYCLE,CYCLICAL_MIDCYCLE,True,Peak/current/mid-cycle/trough EBITDA and trough-survival model,True,97.0,,,,
LGN,0002052568,Legence Corp.,NASDAQ,EQUITY,NMS,Legence Corp. - Class A Common stock,COMMON_OR_EQUIVALENT,HIGH,NASDAQ Trader nasdaqlisted,101.787,Industrials,Engineering & Construction,10.5,0.348,19.8,92.89,4.933,3.902,淨負債/EBITDA,False,True,False,低於同業中位數，交由 SEC 深篩,False,,,False,Pass,2026-07-industry-models-v7,92b0f35b2c927674,2026-08-01T06:27:16.521045+00:00,Only eligible listed class for CIK,,,,,,,,,20.6,True
CART,0001579091,Maplebear Inc.,NASDAQ,EQUITY,NMS,Maplebear Inc. - Common Stock,COMMON_OR_EQUIVALENT,HIGH,NASDAQ Trader nasdaqlisted,193.722,Consumer Cyclical,Internet Retail,10.482,0.941,73.11,83.63,0.056,0.0,淨負債/EBITDA,False,False,True,絕對毛利率>=25%,False,,,False,Pass,2026-07-industry-models-v7,92b0f35b2c927674,2026-08-01T06:27:19.194584+00:00,Only eligible listed class for CIK,,,,,,,,,,
DOCU,0001261333,"DOCUSIGN, INC.",NASDAQ,EQUITY,NMS,"DocuSign, Inc. - Common Stock",COMMON_OR_EQUIVALENT,HIGH,NASDAQ Trader nasdaqlisted,210.136,Technology,Software - Application,10.469,1.235,79.54,96.84,0.473,0.0,淨負債/EBITDA,False,False,True,絕對毛利率>=25%,False,,,False,Pass,2026-07-industry-models-v7,92b0f35b2c927674,2026-08-01T06:27:24.771345+00:00,Only eligible listed class for CIK,,,,,,,,,,
AES,0000874761,AES CORP,NYSE,EQUITY,NYQ,The AES Corporation Common Stock,COMMON_OR_EQUIVALENT,HIGH,NASDAQ Trader otherlisted,136.097,Utilities,Utilities - Diversified,10.469,,,,,,,,,,,,,,False,Pass,2026-07-industry-models-v7,92b0f35b2c927674,2026-08-01T06:27:27.613399+00:00,Only eligible listed class for CIK,REGULATED_UTILITY,REGULATED_UTILITY,True,"Regulated-asset growth proxy, capex funding, capital structure and coverage model",True,97.0,,,,
AM,0001623925,Antero Midstream Corp,NYSE,EQUITY,NYQ,Antero Midstream Corporation Common Stock,COMMON_OR_EQUIVALENT,HIGH,NASDAQ Trader otherlisted,51.213,Energy,Oil & Gas Midstream,10.429,,,,,,,,,,,,,,False,Pass,2026-07-industry-models-v7,92b0f35b2c927674,2026-08-01T06:27:33.061912+00:00,Only eligible listed class for CIK,CYCLICAL_MIDCYCLE,CYCLICAL_MIDCYCLE,True,Peak/current/mid-cycle/trough EBITDA and trough-survival model,True,97.0,,,,
ENSG,0001125376,"ENSIGN GROUP, INC",NASDAQ,EQUITY,NMS,"The Ensign Group, Inc. - Common Stock",COMMON_OR_EQUIVALENT,HIGH,NASDAQ Trader nasdaqlisted,148.008,Healthcare,Medical Care Facilities,10.384,0.608,16.57,95.2,3.862,3.311,淨負債/EBITDA,False,False,False,低於同業中位數，交由 SEC 深篩,False,,,False,Pass,2026-07-industry-models-v7,92b0f35b2c927674,2026-08-01T06:27:41.152223+00:00,Only eligible listed class for CIK,,,,,,,,,33.11,True
CFR,0000039263,"CULLEN/FROST BANKERS, INC.",NYSE,EQUITY,NYQ,"Cullen/Frost Bankers, Inc. Common Stock",COMMON_OR_EQUIVALENT,HIGH,NASDAQ Trader otherlisted,101.541,Financial Services,Banks - Regional,10.338,,,,,,,,,,,,,,False,Pass,2026-07-industry-models-v7,92b0f35b2c927674,2026-08-01T06:27:30.366799+00:00,Only eligible listed class for CIK,BANK,BANK,True,"Tier 1 capital buffer, ROTCE, deposit funding and credit-loss model",True,94.0,,,,
GIL,0001061894,Gildan Activewear Inc.,NYSE,EQUITY,NYQ,"Gildan Activewear, Inc. Class A Sub. Vot. Common Stock",COMMON_OR_EQUIVALENT,HIGH,NASDAQ Trader otherlisted,88.127,Consumer Cyclical,Apparel Manufacturing,10.256,,33.44,95.02,4.602,4.322,淨負債/EBITDA,True,True,False,絕對毛利率>=25%,True,Yahoo OCF missing; defer to SEC,,False,Pass,2026-07-industry-models-v7,92b0f35b2c927674,2026-08-01T06:27:46.563052+00:00,Only eligible listed class for CIK,,,,,,,,,,
SFD,0000091388,SMITHFIELD FOODS INC,NASDAQ,EQUITY,NMS,"Smithfield Foods, Inc. - Common Stock",COMMON_OR_EQUIVALENT,HIGH,NASDAQ Trader nasdaqlisted,32.09,Consumer Defensive,Packaged Foods,10.246,1.16,13.43,12.77,1.425,0.598,淨負債/EBITDA,False,False,False,低於同業中位數，交由 SEC 深篩,False,,,False,Pass,2026-07-industry-models-v7,92b0f35b2c927674,2026-08-01T06:27:49.240061+00:00,Only eligible listed class for CIK,,,,,,,,,26.33,True
MOH,0001179929,"MOLINA HEALTHCARE, INC.",NYSE,EQUITY,NYQ,Molina Healthcare Inc Common Stock,COMMON_OR_EQUIVALENT,HIGH,NASDAQ Trader otherlisted,235.526,Healthcare,Healthcare Plans,10.211,,,,,,,,,,,,,,False,Pass,2026-07-industry-models-v7,92b0f35b2c927674,2026-08-01T06:27:54.573569+00:00,Only eligible listed class for CIK,INSURANCE,INSURANCE_LIFE,True,"Dedicated underwriting, claims, capital and reserve-development model",True,97.0,,,,
UHS,0000352915,UNIVERSAL HEALTH SERVICES INC,NYSE,EQUITY,NYQ,"Universal Health Services, Inc. Common Stock",COMMON_OR_EQUIVALENT,HIGH,NASDAQ Trader otherlisted,182.476,Healthcare,Medical Care Facilities,10.197,1.8,44.61,,1.949,1.898,淨負債/EBITDA,False,False,False,絕對毛利率>=25%,False,,,False,Pass,2026-07-industry-models-v7,92b0f35b2c927674,2026-08-01T06:27:57.315170+00:00,Only eligible listed class for CIK,,,,,,,,,,
ONB,0000707179,OLD NATIONAL BANCORP /IN/,NASDAQ,EQUITY,NMS,Old National Bancorp - Common Stock,COMMON_OR_EQUIVALENT,HIGH,NASDAQ Trader nasdaqlisted,106.976,Financial Services,Banks - Regional,10.192,,,,,,,,,,,,,,False,Pass,2026-07-industry-models-v7,92b0f35b2c927674,2026-08-01T06:28:00.022462+00:00,Only eligible listed class for CIK,BANK,BANK,True,"Tier 1 capital buffer, ROTCE, deposit funding and credit-loss model",True,94.0,,,,
SSB,0000764038,SouthState Bank Corp,NYSE,EQUITY,NYQ,SouthState Bank Corporation Common Stock,COMMON_OR_EQUIVALENT,HIGH,NASDAQ Trader otherlisted,84.191,Financial Services,Banks - Regional,10.191,,,,,,,,,,,,,,False,Pass,2026-07-industry-models-v7,92b0f35b2c927674,2026-08-01T06:28:02.811787+00:00,Only eligible listed class for CIK,BANK,BANK,True,"Tier 1 capital buffer, ROTCE, deposit funding and credit-loss model",True,91.0,,,,
ZION,0000109380,"ZIONS BANCORPORATION, NATIONAL ASSOCIATION /UT/",NASDAQ,EQUITY,NMS,Zions Bancorporation N.A. - Common Stock,COMMON_OR_EQUIVALENT,HIGH,NASDAQ Trader nasdaqlisted,114.482,Financial Services,Banks - Regional,10.172,,,,,,,,,,,,,,False,Pass,2026-07-industry-models-v7,92b0f35b2c927674,2026-08-01T06:28:05.642887+00:00,Only eligible listed class for CIK,BANK,BANK,True,"Tier 1 capital buffer, ROTCE, deposit funding and credit-loss model",True,91.0,,,,
PSO,0000938323,PEARSON PLC,NYSE,EQUITY,NYQ,"Pearson, Plc Common Stock",COMMON_OR_EQUIVALENT,HIGH,NASDAQ Trader otherlisted,14.793,Communication Services,Publishing,10.171,0.656,52.0,4.34,2.532,1.964,淨負債/EBITDA,False,False,False,絕對毛利率>=25%,False,,,False,Pass,2026-07-industry-models-v7,92b0f35b2c927674,2026-08-01T06:28:08.178548+00:00,Only eligible listed class for CIK,,,,,,,,,,
FPS,0002080126,"Forgent Power Solutions, Inc.",NYSE,EQUITY,NYQ,"Forgent Power Solutions, Inc. Class A Common Stock",COMMON_OR_EQUIVALENT,HIGH,NASDAQ Trader otherlisted,273.458,Industrials,Electrical Equipment & Parts,10.128,0.028,34.33,75.71,4.305,3.734,淨負債/EBITDA,False,True,False,絕對毛利率>=25%,False,,,False,Pass,2026-07-industry-models-v7,92b0f35b2c927674,2026-08-01T06:32:11.654344+00:00,Only eligible listed class for CIK,,,,,,,,,,
IT,0000749251,GARTNER INC,NYSE,EQUITY,NYQ,"Gartner, Inc. Common Stock",COMMON_OR_EQUIVALENT,HIGH,NASDAQ Trader otherlisted,243.276,Technology,Information Technology Services,10.111,1.368,68.99,,2.51,1.263,淨負債/EBITDA,False,False,False,絕對毛利率>=25%,False,,,False,Pass,2026-07-industry-models-v7,92b0f35b2c927674,2026-08-01T06:28:10.956258+00:00,Only eligible listed class for CIK,,,,,,,,,,
AAL,0000006201,American Airlines Group Inc.,NASDAQ,EQUITY,NMS,"American Airlines Group, Inc. - Common Stock",COMMON_OR_EQUIVALENT,HIGH,NASDAQ Trader nasdaqlisted,1663.346,Industrials,Airlines,10.108,,,,,,,,,,,,,,False,Pass,2026-07-industry-models-v7,92b0f35b2c927674,2026-08-01T06:28:13.553936+00:00,Only eligible listed class for CIK,CYCLICAL_MIDCYCLE,CYCLICAL_MIDCYCLE,True,Peak/current/mid-cycle/trough EBITDA and trough-survival model,True,94.0,,,,
HBM,0001322422,Hudbay Minerals Inc.,NYSE,EQUITY,NYQ,Hudbay Minerals Inc. Ordinary Shares (Canada),COMMON_OR_EQUIVALENT,HIGH,NASDAQ Trader otherlisted,128.536,Basic Materials,Copper,10.104,,,,,,,,,,,,,,False,Pass,2026-07-industry-models-v7,92b0f35b2c927674,2026-08-01T06:28:16.333784+00:00,Only eligible listed class for CIK,CYCLICAL_MIDCYCLE,CYCLICAL_MIDCYCLE,True,Peak/current/mid-cycle/trough EBITDA and trough-survival model,True,97.0,,,,
LTH,0001869198,"Life Time Group Holdings, Inc.",NYSE,EQUITY,NYQ,"Life Time Group Holdings, Inc. Common Stock",COMMON_OR_EQUIVALENT,HIGH,NASDAQ Trader otherlisted,144.046,Consumer Cyclical,Leisure,10.078,0.899,48.02,89.67,4.941,4.682,淨負債/EBITDA,True,True,False,絕對毛利率>=25%,False,,,False,Pass,2026-07-industry-models-v7,92b0f35b2c927674,2026-08-01T06:28:21.625647+00:00,Only eligible listed class for CIK,,,,,,,,,,
KRYS,0001711279,"Krystal Biotech, Inc.",NASDAQ,EQUITY,NMS,"Krystal Biotech, Inc. - Common Stock",COMMON_OR_EQUIVALENT,HIGH,NASDAQ Trader nasdaqlisted,144.892,Healthcare,Biotechnology,10.056,0.25,94.17,99.52,0.05,0.0,淨負債/EBITDA,False,False,True,絕對毛利率>=25%,False,,,False,Pass,2026-07-industry-models-v7,92b0f35b2c927674,2026-08-01T06:28:24.321603+00:00,Only eligible listed class for CIK,,,,,,,,,,
SIRI,0000908937,SIRIUS XM HOLDINGS INC.,NASDAQ,EQUITY,NMS,SiriusXM Holdings Inc. - Common Stock,COMMON_OR_EQUIVALENT,HIGH,NASDAQ Trader nasdaqlisted,146.049,Communication Services,Entertainment,9.984,2.103,47.36,44.46,3.74,3.671,淨負債/EBITDA,False,False,False,絕對毛利率>=25%,False,,,False,Pass,2026-07-industry-models-v7,92b0f35b2c927674,2026-08-01T06:28:29.605476+00:00,Only eligible listed class for CIK,,,,,,,,,,
PRI,0001475922,"Primerica, Inc.",NYSE,EQUITY,NYQ,"Primerica, Inc. Common Stock",COMMON_OR_EQUIVALENT,HIGH,NASDAQ Trader otherlisted,62.988,Financial Services,Insurance - Life,9.978,,,,,,,,,,,,,,False,Pass,2026-07-industry-models-v7,92b0f35b2c927674,2026-08-01T06:28:26.942468+00:00,Only eligible listed class for CIK,INSURANCE,INSURANCE_LIFE,True,"Dedicated underwriting, claims, capital and reserve-development model",True,97.0,,,,
SANM,0000897723,SANMINA CORP,NASDAQ,EQUITY,NMS,Sanmina Corporation - Common Stock,COMMON_OR_EQUIVALENT,HIGH,NASDAQ Trader nasdaqlisted,206.331,Technology,Electronic Components,9.946,0.901,9.02,,2.812,0.67,淨負債/EBITDA,False,False,False,低於同業中位數，交由 SEC 深篩,False,,,False,Pass,2026-07-industry-models-v7,92b0f35b2c927674,2026-08-01T06:28:32.427499+00:00,Only eligible listed class for CIK,,,,,,,,,21.0,True
HMY,0001023514,HARMONY GOLD MINING CO LTD,NYSE,EQUITY,NYQ,Harmony Gold Mining Company Limited,COMMON_OR_EQUIVALENT,HIGH,NASDAQ Trader otherlisted,63.404,Basic Materials,Gold,9.944,,,,,,,,,,,,,,False,Pass,2026-07-industry-models-v7,92b0f35b2c927674,2026-08-01T06:28:35.145164+00:00,Only eligible listed class for CIK,CYCLICAL_MIDCYCLE,CYCLICAL_MIDCYCLE,True,Peak/current/mid-cycle/trough EBITDA and trough-survival model,True,97.0,,,,
YMM,0001838413,Full Truck Alliance Co. Ltd.,NYSE,EQUITY,NYQ,Full Truck Alliance Co. Ltd. American Depositary Shares (each representing 20 Class A Ordinary Shares),COMMON_OR_EQUIVALENT,HIGH,NASDAQ Trader otherlisted,84.218,Technology,Software - Application,9.926,5.863,85.01,83.45,0.006,0.0,淨負債/EBITDA,False,False,True,絕對毛利率>=25%,False,,,False,Pass,2026-07-industry-models-v7,92b0f35b2c927674,2026-08-01T06:28:37.966256+00:00,Only eligible listed class for CIK,,,,,,,,,,
CTRE,0001590717,"CareTrust REIT, Inc.",NYSE,EQUITY,NYQ,"CareTrust REIT, Inc. Common Stock",COMMON_OR_EQUIVALENT,HIGH,NASDAQ Trader otherlisted,113.3,Real Estate,REIT - Healthcare Facilities,9.908,,,,,,,,,,,,,,False,Pass,2026-07-industry-models-v7,92b0f35b2c927674,2026-08-01T06:28:40.567849+00:00,Only eligible listed class for CIK,REIT,REIT_EQUITY,True,"Nareit FFO/EBITDAre proxy, AFFO coverage, leverage and lease-growth model",True,87.0,Yahoo FFO unavailable; rebuild Nareit FFO proxy from SEC facts,,,
RDY,0001135951,DR REDDYS LABORATORIES LTD,NYSE,EQUITY,NYQ,Dr. Reddy's Laboratories Ltd Common Stock,COMMON_OR_EQUIVALENT,HIGH,NASDAQ Trader otherlisted,31.994,Healthcare,Drug Manufacturers - Specialty & Generic,9.871,41.199,50.18,15.49,1.316,0.0,淨負債/EBITDA,False,False,True,絕對毛利率>=25%,False,,,False,Pass,2026-07-industry-models-v7,92b0f35b2c927674,2026-08-01T06:28:43.150249+00:00,Only eligible listed class for CIK,,,,,,,,,,
RMBS,0000917273,RAMBUS INC,NASDAQ,EQUITY,NMS,"Rambus, Inc. - Common Stock",COMMON_OR_EQUIVALENT,HIGH,NASDAQ Trader nasdaqlisted,273.251,Technology,Semiconductors,9.844,0.333,80.36,98.15,0.069,0.0,淨負債/EBITDA,False,False,True,絕對毛利率>=25%,False,,,False,Pass,2026-07-industry-models-v7,92b0f35b2c927674,2026-08-01T06:28:45.967112+00:00,Only eligible listed class for CIK,,,,,,,,,,
R,0000085961,RYDER SYSTEM INC,NYSE,EQUITY,NYQ,"Ryder System, Inc. Common Stock",COMMON_OR_EQUIVALENT,HIGH,NASDAQ Trader otherlisted,101.66,Industrials,Rental & Leasing Services,9.833,2.45,19.83,95.14,3.037,2.959,淨負債/EBITDA,False,False,False,低於同業中位數，交由 SEC 深篩,False,,,False,Pass,2026-07-industry-models-v7,92b0f35b2c927674,2026-08-01T06:28:51.393868+00:00,Only eligible listed class for CIK,,,,,,,,,35.21,True
AYI,0001144215,ACUITY INC. (DE),NYSE,EQUITY,NYQ,Acuity Inc. Common Stock,COMMON_OR_EQUIVALENT,HIGH,NASDAQ Trader otherlisted,125.495,Industrials,Electrical Equipment & Parts,9.831,0.723,48.67,99.76,1.078,0.526,淨負債/EBITDA,False,False,False,絕對毛利率>=25%,False,,,False,Pass,2026-07-industry-models-v7,92b0f35b2c927674,2026-08-01T06:28:54.087054+00:00,Only eligible listed class for CIK,,,,,,,,,,
EDU,0001372920,New Oriental Education & Technology Group Inc.,NYSE,EQUITY,NYQ,"New Oriental Education & Technology Group, Inc. Sponsored ADR representing 10 Ordinary Share (Cayman Islands)",COMMON_OR_EQUIVALENT,HIGH,NASDAQ Trader otherlisted,39.617,Consumer Defensive,Education & Training Services,9.818,1.027,54.64,35.26,1.076,0.0,淨負債/EBITDA,False,False,True,絕對毛利率>=25%,False,,,False,Pass,2026-07-industry-models-v7,92b0f35b2c927674,2026-08-01T06:28:56.806519+00:00,Only eligible listed class for CIK,,,,,,,,,,
HALO,0001159036,"HALOZYME THERAPEUTICS, INC.",NASDAQ,EQUITY,NMS,"Halozyme Therapeutics, Inc. - Common Stock",COMMON_OR_EQUIVALENT,HIGH,NASDAQ Trader nasdaqlisted,152.799,Healthcare,Biotechnology,9.79,0.677,76.67,,2.284,1.95,淨負債/EBITDA,False,False,False,絕對毛利率>=25%,False,,,False,Pass,2026-07-industry-models-v7,92b0f35b2c927674,2026-08-01T06:28:59.445698+00:00,Only eligible listed class for CIK,,,,,,,,,,
OGE,0001021635,OGE ENERGY CORP.,NYSE,EQUITY,NYQ,OGE Energy Corp Common Stock,COMMON_OR_EQUIVALENT,HIGH,NASDAQ Trader otherlisted,67.261,Utilities,Utilities - Regulated Electric,9.772,,,,,,,,,,,,,,False,Pass,2026-07-industry-models-v7,92b0f35b2c927674,2026-08-01T06:29:02.238880+00:00,Only eligible listed class for CIK,REGULATED_UTILITY,REGULATED_UTILITY,True,"Regulated-asset growth proxy, capex funding, capital structure and coverage model",True,97.0,,,,
HSIC,0001000228,HENRY SCHEIN INC,NASDAQ,EQUITY,NMS,"Henry Schein, Inc. - Common Stock",COMMON_OR_EQUIVALENT,HIGH,NASDAQ Trader nasdaqlisted,130.325,Healthcare,Medical Distribution,9.768,0.578,31.19,,3.577,3.446,淨負債/EBITDA,False,False,False,絕對毛利率>=25%,False,,,False,Pass,2026-07-industry-models-v7,92b0f35b2c927674,2026-08-01T06:29:04.869242+00:00,Only eligible listed class for CIK,,,,,,,,,,
GME,0001326380,GameStop Corp.,NYSE,EQUITY,NYQ,GameStop Corporation Common Stock,COMMON_OR_EQUIVALENT,HIGH,NASDAQ Trader otherlisted,136.703,Consumer Cyclical,Specialty Retail,9.746,0.76,34.39,37.16,10.524,0.0,淨負債/EBITDA,False,True,True,絕對毛利率>=25%,False,,,False,Pass,2026-07-industry-models-v7,92b0f35b2c927674,2026-08-01T06:29:07.688873+00:00,Only eligible listed class for CIK,,,,,,,,,,
SARO,0002025410,"StandardAero, Inc.",NYSE,EQUITY,NYQ,"StandardAero, Inc. Common Stock",COMMON_OR_EQUIVALENT,HIGH,NASDAQ Trader otherlisted,115.259,Industrials,Aerospace & Defense,9.745,0.221,14.7,,3.249,3.131,淨負債/EBITDA,False,False,False,低於同業中位數，交由 SEC 深篩,False,,,False,Pass,2026-07-industry-models-v7,92b0f35b2c927674,2026-08-01T06:29:10.249123+00:00,Only eligible listed class for CIK,,,,,,,,,27.27,True
GGB,0001073404,GERDAU S.A.,NYSE,EQUITY,NYQ,Gerdau S.A. Common Stock,COMMON_OR_EQUIVALENT,HIGH,NASDAQ Trader otherlisted,86.144,Basic Materials,Steel,9.737,,,,,,,,,,,,,,False,Pass,2026-07-industry-models-v7,92b0f35b2c927674,2026-08-01T06:29:12.965690+00:00,Only eligible listed class for CIK,CYCLICAL_MIDCYCLE,CYCLICAL_MIDCYCLE,True,Peak/current/mid-cycle/trough EBITDA and trough-survival model,True,97.0,,,,
FLS,0000030625,FLOWSERVE CORP,NYSE,EQUITY,NYQ,Flowserve Corporation Common Stock,COMMON_OR_EQUIVALENT,HIGH,NASDAQ Trader otherlisted,169.374,Industrials,Specialty Industrial Machinery,9.712,0.488,35.8,,3.102,2.124,淨負債/EBITDA,False,False,False,絕對毛利率>=25%,False,,,False,Pass,2026-07-industry-models-v7,92b0f35b2c927674,2026-08-01T06:29:15.640035+00:00,Only eligible listed class for CIK,,,,,,,,,,
AMG,0001004434,"AFFILIATED MANAGERS GROUP, INC.",NYSE,EQUITY,NYQ,"Affiliated Managers Group, Inc. Common Stock",COMMON_OR_EQUIVALENT,HIGH,NASDAQ Trader otherlisted,116.121,Financial Services,Asset Management,9.686,,,,,,,,,,,,,,False,Pass,2026-07-industry-models-v7,92b0f35b2c927674,2026-08-01T06:29:18.455567+00:00,Only eligible listed class for CIK,FINANCIAL_SPECIALTY,FINANCIAL_FEE,True,"Fee-financial margin, cash conversion, tangible capital and balance-sheet model",True,94.0,,,,
BRX,0001581068,Brixmor Property Group Inc.,NYSE,EQUITY,NYQ,Brixmor Property Group Inc. Common Stock,COMMON_OR_EQUIVALENT,HIGH,NASDAQ Trader otherlisted,78.277,Real Estate,REIT - Retail,9.67,,,,,,,,,,,,,,False,Pass,2026-07-industry-models-v7,92b0f35b2c927674,2026-08-01T06:29:21.197001+00:00,Only eligible listed class for CIK,REIT,REIT_EQUITY,True,"Nareit FFO/EBITDAre proxy, AFFO coverage, leverage and lease-growth model",True,87.0,Yahoo FFO unavailable; rebuild Nareit FFO proxy from SEC facts,,,
TX,0001342874,Ternium S.A.,NYSE,EQUITY,NYQ,"Ternium S.A. Ternium S.A. American Depositary Shares (each representing ten shares, USD1.00 par value)",COMMON_ADS_INFERRED,MEDIUM,SEC annual cover unavailable; accepted unavailable; symbol-to-title mapping unresolved; inferred common: sole exchange-listed ADS class for this CIK,25.725,Basic Materials,Steel,9.666,,,,,,,,,,,,,,False,Pass,2026-07-industry-models-v7,92b0f35b2c927674,2026-08-01T06:29:23.936683+00:00,Only eligible listed class for CIK,CYCLICAL_MIDCYCLE,CYCLICAL_MIDCYCLE,True,Peak/current/mid-cycle/trough EBITDA and trough-survival model,True,97.0,,,,
DAR,0000916540,DARLING INGREDIENTS INC.,NYSE,EQUITY,NYQ,Darling Ingredients Inc. Common Stock,COMMON_OR_EQUIVALENT,HIGH,NASDAQ Trader otherlisted,141.719,Consumer Defensive,Packaged Foods,9.637,,26.33,,3.858,3.755,淨負債/EBITDA,False,False,False,絕對毛利率>=25%,True,Yahoo OCF missing; defer to SEC,,False,Pass,2026-07-industry-models-v7,92b0f35b2c927674,2026-08-01T06:29:32.051015+00:00,Only eligible listed class for CIK,,,,,,,,,,
FRHC,0000924805,Freedom Holding Corp.,NASDAQ,EQUITY,NCM,Freedom Holding Corp. - Common Stock,COMMON_OR_EQUIVALENT,HIGH,NASDAQ Trader nasdaqlisted,24.369,Financial Services,Financial Conglomerates,9.631,,,,,,,,,,,,,,False,Pass,2026-07-industry-models-v7,92b0f35b2c927674,2026-08-01T06:29:34.731378+00:00,Only eligible listed class for CIK,FINANCIAL_SPECIALTY,FINANCIAL_FEE,True,"Fee-financial margin, cash conversion, tangible capital and balance-sheet model",True,94.0,,,,
BRKR,0001109354,BRUKER CORP,NASDAQ,EQUITY,NMS,Bruker Corporation - Common Stock,COMMON_OR_EQUIVALENT,HIGH,NASDAQ Trader nasdaqlisted,154.257,Healthcare,Medical Devices,9.566,0.14,47.62,92.86,3.489,3.216,淨負債/EBITDA,False,False,False,絕對毛利率>=25%,False,,,False,Pass,2026-07-industry-models-v7,92b0f35b2c927674,2026-08-01T06:29:37.387751+00:00,Only eligible listed class for CIK,,,,,,,,,,
VICR,0000751978,VICOR CORP,NASDAQ,EQUITY,NMS,Vicor Corporation - Common Stock,COMMON_OR_EQUIVALENT,HIGH,NASDAQ Trader nasdaqlisted,187.637,Technology,Electronic Components,9.561,0.084,56.63,62.79,0.066,0.0,淨負債/EBITDA,False,False,True,絕對毛利率>=25%,False,,,False,Pass,2026-07-industry-models-v7,92b0f35b2c927674,2026-08-01T06:29:40.212833+00:00,Only eligible listed class for CIK,,,,,,,,,,
TKR,0000098362,TIMKEN CO,NYSE,EQUITY,NYQ,Timken Company (The) Common Stock,COMMON_OR_EQUIVALENT,HIGH,NASDAQ Trader otherlisted,140.691,Industrials,Tools & Accessories,9.559,0.535,30.6,95.14,2.707,2.283,淨負債/EBITDA,False,False,False,絕對毛利率>=25%,False,,,False,Pass,2026-07-industry-models-v7,92b0f35b2c927674,2026-08-01T06:29:42.786464+00:00,Only eligible listed class for CIK,,,,,,,,,,
SOLS,0002064953,Solstice Advanced Materials Inc.,NASDAQ,EQUITY,NMS,Solstice Advanced Materials Inc. - Common Stock,COMMON_OR_EQUIVALENT,HIGH,NASDAQ Trader nasdaqlisted,184.97,Basic Materials,Specialty Chemicals,9.558,,,,,,,,,,,,,,False,Pass,2026-07-industry-models-v7,92b0f35b2c927674,2026-08-01T06:29:45.622566+00:00,Only eligible listed class for CIK,CYCLICAL_MIDCYCLE,CYCLICAL_MIDCYCLE,True,Peak/current/mid-cycle/trough EBITDA and trough-survival model,True,94.0,,,,
SAIL,0002030781,"SailPoint, Inc.",NASDAQ,EQUITY,NMS,"SailPoint, Inc. - Common Stock",COMMON_OR_EQUIVALENT,HIGH,NASDAQ Trader nasdaqlisted,75.583,Technology,Software - Infrastructure,9.512,0.206,66.35,,2.114,0.0,淨負債/EBITDA,False,False,True,絕對毛利率>=25%,False,,,False,Pass,2026-07-industry-models-v7,92b0f35b2c927674,2026-08-01T06:29:48.449912+00:00,Only eligible listed class for CIK,,,,,,,,,,
ALSN,0001411207,Allison Transmission Holdings Inc,NYSE,EQUITY,NYQ,"Allison Transmission Holdings, Inc. Common Stock",COMMON_OR_EQUIVALENT,HIGH,NASDAQ Trader otherlisted,131.708,Consumer Cyclical,Auto Parts,9.499,,,,,,,,,,,,,,False,Pass,2026-07-industry-models-v7,92b0f35b2c927674,2026-08-01T06:29:51.047099+00:00,Only eligible listed class for CIK,CYCLICAL_MIDCYCLE,CYCLICAL_MIDCYCLE,True,Peak/current/mid-cycle/trough EBITDA and trough-survival model,True,97.0,,,,
HL,0000719413,HECLA MINING CO/DE/,NYSE,EQUITY,NYQ,Hecla Mining Company Common Stock,COMMON_OR_EQUIVALENT,HIGH,NASDAQ Trader otherlisted,401.203,Basic Materials,Other Precious Metals & Mining,9.47,,,,,,,,,,,,,,False,Pass,2026-07-industry-models-v7,92b0f35b2c927674,2026-08-01T06:29:56.203379+00:00,Only eligible listed class for CIK,CYCLICAL_MIDCYCLE,CYCLICAL_MIDCYCLE,True,Peak/current/mid-cycle/trough EBITDA and trough-survival model,True,97.0,,,,
LEVI,0000094845,LEVI STRAUSS & CO,NYSE,EQUITY,NYQ,Levi Strauss & Co Class A Common Stock,COMMON_OR_EQUIVALENT,HIGH,NASDAQ Trader otherlisted,68.113,Consumer Cyclical,Apparel Manufacturing,9.437,0.774,61.72,93.59,2.358,1.354,淨負債/EBITDA,False,False,False,絕對毛利率>=25%,False,,,False,Pass,2026-07-industry-models-v7,92b0f35b2c927674,2026-08-01T06:29:58.918671+00:00,Only eligible listed class for CIK,,,,,,,,,,
CUBE,0001298675,CubeSmart,NYSE,EQUITY,NYQ,CubeSmart Common Shares,COMMON_OR_EQUIVALENT,HIGH,NASDAQ Trader otherlisted,89.509,Real Estate,REIT - Industrial,9.437,,,,,,,,,,,,,,False,Pass,2026-07-industry-models-v7,92b0f35b2c927674,2026-08-01T06:30:04.405475+00:00,Only eligible listed class for CIK,REIT,REIT_EQUITY,True,"Nareit FFO/EBITDAre proxy, AFFO coverage, leverage and lease-growth model",True,84.0,Yahoo FFO unavailable; rebuild Nareit FFO proxy from SEC facts,,,
OSCR,0001568651,"Oscar Health, Inc.",NYSE,EQUITY,NYQ,"Oscar Health, Inc. Class A Common Stock",COMMON_OR_EQUIVALENT,HIGH,NASDAQ Trader otherlisted,217.431,Healthcare,Healthcare Plans,9.413,,,,,,,,,,,,,,False,Pass,2026-07-industry-models-v7,92b0f35b2c927674,2026-08-01T06:30:01.696255+00:00,Only eligible listed class for CIK,INSURANCE,INSURANCE_LIFE,True,"Dedicated underwriting, claims, capital and reserve-development model",True,97.0,,,,
RRC,0000315852,RANGE RESOURCES CORP,NYSE,EQUITY,NYQ,Range Resources Corporation Common Stock,COMMON_OR_EQUIVALENT,HIGH,NASDAQ Trader otherlisted,122.004,Energy,Oil & Gas E&P,9.38,,,,,,,,,,,,,,False,Pass,2026-07-industry-models-v7,92b0f35b2c927674,2026-08-01T06:30:07.101563+00:00,Only eligible listed class for CIK,CYCLICAL_MIDCYCLE,CYCLICAL_MIDCYCLE,True,Peak/current/mid-cycle/trough EBITDA and trough-survival model,True,97.0,,,,
ADC,0000917251,AGREE REALTY CORP,NYSE,EQUITY,NYQ,Agree Realty Corporation Common Stock,COMMON_OR_EQUIVALENT,HIGH,NASDAQ Trader otherlisted,90.009,Real Estate,REIT - Retail,9.371,,,,,,,,,,,,,,False,Pass,2026-07-industry-models-v7,92b0f35b2c927674,2026-08-01T06:30:17.989363+00:00,Only eligible listed class for CIK,REIT,REIT_EQUITY,True,"Nareit FFO/EBITDAre proxy, AFFO coverage, leverage and lease-growth model",True,87.0,Yahoo FFO unavailable; rebuild Nareit FFO proxy from SEC facts,,,
SWKS,0000004127,"SKYWORKS SOLUTIONS, INC.",NASDAQ,EQUITY,NMS,"Skyworks Solutions, Inc. - Common Stock",COMMON_OR_EQUIVALENT,HIGH,NASDAQ Trader nasdaqlisted,355.387,Technology,Semiconductors,9.367,0.716,40.73,,0.774,0.0,淨負債/EBITDA,False,False,True,絕對毛利率>=25%,False,,,False,Pass,2026-07-industry-models-v7,92b0f35b2c927674,2026-08-01T06:30:09.836902+00:00,Only eligible listed class for CIK,,,,,,,,,,
FDS,0001013237,FACTSET RESEARCH SYSTEMS INC,NYSE,EQUITY,NYQ,FactSet Research Systems Inc. Common Stock,COMMON_OR_EQUIVALENT,HIGH,NASDAQ Trader otherlisted,255.905,Financial Services,Financial Data & Stock Exchanges,9.361,,,,,,,,,,,,,,False,Pass,2026-07-industry-models-v7,92b0f35b2c927674,2026-08-01T06:30:12.430423+00:00,Only eligible listed class for CIK,FINANCIAL_SPECIALTY,FINANCIAL_FEE,True,"Fee-financial margin, cash conversion, tangible capital and balance-sheet model",True,97.0,,,,
VMI,0000102729,VALMONT INDUSTRIES INC,NYSE,EQUITY,NYQ,"Valmont Industries, Inc. Common Stock",COMMON_OR_EQUIVALENT,HIGH,NASDAQ Trader otherlisted,113.424,Industrials,Conglomerates,9.352,0.475,30.4,97.22,1.297,1.092,淨負債/EBITDA,False,False,False,絕對毛利率>=25%,False,,,False,Pass,2026-07-industry-models-v7,92b0f35b2c927674,2026-08-01T06:30:15.173876+00:00,Only eligible listed class for CIK,,,,,,,,,,
AVTR,0001722482,"Avantor, Inc.",NYSE,EQUITY,NYQ,"Avantor, Inc. Common Stock",COMMON_OR_EQUIVALENT,HIGH,NASDAQ Trader otherlisted,146.396,Healthcare,Medical Instruments & Supplies,9.32,0.597,31.82,,3.845,3.526,淨負債/EBITDA,False,False,False,絕對毛利率>=25%,False,,,False,Pass,2026-07-industry-models-v7,92b0f35b2c927674,2026-08-01T06:30:20.688287+00:00,Only eligible listed class for CIK,,,,,,,,,,
ACM,0000868857,AECOM,NYSE,EQUITY,NYQ,AECOM Common Stock,COMMON_OR_EQUIVALENT,HIGH,NASDAQ Trader otherlisted,148.363,Industrials,Engineering & Construction,9.304,0.554,7.73,91.52,2.621,1.804,淨負債/EBITDA,False,False,False,低於同業中位數，交由 SEC 深篩,False,,,False,Pass,2026-07-industry-models-v7,92b0f35b2c927674,2026-08-01T06:30:23.455509+00:00,Only eligible listed class for CIK,,,,,,,,,20.6,True
SAIA,0001177702,SAIA INC,NASDAQ,EQUITY,NMS,"Saia, Inc. - Common Stock",COMMON_OR_EQUIVALENT,HIGH,NASDAQ Trader nasdaqlisted,148.114,Industrials,Trucking,9.273,,,,,,,,,,,,,,False,Pass,2026-07-industry-models-v7,92b0f35b2c927674,2026-08-01T06:30:31.745611+00:00,Only eligible listed class for CIK,CYCLICAL_MIDCYCLE,CYCLICAL_MIDCYCLE,True,Peak/current/mid-cycle/trough EBITDA and trough-survival model,True,97.0,,,,
SNEX,0000913760,StoneX Group Inc.,NASDAQ,EQUITY,NMS,StoneX Group Inc. - Common Stock,COMMON_OR_EQUIVALENT,HIGH,NASDAQ Trader nasdaqlisted,96.669,Financial Services,Capital Markets,9.262,,,,,,,,,,,,,,False,Pass,2026-07-industry-models-v7,92b0f35b2c927674,2026-08-01T06:30:26.081600+00:00,Only eligible listed class for CIK,FINANCIAL_SPECIALTY,FINANCIAL_FEE,True,"Fee-financial margin, cash conversion, tangible capital and balance-sheet model",True,94.0,,,,
CHWY,0001766502,"Chewy, Inc.",NYSE,EQUITY,NYQ,"Chewy, Inc. Class A Common Stock",COMMON_OR_EQUIVALENT,HIGH,NASDAQ Trader otherlisted,216.212,Consumer Cyclical,Internet Retail,9.253,0.714,29.91,,1.311,0.008,淨負債/EBITDA,False,False,False,絕對毛利率>=25%,False,,,False,Pass,2026-07-industry-models-v7,92b0f35b2c927674,2026-08-01T06:30:28.908604+00:00,Only eligible listed class for CIK,,,,,,,,,,
MTCH,0000891103,"Match Group, Inc.",NASDAQ,EQUITY,NMS,"Match Group, Inc. - Common Stock",COMMON_OR_EQUIVALENT,HIGH,NASDAQ Trader nasdaqlisted,134.031,Communication Services,Internet Content & Information,9.193,1.082,73.88,,3.667,2.751,淨負債/EBITDA,False,False,False,絕對毛利率>=25%,False,,,False,Pass,2026-07-industry-models-v7,92b0f35b2c927674,2026-08-01T06:30:34.522608+00:00,Only eligible listed class for CIK,,,,,,,,,,
DDS,0000028917,"DILLARD'S, INC.",NYSE,EQUITY,NYQ,"Dillard's, Inc. Common Stock",COMMON_OR_EQUIVALENT,HIGH,NASDAQ Trader otherlisted,73.008,Consumer Cyclical,Department Stores,9.188,0.848,40.51,71.84,0.649,0.0,淨負債/EBITDA,False,False,True,絕對毛利率>=25%,False,,,False,Pass,2026-07-industry-models-v7,92b0f35b2c927674,2026-08-01T06:30:37.062612+00:00,Only eligible listed class for CIK,,,,,,,,,,
EAT,0000703351,"BRINKER INTERNATIONAL, INC",NYSE,EQUITY,NYQ,"Brinker International, Inc. Common Stock",COMMON_OR_EQUIVALENT,HIGH,NASDAQ Trader otherlisted,222.269,Consumer Cyclical,Restaurants,9.165,0.758,18.59,,2.112,2.043,淨負債/EBITDA,False,False,False,低於同業中位數，交由 SEC 深篩,False,,,False,Pass,2026-07-industry-models-v7,92b0f35b2c927674,2026-08-01T06:30:42.215250+00:00,Only eligible listed class for CIK,,,,,,,,,28.71,True
TIMB,0001826168,TIM S.A.,NYSE,EQUITY,NYQ,TIM S.A. American Depositary Shares (Each representing 5 Common Shares),COMMON_OR_EQUIVALENT,HIGH,NASDAQ Trader otherlisted,8.086,Communication Services,Telecom Services,9.158,13.755,54.57,4.75,1.451,1.052,淨負債/EBITDA,False,False,False,絕對毛利率>=25%,False,,,False,Pass,2026-07-industry-models-v7,92b0f35b2c927674,2026-08-01T06:30:45.013228+00:00,Only eligible listed class for CIK,,,,,,,,,,
VIAV,0000912093,VIAVI SOLUTIONS INC.,NASDAQ,EQUITY,NMS,Viavi Solutions Inc. - Common Stock,COMMON_OR_EQUIVALENT,HIGH,NASDAQ Trader nasdaqlisted,259.68,Technology,Communication Equipment,9.115,0.071,60.68,97.84,5.085,2.844,淨負債/EBITDA,False,True,False,絕對毛利率>=25%,False,,,False,Pass,2026-07-industry-models-v7,92b0f35b2c927674,2026-08-01T06:30:50.412555+00:00,Only eligible listed class for CIK,,,,,,,,,,
NNN,0000751364,"NNN REIT, INC.",NYSE,EQUITY,NYQ,"NNN REIT, Inc. Common Stock",COMMON_OR_EQUIVALENT,HIGH,NASDAQ Trader otherlisted,83.876,Real Estate,REIT - Retail,9.041,,,,,,,,,,,,,,False,Pass,2026-07-industry-models-v7,92b0f35b2c927674,2026-08-01T06:30:56.047060+00:00,Only eligible listed class for CIK,REIT,REIT_EQUITY,True,"Nareit FFO/EBITDAre proxy, AFFO coverage, leverage and lease-growth model",True,87.0,Yahoo FFO unavailable; rebuild Nareit FFO proxy from SEC facts,,,
WLK,0001262823,WESTLAKE CORP,NYSE,EQUITY,NYQ,Westlake Corporation Common Stock,COMMON_OR_EQUIVALENT,HIGH,NASDAQ Trader otherlisted,79.654,Basic Materials,Specialty Chemicals,9.033,,,,,,,,,,,,,,False,Pass,2026-07-industry-models-v7,92b0f35b2c927674,2026-08-01T06:30:58.813021+00:00,Only eligible listed class for CIK,CYCLICAL_MIDCYCLE,CYCLICAL_MIDCYCLE,True,Peak/current/mid-cycle/trough EBITDA and trough-survival model,True,97.0,,,,
ALV,0001034670,AUTOLIV INC,NYSE,EQUITY,NYQ,"Autoliv, Inc. Common Stock",COMMON_OR_EQUIVALENT,HIGH,NASDAQ Trader otherlisted,91.805,Consumer Cyclical,Auto Parts,9.021,,,,,,,,,,,,,,False,Pass,2026-07-industry-models-v7,92b0f35b2c927674,2026-08-01T06:31:04.224328+00:00,Only eligible listed class for CIK,CYCLICAL_MIDCYCLE,CYCLICAL_MIDCYCLE,True,Peak/current/mid-cycle/trough EBITDA and trough-survival model,True,97.0,,,,
FR,0000921825,FIRST INDUSTRIAL REALTY TRUST INC,NYSE,EQUITY,NYQ,"First Industrial Realty Trust, Inc. Common Stock",COMMON_OR_EQUIVALENT,HIGH,NASDAQ Trader otherlisted,74.776,Real Estate,REIT - Industrial,9.021,,,,,,,,,,,,,,False,Pass,2026-07-industry-models-v7,92b0f35b2c927674,2026-08-01T06:31:55.489819+00:00,Only eligible listed class for CIK,REIT,REIT_EQUITY,True,"Nareit FFO/EBITDAre proxy, AFFO coverage, leverage and lease-growth model",True,87.0,Yahoo FFO unavailable; rebuild Nareit FFO proxy from SEC facts,,,
VOYA,0001535929,"Voya Financial, Inc.",NYSE,EQUITY,NYQ,"Voya Financial, Inc. Common Stock",COMMON_OR_EQUIVALENT,HIGH,NASDAQ Trader otherlisted,116.343,Financial Services,Financial Conglomerates,9.015,,,,,,,,,,,,,,False,Pass,2026-07-industry-models-v7,92b0f35b2c927674,2026-08-01T06:31:06.907252+00:00,Only eligible listed class for CIK,FINANCIAL_SPECIALTY,FINANCIAL_FEE,True,"Fee-financial margin, cash conversion, tangible capital and balance-sheet model",True,97.0,,,,
PB,0001068851,PROSPERITY BANCSHARES INC,NYSE,EQUITY,NYQ,"Prosperity Bancshares, Inc. Common Stock",COMMON_OR_EQUIVALENT,HIGH,NASDAQ Trader otherlisted,84.549,Financial Services,Banks - Regional,8.974,,,,,,,,,,,,,,False,Pass,2026-07-industry-models-v7,92b0f35b2c927674,2026-08-01T06:31:09.691754+00:00,Only eligible listed class for CIK,BANK,BANK,True,"Tier 1 capital buffer, ROTCE, deposit funding and credit-loss model",True,91.0,,,,
ARE,0001035443,"ALEXANDRIA REAL ESTATE EQUITIES, INC.",NYSE,EQUITY,NYQ,"Alexandria Real Estate Equities, Inc. Common Stock",COMMON_OR_EQUIVALENT,HIGH,NASDAQ Trader otherlisted,97.758,Real Estate,REIT - Office,8.966,,,,,,,,,,,,,,False,Pass,2026-07-industry-models-v7,92b0f35b2c927674,2026-08-01T06:31:12.360194+00:00,Only eligible listed class for CIK,REIT,REIT_EQUITY,True,"Nareit FFO/EBITDAre proxy, AFFO coverage, leverage and lease-growth model",True,87.0,Yahoo FFO unavailable; rebuild Nareit FFO proxy from SEC facts,,,
ESI,0001590714,Element Solutions Inc,NYSE,EQUITY,NYQ,Element Solutions Inc. Common Stock,COMMON_OR_EQUIVALENT,HIGH,NASDAQ Trader otherlisted,169.685,Basic Materials,Specialty Chemicals,8.951,,,,,,,,,,,,,,False,Pass,2026-07-industry-models-v7,92b0f35b2c927674,2026-08-01T06:31:15.013197+00:00,Only eligible listed class for CIK,CYCLICAL_MIDCYCLE,CYCLICAL_MIDCYCLE,True,Peak/current/mid-cycle/trough EBITDA and trough-survival model,True,97.0,,,,
PSKY,0002041610,Paramount Skydance Corp,NASDAQ,EQUITY,NMS,Paramount Skydance Corporation - Class B Common Stock,COMMON_OR_EQUIVALENT,HIGH,NASDAQ Trader nasdaqlisted,77.474,Communication Services,Entertainment,8.909,0.654,32.56,31.47,5.371,4.742,淨負債/EBITDA,True,True,False,絕對毛利率>=25%,False,,,False,Pass,2026-07-industry-models-v7,92b0f35b2c927674,2026-08-01T06:31:17.587447+00:00,Only eligible listed class for CIK,,,,,,,,,,
OSK,0000775158,OSHKOSH CORP,NYSE,EQUITY,NYQ,Oshkosh Corporation (Holding Company)Common Stock,COMMON_OR_EQUIVALENT,HIGH,NASDAQ Trader otherlisted,119.044,Industrials,Farm & Heavy Construction Machinery,8.879,1.302,15.9,,1.058,0.671,淨負債/EBITDA,False,False,False,低於同業中位數，交由 SEC 深篩,False,,,False,Pass,2026-07-industry-models-v7,92b0f35b2c927674,2026-08-01T06:31:20.216187+00:00,Only eligible listed class for CIK,,,,,,,,,21.88,True
FCFS,0000840489,"FirstCash Holdings, Inc.",NASDAQ,EQUITY,NMS,"FirstCash Holdings, Inc. - Common Stock",COMMON_OR_EQUIVALENT,HIGH,NASDAQ Trader nasdaqlisted,92.568,Financial Services,Credit Services,8.848,,,,,,,,,,,,,,False,Pass,2026-07-industry-models-v7,92b0f35b2c927674,2026-08-01T06:31:22.899612+00:00,Only eligible listed class for CIK,FINANCIAL_SPECIALTY,FINANCIAL_FEE,True,"Fee-financial margin, cash conversion, tangible capital and balance-sheet model",True,97.0,,,,
COLB,0000887343,"COLUMBIA BANKING SYSTEM, INC.",NASDAQ,EQUITY,NMS,"Columbia Banking System, Inc. - Common Stock",COMMON_OR_EQUIVALENT,HIGH,NASDAQ Trader nasdaqlisted,93.137,Financial Services,Banks - Regional,8.844,,,,,,,,,,,,,,False,Pass,2026-07-industry-models-v7,92b0f35b2c927674,2026-08-01T06:31:25.547394+00:00,Only eligible listed class for CIK,BANK,BANK,True,"Tier 1 capital buffer, ROTCE, deposit funding and credit-loss model",True,91.0,,,,
XP,0001787425,XP Inc.,NASDAQ,EQUITY,NMS,XP Inc. - Class A Common Stock,COMMON_OR_EQUIVALENT,HIGH,NASDAQ Trader nasdaqlisted,97.677,Financial Services,Capital Markets,8.815,,,,,,,,,,,,,,False,Pass,2026-07-industry-models-v7,92b0f35b2c927674,2026-08-01T06:31:31.059434+00:00,Only eligible listed class for CIK,FINANCIAL_SPECIALTY,FINANCIAL_FEE,True,"Fee-financial margin, cash conversion, tangible capital and balance-sheet model",True,94.0,,,,
WAL,0001212545,WESTERN ALLIANCE BANCORPORATION,NYSE,EQUITY,NYQ,Western Alliance Bancorporation Common Stock (DE),COMMON_OR_EQUIVALENT,HIGH,NASDAQ Trader otherlisted,87.278,Financial Services,Banks - Regional,8.788,,,,,,,,,,,,,,False,Pass,2026-07-industry-models-v7,92b0f35b2c927674,2026-08-01T06:31:33.699807+00:00,Only eligible listed class for CIK,BANK,BANK,True,"Tier 1 capital buffer, ROTCE, deposit funding and credit-loss model",True,91.0,,,,
HLI,0001302215,"HOULIHAN LOKEY, INC.",NYSE,EQUITY,NYQ,"Houlihan Lokey, Inc. Class A Common Stock",COMMON_OR_EQUIVALENT,HIGH,NASDAQ Trader otherlisted,107.767,Financial Services,Capital Markets,8.77,,,,,,,,,,,,,,False,Pass,2026-07-industry-models-v7,92b0f35b2c927674,2026-08-01T06:31:39.329170+00:00,Only eligible listed class for CIK,FINANCIAL_SPECIALTY,FINANCIAL_FEE,True,"Fee-financial margin, cash conversion, tangible capital and balance-sheet model",True,91.0,,,,
FRO,0000913290,Frontline plc,NYSE,EQUITY,NYQ,Frontline Plc Ordinary Shares,COMMON_OR_EQUIVALENT,HIGH,NASDAQ Trader otherlisted,111.286,Energy,Oil & Gas Midstream,8.765,,,,,,,,,,,,,,False,Pass,2026-07-industry-models-v7,92b0f35b2c927674,2026-08-01T06:31:42.062286+00:00,Only eligible listed class for CIK,CYCLICAL_MIDCYCLE,CYCLICAL_MIDCYCLE,True,Peak/current/mid-cycle/trough EBITDA and trough-survival model,True,97.0,,,,
TTC,0000737758,TORO CO,NYSE,EQUITY,NYQ,Toro Company (The) Common Stock,COMMON_OR_EQUIVALENT,HIGH,NASDAQ Trader otherlisted,75.383,Industrials,Tools & Accessories,8.749,0.832,33.57,96.19,1.688,1.42,淨負債/EBITDA,False,False,False,絕對毛利率>=25%,False,,,False,Pass,2026-07-industry-models-v7,92b0f35b2c927674,2026-08-01T06:31:50.085451+00:00,Only eligible listed class for CIK,,,,,,,,,,
LNC,0000059558,LINCOLN NATIONAL CORP,NYSE,EQUITY,NYQ,Lincoln National Corporation Common Stock,COMMON_OR_EQUIVALENT,HIGH,NASDAQ Trader otherlisted,88.828,Financial Services,Insurance - Life,8.732,,,,,,,,,,,,,,False,Pass,2026-07-industry-models-v7,92b0f35b2c927674,2026-08-01T06:31:58.388866+00:00,Only eligible listed class for CIK,INSURANCE,INSURANCE_LIFE,True,"Dedicated underwriting, claims, capital and reserve-development model",True,91.0,,,,
BIO,0000012208,"BIO-RAD LABORATORIES, INC.",NYSE,EQUITY,NYQ,"Bio-Rad Laboratories, Inc. Class A Common Stock",COMMON_OR_EQUIVALENT,HIGH,NASDAQ Trader otherlisted,125.876,Healthcare,Medical Devices,8.71,0.51,52.01,93.36,3.098,0.0,淨負債/EBITDA,False,False,True,絕對毛利率>=25%,False,,,False,Pass,2026-07-industry-models-v7,92b0f35b2c927674,2026-08-01T06:32:03.696093+00:00,Only eligible listed class for CIK,,,,,,,,,,
ELPC,0001041792,ENERGY CO OF PARANA,NYSE,EQUITY,NYQ,Companhia Paranaense de Energia (COPEL) American Depositary Shares (each representing four (4) Common Shares),COMMON_OR_EQUIVALENT,HIGH,NASDAQ Trader otherlisted,4.148,Utilities,Utilities - Regulated Electric,8.708,,,,,,,,,,,,,,False,Pass,2026-07-industry-models-v7,92b0f35b2c927674,2026-08-01T06:32:09.069333+00:00,Only eligible listed class for CIK,REGULATED_UTILITY,REGULATED_UTILITY,True,"Regulated-asset growth proxy, capex funding, capital structure and coverage model",True,97.0,,,,
REXR,0001571283,"Rexford Industrial Realty, Inc.",NYSE,EQUITY,NYQ,"Rexford Industrial Realty, Inc. Common Stock",COMMON_OR_EQUIVALENT,HIGH,NASDAQ Trader otherlisted,95.906,Real Estate,REIT - Industrial,8.636,,,,,,,,,,,,,,False,Pass,2026-07-industry-models-v7,92b0f35b2c927674,2026-08-01T06:33:09.084947+00:00,Only eligible listed class for CIK,REIT,REIT_EQUITY,True,"Nareit FFO/EBITDAre proxy, AFFO coverage, leverage and lease-growth model",True,87.0,Yahoo FFO unavailable; rebuild Nareit FFO proxy from SEC facts,,,
KT,0000892450,KT CORP,NYSE,EQUITY,NYQ,KT Corporation Common Stock,COMMON_OR_EQUIVALENT,HIGH,NASDAQ Trader otherlisted,28.86,Communication Services,Telecom Services,8.616,4961.628,100.0,33.69,2.05,1.286,淨負債/EBITDA,False,False,False,絕對毛利率>=25%,False,,,False,Pass,2026-07-industry-models-v7,92b0f35b2c927674,2026-08-01T06:32:14.422151+00:00,Only eligible listed class for CIK,,,,,,,,,,
BOKF,0000875357,BOK FINANCIAL CORP,NASDAQ,EQUITY,NMS,BOK Financial Corporation - Common Stock,COMMON_OR_EQUIVALENT,HIGH,NASDAQ Trader nasdaqlisted,38.705,Financial Services,Banks - Regional,8.585,,,,,,,,,,,,,,False,Pass,2026-07-industry-models-v7,92b0f35b2c927674,2026-08-01T06:32:22.537667+00:00,Only eligible listed class for CIK,BANK,BANK,True,"Tier 1 capital buffer, ROTCE, deposit funding and credit-loss model",True,91.0,,,,
PBF,0001534504,PBF Energy Inc.,NYSE,EQUITY,NYQ,PBF Energy Inc. Class A Common Stock,COMMON_OR_EQUIVALENT,HIGH,NASDAQ Trader otherlisted,211.196,Energy,Oil & Gas Refining & Marketing,8.568,,,,,,,,,,,,,,False,Pass,2026-07-industry-models-v7,92b0f35b2c927674,2026-08-01T06:32:28.132869+00:00,Only eligible listed class for CIK,CYCLICAL_MIDCYCLE,CYCLICAL_MIDCYCLE,True,Peak/current/mid-cycle/trough EBITDA and trough-survival model,True,94.0,,,,
ATR,0000896622,"APTARGROUP, INC.",NYSE,EQUITY,NYQ,"AptarGroup, Inc. Common Stock",COMMON_OR_EQUIVALENT,HIGH,NASDAQ Trader otherlisted,69.666,Healthcare,Medical Instruments & Supplies,8.549,0.583,36.07,97.13,1.712,1.465,淨負債/EBITDA,False,False,False,絕對毛利率>=25%,False,,,False,Pass,2026-07-industry-models-v7,92b0f35b2c927674,2026-08-01T06:32:30.854189+00:00,Only eligible listed class for CIK,,,,,,,,,,
QGEN,0001015820,QIAGEN N.V.,NYSE,EQUITY,NYQ,Qiagen N.V. Common Shares,COMMON_OR_EQUIVALENT,HIGH,NASDAQ Trader otherlisted,104.735,Healthcare,Diagnostics & Research,8.539,0.615,66.14,82.57,2.291,1.403,淨負債/EBITDA,False,False,False,絕對毛利率>=25%,False,,,False,Pass,2026-07-industry-models-v7,92b0f35b2c927674,2026-08-01T06:32:36.445021+00:00,Only eligible listed class for CIK,,,,,,,,,,
CBSH,0000022356,COMMERCE BANCSHARES INC /MO/,NASDAQ,EQUITY,NMS,"Commerce Bancshares, Inc. - Common Stock",COMMON_OR_EQUIVALENT,HIGH,NASDAQ Trader nasdaqlisted,74.343,Financial Services,Banks - Regional,8.529,,,,,,,,,,,,,,False,Pass,2026-07-industry-models-v7,92b0f35b2c927674,2026-08-01T06:32:39.207113+00:00,Only eligible listed class for CIK,BANK,BANK,True,"Tier 1 capital buffer, ROTCE, deposit funding and credit-loss model",True,91.0,,,,
JXN,0001822993,Jackson Financial Inc.,NYSE,EQUITY,NYQ,Jackson Financial Inc. Class A Common Stock,COMMON_OR_EQUIVALENT,HIGH,NASDAQ Trader otherlisted,78.247,Financial Services,Insurance - Life,8.528,,,,,,,,,,,,,,False,Pass,2026-07-industry-models-v7,92b0f35b2c927674,2026-08-01T06:32:41.798644+00:00,Only eligible listed class for CIK,INSURANCE,INSURANCE_LIFE,True,"Dedicated underwriting, claims, capital and reserve-development model",True,94.0,,,,
CNM,0001856525,"Core & Main, Inc.",NYSE,EQUITY,NYQ,"Core & Main, Inc. Class A Common Stock",COMMON_OR_EQUIVALENT,HIGH,NASDAQ Trader otherlisted,104.364,Industrials,Industrial Distribution,8.51,0.655,27.06,,2.667,2.498,淨負債/EBITDA,False,False,False,絕對毛利率>=25%,False,,,False,Pass,2026-07-industry-models-v7,92b0f35b2c927674,2026-08-01T06:33:30.773908+00:00,Only eligible listed class for CIK,,,,,,,,,,
TTEK,0000831641,TETRA TECH INC,NASDAQ,EQUITY,NMS,"Tetra Tech, Inc. - Common Stock",COMMON_OR_EQUIVALENT,HIGH,NASDAQ Trader nasdaqlisted,119.193,Industrials,Engineering & Construction,8.49,0.567,21.84,,1.563,1.211,淨負債/EBITDA,False,False,False,低於25%但高於同業中位數,False,,,False,Pass,2026-07-industry-models-v7,92b0f35b2c927674,2026-08-01T06:32:52.776243+00:00,Only eligible listed class for CIK,,,,,,,,,20.6,False
TTD,0001671933,"Trade Desk, Inc.",NASDAQ,EQUITY,NGM,"The Trade Desk, Inc. - Class A Common Stock",COMMON_OR_EQUIVALENT,HIGH,NASDAQ Trader nasdaqlisted,344.807,Communication Services,Advertising Agencies,8.481,1.093,77.83,88.35,0.597,0.0,淨負債/EBITDA,False,False,True,絕對毛利率>=25%,False,,,False,Pass,2026-07-industry-models-v7,92b0f35b2c927674,2026-08-01T06:32:55.430795+00:00,Only eligible listed class for CIK,,,,,,,,,,
HESM,0001789832,Hess Midstream LP,NYSE,EQUITY,NYQ,Hess Midstream LP Class A Representing Limited Partner Interests,COMMON_OR_EQUIVALENT,HIGH,NASDAQ Trader otherlisted,64.022,Energy,Oil & Gas Midstream,8.437,,,,,,,,,,,,,,False,Pass,2026-07-industry-models-v7,92b0f35b2c927674,2026-08-01T06:46:51.494515+00:00,Only eligible listed class for CIK,CYCLICAL_MIDCYCLE,CYCLICAL_MIDCYCLE,True,Peak/current/mid-cycle/trough EBITDA and trough-survival model,True,97.0,,,,
RHP,0001040829,"Ryman Hospitality Properties, Inc.",NYSE,EQUITY,NYQ,"Ryman Hospitality Properties, Inc. (REIT)",COMMON_OR_EQUIVALENT,HIGH,NASDAQ Trader otherlisted,83.233,Real Estate,REIT - Hotel & Motel,8.435,,,,,,,,,,,,,,False,Pass,2026-07-industry-models-v7,92b0f35b2c927674,2026-08-01T06:33:00.980183+00:00,Only eligible listed class for CIK,REIT,REIT_EQUITY,True,"Nareit FFO/EBITDAre proxy, AFFO coverage, leverage and lease-growth model",True,87.0,Yahoo FFO unavailable; rebuild Nareit FFO proxy from SEC facts,,,
HQY,0001428336,"HEALTHEQUITY, INC.",NASDAQ,EQUITY,NMS,"HealthEquity, Inc. - Common Stock",COMMON_OR_EQUIVALENT,HIGH,NASDAQ Trader nasdaqlisted,93.707,Healthcare,Health Information Services,8.434,0.49,70.68,,1.964,1.435,淨負債/EBITDA,False,False,False,絕對毛利率>=25%,False,,,False,Pass,2026-07-industry-models-v7,92b0f35b2c927674,2026-08-01T06:33:03.612285+00:00,Only eligible listed class for CIK,,,,,,,,,,
GGAL,0001114700,GRUPO FINANCIERO GALICIA SA,NASDAQ,EQUITY,NCM,"Grupo Financiero Galicia S.A. - American Depositary Shares, Class B Shares underlying",COMMON_OR_EQUIVALENT,HIGH,NASDAQ Trader nasdaqlisted,58.627,Financial Services,Banks - Regional,8.434,,,,,,,,,,,,,,False,Pass,2026-07-industry-models-v7,92b0f35b2c927674,2026-08-01T06:33:06.354262+00:00,Only eligible listed class for CIK,BANK,BANK,True,"Tier 1 capital buffer, ROTCE, deposit funding and credit-loss model",True,94.0,,,,
BAH,0001443646,Booz Allen Hamilton Holding Corp,NYSE,EQUITY,NYQ,Booz Allen Hamilton Holding Corporation Common Stock,COMMON_OR_EQUIVALENT,HIGH,NASDAQ Trader otherlisted,158.641,Industrials,Consulting Services,8.386,1.203,22.42,98.41,3.315,2.884,淨負債/EBITDA,False,False,False,同業樣本不足(3)，交由 SEC 深篩,False,,,False,Pass,2026-07-industry-models-v7,92b0f35b2c927674,2026-08-01T06:33:11.771066+00:00,Only eligible listed class for CIK,,,,,,,,,,True
ZWS,0001439288,Zurn Elkay Water Solutions Corp,NYSE,EQUITY,NYQ,Zurn Elkay Water Solutions Corporation Common Stock,COMMON_OR_EQUIVALENT,HIGH,NASDAQ Trader otherlisted,50.344,Industrials,Pollution & Treatment Controls,8.378,0.401,49.01,93.15,1.181,0.398,淨負債/EBITDA,False,False,False,絕對毛利率>=25%,False,,,False,Pass,2026-07-industry-models-v7,92b0f35b2c927674,2026-08-01T06:33:14.613063+00:00,Only eligible listed class for CIK,,,,,,,,,,
CAE,0001173382,CAE INC,NASDAQ,EQUITY,NMS,CAE Inc - Common Shares,COMMON_OR_EQUIVALENT,HIGH,NASDAQ Trader nasdaqlisted,20.308,Industrials,Aerospace & Defense,8.303,0.792,28.3,85.07,3.532,2.929,淨負債/EBITDA,False,False,False,絕對毛利率>=25%,False,,,False,Pass,2026-07-industry-models-v7,92b0f35b2c927674,2026-08-01T06:33:17.201642+00:00,Only eligible listed class for CIK,,,,,,,,,,
FORM,0001039399,FORMFACTOR INC,NASDAQ,EQUITY,NMS,"FormFactor, Inc. - Common Stock",COMMON_OR_EQUIVALENT,HIGH,NASDAQ Trader nasdaqlisted,198.916,Technology,Semiconductor Equipment & Materials,8.279,0.18,46.16,99.04,0.162,0.0,淨負債/EBITDA,False,False,True,絕對毛利率>=25%,False,,,False,Pass,2026-07-industry-models-v7,92b0f35b2c927674,2026-08-01T06:33:19.967929+00:00,Only eligible listed class for CIK,,,,,,,,,,
ASR,0001123452,SOUTHEAST AIRPORT GROUP,NYSE,EQUITY,NYQ,"Grupo Aeroportuario del Sureste, S.A. de C.V. Common Stock",COMMON_OR_EQUIVALENT,HIGH,NASDAQ Trader otherlisted,20.024,Industrials,Airports & Air Services,8.277,13.606,47.8,12.81,1.751,1.159,淨負債/EBITDA,False,False,False,絕對毛利率>=25%,False,,,False,Pass,2026-07-industry-models-v7,92b0f35b2c927674,2026-08-01T06:33:22.613611+00:00,Only eligible listed class for CIK,,,,,,,,,,
IDA,0001057877,IDACORP INC,NYSE,EQUITY,NYQ,"IDACORP, Inc. Common Stock",COMMON_OR_EQUIVALENT,HIGH,NASDAQ Trader otherlisted,81.928,Utilities,Utilities - Regulated Electric,8.266,,,,,,,,,,,,,,False,Pass,2026-07-industry-models-v7,92b0f35b2c927674,2026-08-01T06:34:22.026119+00:00,Only eligible listed class for CIK,REGULATED_UTILITY,REGULATED_UTILITY,True,"Regulated-asset growth proxy, capex funding, capital structure and coverage model",True,97.0,,,,
PCOR,0001611052,"PROCORE TECHNOLOGIES, INC.",NYSE,EQUITY,NYQ,"Procore Technologies, Inc. Common Stock",COMMON_OR_EQUIVALENT,HIGH,NASDAQ Trader otherlisted,170.596,Technology,Software - Application,8.264,0.368,80.0,,0.993,0.0,淨負債/EBITDA,False,False,True,絕對毛利率>=25%,False,,,False,Pass,2026-07-industry-models-v7,92b0f35b2c927674,2026-08-01T06:33:25.412045+00:00,Only eligible listed class for CIK,,,,,,,,,,
PRMB,0002042694,Primo Brands Corp,NYSE,EQUITY,NYQ,Primo Brands Corporation Class A Common Stock,COMMON_OR_EQUIVALENT,HIGH,NASDAQ Trader otherlisted,77.568,Consumer Defensive,Beverages - Non-Alcoholic,8.237,0.75,31.04,,4.317,4.098,淨負債/EBITDA,True,True,False,絕對毛利率>=25%,False,,,False,Pass,2026-07-industry-models-v7,92b0f35b2c927674,2026-08-01T06:33:28.208535+00:00,Only eligible listed class for CIK,,,,,,,,,,
ALKS,0001520262,Alkermes plc.,NASDAQ,EQUITY,NMS,Alkermes plc - Ordinary Shares,COMMON_OR_EQUIVALENT,HIGH,NASDAQ Trader nasdaqlisted,111.211,Healthcare,Drug Manufacturers - Specialty & Generic,8.219,0.251,87.18,,5.519,3.215,淨負債/EBITDA,False,True,False,絕對毛利率>=25%,False,,,False,Pass,2026-07-industry-models-v7,92b0f35b2c927674,2026-08-01T06:33:33.487286+00:00,Only eligible listed class for CIK,,,,,,,,,,
IAG,0001203464,IAMGOLD CORP,NYSE,EQUITY,NYQ,Iamgold Corporation Ordinary Shares,COMMON_OR_EQUIVALENT,HIGH,NASDAQ Trader otherlisted,78.791,Basic Materials,Gold,8.202,,,,,,,,,,,,,,False,Pass,2026-07-industry-models-v7,92b0f35b2c927674,2026-08-01T06:33:36.075456+00:00,Only eligible listed class for CIK,CYCLICAL_MIDCYCLE,CYCLICAL_MIDCYCLE,True,Peak/current/mid-cycle/trough EBITDA and trough-survival model,True,97.0,,,,
AOS,0000091142,SMITH A O CORP,NYSE,EQUITY,NYQ,A.O. Smith Corporation Common Stock,COMMON_OR_EQUIVALENT,HIGH,NASDAQ Trader otherlisted,108.258,Industrials,Specialty Industrial Machinery,8.172,0.692,38.59,,0.863,0.632,淨負債/EBITDA,False,False,False,絕對毛利率>=25%,False,,,False,Pass,2026-07-industry-models-v7,92b0f35b2c927674,2026-08-01T06:33:38.750886+00:00,Only eligible listed class for CIK,,,,,,,,,,
ESE,0000866706,ESCO TECHNOLOGIES INC,NYSE,EQUITY,NYQ,ESCO Technologies Inc. Common Stock,COMMON_OR_EQUIVALENT,HIGH,NASDAQ Trader otherlisted,82.755,Technology,Scientific & Technical Instruments,8.168,0.259,41.88,99.47,0.715,0.405,淨負債/EBITDA,False,False,False,絕對毛利率>=25%,False,,,False,Pass,2026-07-industry-models-v7,92b0f35b2c927674,2026-08-01T06:33:41.597939+00:00,Only eligible listed class for CIK,,,,,,,,,,
SFM,0001575515,"Sprouts Farmers Market, Inc.",NASDAQ,EQUITY,NMS,"Sprouts Farmers Market, Inc. - Common Stock",COMMON_OR_EQUIVALENT,HIGH,NASDAQ Trader nasdaqlisted,196.484,Consumer Defensive,Grocery Stores,8.127,0.675,38.94,,2.5,2.235,淨負債/EBITDA,False,False,False,絕對毛利率>=25%,False,,,False,Pass,2026-07-industry-models-v7,92b0f35b2c927674,2026-08-01T06:33:44.445509+00:00,Only eligible listed class for CIK,,,,,,,,,,
KNSL,0001669162,"Kinsale Capital Group, Inc.",NYSE,EQUITY,NYQ,"Kinsale Capital Group, Inc. Common Stock",COMMON_OR_EQUIVALENT,HIGH,NASDAQ Trader otherlisted,120.247,Financial Services,Insurance - Property & Casualty,8.119,,,,,,,,,,,,,,False,Pass,2026-07-industry-models-v7,92b0f35b2c927674,2026-08-01T06:33:49.846601+00:00,Only eligible listed class for CIK,INSURANCE,INSURANCE_P_AND_C,True,"Dedicated underwriting, claims, capital and reserve-development model",True,97.0,,,,
THG,0000944695,"HANOVER INSURANCE GROUP, INC.",NYSE,EQUITY,NYQ,Hanover Insurance Group Inc,COMMON_OR_EQUIVALENT,HIGH,NASDAQ Trader otherlisted,76.624,Financial Services,Insurance - Property & Casualty,8.1,,,,,,,,,,,,,,False,Pass,2026-07-industry-models-v7,92b0f35b2c927674,2026-08-01T06:33:52.612427+00:00,Only eligible listed class for CIK,INSURANCE,INSURANCE_P_AND_C,True,"Dedicated underwriting, claims, capital and reserve-development model",True,94.0,,,,
VNO,0000899689,VORNADO REALTY TRUST,NYSE,EQUITY,NYQ,Vornado Realty Trust Common Stock,COMMON_OR_EQUIVALENT,HIGH,NASDAQ Trader otherlisted,70.559,Real Estate,REIT - Office,8.067,,,,,,,,,,,,,,False,Pass,2026-07-industry-models-v7,92b0f35b2c927674,2026-08-01T06:36:21.450333+00:00,Only eligible listed class for CIK,REIT,REIT_EQUITY,True,"Nareit FFO/EBITDAre proxy, AFFO coverage, leverage and lease-growth model",True,87.0,Yahoo FFO unavailable; rebuild Nareit FFO proxy from SEC facts,,,
STN,0001131383,STANTEC INC,NYSE,EQUITY,NYQ,Stantec Inc Common Stock,COMMON_OR_EQUIVALENT,HIGH,NASDAQ Trader otherlisted,32.651,Industrials,Engineering & Construction,8.041,0.76,54.24,78.6,2.642,2.277,淨負債/EBITDA,False,False,False,絕對毛利率>=25%,False,,,False,Pass,2026-07-industry-models-v7,92b0f35b2c927674,2026-08-01T06:33:55.224338+00:00,Only eligible listed class for CIK,,,,,,,,,,
EMN,0000915389,EASTMAN CHEMICAL CO,NYSE,EQUITY,NYQ,Eastman Chemical Company Common Stock,COMMON_OR_EQUIVALENT,HIGH,NASDAQ Trader otherlisted,86.953,Basic Materials,Specialty Chemicals,7.999,,,,,,,,,,,,,,False,Pass,2026-07-industry-models-v7,92b0f35b2c927674,2026-08-01T06:33:58.004951+00:00,Only eligible listed class for CIK,CYCLICAL_MIDCYCLE,CYCLICAL_MIDCYCLE,True,Peak/current/mid-cycle/trough EBITDA and trough-survival model,True,94.0,,,,
AGX,0000100591,ARGAN INC,NYSE,EQUITY,NYQ,"Argan, Inc. Common Stock",COMMON_OR_EQUIVALENT,HIGH,NASDAQ Trader otherlisted,197.211,Industrials,Engineering & Construction,7.997,0.493,20.74,,0.061,0.0,淨負債/EBITDA,False,False,True,低於25%但高於同業中位數,False,,,False,Pass,2026-07-industry-models-v7,92b0f35b2c927674,2026-08-01T06:34:00.572271+00:00,Only eligible listed class for CIK,,,,,,,,,20.6,False
BILI,0001723690,Bilibili Inc.,NASDAQ,EQUITY,NMS,Bilibili Inc. - American Depositary Shares,COMMON_ADS_INFERRED,MEDIUM,SEC annual cover unavailable; accepted unavailable; symbol-to-title mapping unresolved; inferred common: sole exchange-listed ADS class for this CIK,56.96,Communication Services,Internet Content & Information,7.993,,36.83,8.02,2.886,0.0,淨負債/EBITDA,False,False,True,絕對毛利率>=25%,True,Yahoo OCF missing; defer to SEC,,False,Pass,2026-07-industry-models-v7,92b0f35b2c927674,2026-08-01T06:34:03.231580+00:00,Only eligible listed class for CIK,,,,,,,,,,
QRVO,0001604778,"Qorvo, Inc.",NASDAQ,EQUITY,NMS,"Qorvo, Inc. - Common Stock",COMMON_OR_EQUIVALENT,HIGH,NASDAQ Trader nasdaqlisted,117.417,Technology,Semiconductors,7.99,0.765,48.54,98.57,1.749,0.249,淨負債/EBITDA,False,False,False,絕對毛利率>=25%,False,,,False,Pass,2026-07-industry-models-v7,92b0f35b2c927674,2026-08-01T06:34:05.853367+00:00,Only eligible listed class for CIK,,,,,,,,,,
MAC,0000912242,MACERICH CO,NYSE,EQUITY,NYQ,Macerich Company (The) Common Stock,COMMON_OR_EQUIVALENT,HIGH,NASDAQ Trader otherlisted,89.504,Real Estate,REIT - Retail,7.985,,,,,,,,,,,,,,False,Pass,2026-07-industry-models-v7,92b0f35b2c927674,2026-08-01T06:35:32.504138+00:00,Only eligible listed class for CIK,REIT,REIT_EQUITY,True,"Nareit FFO/EBITDAre proxy, AFFO coverage, leverage and lease-growth model",True,87.0,Yahoo FFO unavailable; rebuild Nareit FFO proxy from SEC facts,,,
RGEN,0000730272,REPLIGEN CORP,NASDAQ,EQUITY,NMS,Repligen Corporation - Common Stock,COMMON_OR_EQUIVALENT,HIGH,NASDAQ Trader nasdaqlisted,173.081,Healthcare,Medical Instruments & Supplies,7.958,0.135,53.84,,4.795,0.0,淨負債/EBITDA,False,True,True,絕對毛利率>=25%,False,,,False,Pass,2026-07-industry-models-v7,92b0f35b2c927674,2026-08-01T06:34:11.287485+00:00,Only eligible listed class for CIK,,,,,,,,,,
VLY,0000714310,VALLEY NATIONAL BANCORP,NASDAQ,EQUITY,NMS,Valley National Bancorp - Common Stock,COMMON_OR_EQUIVALENT,HIGH,NASDAQ Trader nasdaqlisted,92.54,Financial Services,Banks - Regional,7.903,,,,,,,,,,,,,,False,Pass,2026-07-industry-models-v7,92b0f35b2c927674,2026-08-01T06:34:24.571439+00:00,Only eligible listed class for CIK,BANK,BANK,True,"Tier 1 capital buffer, ROTCE, deposit funding and credit-loss model",True,91.0,,,,
CHRD,0001486159,Chord Energy Corp,NASDAQ,EQUITY,NMS,Chord Energy Corporation - Common Stock,COMMON_OR_EQUIVALENT,HIGH,NASDAQ Trader nasdaqlisted,112.388,Energy,Oil & Gas E&P,7.903,,,,,,,,,,,,,,False,Pass,2026-07-industry-models-v7,92b0f35b2c927674,2026-08-01T06:34:27.269093+00:00,Only eligible listed class for CIK,CYCLICAL_MIDCYCLE,CYCLICAL_MIDCYCLE,True,Peak/current/mid-cycle/trough EBITDA and trough-survival model,True,97.0,,,,
EGO,0000918608,ELDORADO GOLD CORP /FI,NYSE,EQUITY,NYQ,Eldorado Gold Corporation Ordinary Shares,COMMON_OR_EQUIVALENT,HIGH,NASDAQ Trader otherlisted,85.588,Basic Materials,Gold,7.874,,,,,,,,,,,,,,False,Pass,2026-07-industry-models-v7,92b0f35b2c927674,2026-08-01T06:34:38.261261+00:00,Only eligible listed class for CIK,CYCLICAL_MIDCYCLE,CYCLICAL_MIDCYCLE,True,Peak/current/mid-cycle/trough EBITDA and trough-survival model,True,97.0,,,,
IDCC,0001405495,"InterDigital, Inc.",NASDAQ,EQUITY,NMS,"InterDigital, Inc. - Common Stock",COMMON_OR_EQUIVALENT,HIGH,NASDAQ Trader nasdaqlisted,112.598,Technology,Software - Application,7.866,0.581,84.66,,0.819,0.0,淨負債/EBITDA,False,False,True,絕對毛利率>=25%,False,,,False,Pass,2026-07-industry-models-v7,92b0f35b2c927674,2026-08-01T06:34:35.490100+00:00,Only eligible listed class for CIK,,,,,,,,,,
CBC,0002065601,"Central Bancompany, Inc.",NASDAQ,EQUITY,NMS,"Central Bancompany, Inc. - Class A Common Stock",COMMON_OR_EQUIVALENT,HIGH,NASDAQ Trader nasdaqlisted,22.992,Financial Services,Banks - Regional,7.864,,,,,,,,,,,,,,False,Pass,2026-07-industry-models-v7,92b0f35b2c927674,2026-08-01T06:34:43.876241+00:00,Only eligible listed class for CIK,BANK,BANK,True,"Tier 1 capital buffer, ROTCE, deposit funding and credit-loss model",True,94.0,,,,
VIST,0001762506,"Vista Energy, S.A.B. de C.V.",NYSE,EQUITY,NYQ,"Vista Energy S.A.B. de C.V. American Depositary Shares, each representing one series A share, with no par value",COMMON_OR_EQUIVALENT,HIGH,NASDAQ Trader otherlisted,70.7,Energy,Oil & Gas E&P,7.835,,,,,,,,,,,,,,False,Pass,2026-07-industry-models-v7,92b0f35b2c927674,2026-08-01T06:34:46.654556+00:00,Only eligible listed class for CIK,CYCLICAL_MIDCYCLE,CYCLICAL_MIDCYCLE,True,Peak/current/mid-cycle/trough EBITDA and trough-survival model,True,97.0,,,,
NFG,0000070145,NATIONAL FUEL GAS CO,NYSE,EQUITY,NYQ,National Fuel Gas Company Common Stock,COMMON_OR_EQUIVALENT,HIGH,NASDAQ Trader otherlisted,64.357,Energy,Oil & Gas Integrated,7.823,,,,,,,,,,,,,,False,Pass,2026-07-industry-models-v7,92b0f35b2c927674,2026-08-01T06:34:49.443987+00:00,Only eligible listed class for CIK,CYCLICAL_MIDCYCLE,CYCLICAL_MIDCYCLE,True,Peak/current/mid-cycle/trough EBITDA and trough-survival model,True,97.0,,,,
NEU,0001282637,NEWMARKET CORP,NYSE,EQUITY,NYQ,NewMarket Corp Common Stock,COMMON_OR_EQUIVALENT,HIGH,NASDAQ Trader otherlisted,92.204,Basic Materials,Specialty Chemicals,7.818,,,,,,,,,,,,,,False,Pass,2026-07-industry-models-v7,92b0f35b2c927674,2026-08-01T06:34:52.170287+00:00,Only eligible listed class for CIK,CYCLICAL_MIDCYCLE,CYCLICAL_MIDCYCLE,True,Peak/current/mid-cycle/trough EBITDA and trough-survival model,True,94.0,,,,
SM,0000893538,SM Energy Co,NYSE,EQUITY,NYQ,SM Energy Company Common Stock,COMMON_OR_EQUIVALENT,HIGH,NASDAQ Trader otherlisted,127.118,Energy,Oil & Gas E&P,7.797,,,,,,,,,,,,,,False,Pass,2026-07-industry-models-v7,92b0f35b2c927674,2026-08-01T06:34:57.560362+00:00,Only eligible listed class for CIK,CYCLICAL_MIDCYCLE,CYCLICAL_MIDCYCLE,True,Peak/current/mid-cycle/trough EBITDA and trough-survival model,True,97.0,,,,
TAP,0000024545,MOLSON COORS BEVERAGE CO,NYSE,EQUITY,NYQ,Molson Coors Beverage Company Class B Common Stock,COMMON_OR_EQUIVALENT,HIGH,NASDAQ Trader otherlisted,136.795,Consumer Defensive,Beverages - Brewers,7.795,1.878,38.62,99.93,2.653,2.461,淨負債/EBITDA,False,False,False,絕對毛利率>=25%,False,,,False,Pass,2026-07-industry-models-v7,92b0f35b2c927674,2026-08-01T06:35:00.130310+00:00,Only eligible listed class for CIK,,,,,,,,,,
Z,0001617640,"ZILLOW GROUP, INC.",NASDAQ,EQUITY,NMS,"Zillow Group, Inc. - Class C Capital Stock",COMMON_OR_EQUIVALENT,HIGH,NASDAQ Trader nasdaqlisted,147.267,Communication Services,Internet Content & Information,7.793,0.464,73.34,96.58,3.796,0.0,淨負債/EBITDA,False,False,True,絕對毛利率>=25%,False,,,False,Pass,2026-07-industry-models-v7,92b0f35b2c927674,2026-08-01T06:35:02.823572+00:00,Only eligible listed class for CIK,,,,,,,,,,
HXL,0000717605,HEXCEL CORP /DE/,NYSE,EQUITY,NYQ,Hexcel Corporation Common Stock,COMMON_OR_EQUIVALENT,HIGH,NASDAQ Trader otherlisted,106.187,Industrials,Aerospace & Defense,7.785,0.278,24.09,,2.893,2.736,淨負債/EBITDA,False,False,False,低於同業中位數，交由 SEC 深篩,False,,,False,Pass,2026-07-industry-models-v7,92b0f35b2c927674,2026-08-01T06:35:05.572333+00:00,Only eligible listed class for CIK,,,,,,,,,27.27,True
AXS,0001214816,AXIS CAPITAL HOLDINGS LTD,NYSE,EQUITY,NYQ,Axis Capital Holdings Limited Common Stock,COMMON_OR_EQUIVALENT,HIGH,NASDAQ Trader otherlisted,74.457,Financial Services,Insurance - Specialty,7.765,,,,,,,,,,,,,,False,Pass,2026-07-industry-models-v7,92b0f35b2c927674,2026-08-01T06:35:11.144346+00:00,Only eligible listed class for CIK,INSURANCE,INSURANCE_P_AND_C,True,"Dedicated underwriting, claims, capital and reserve-development model",True,97.0,,,,
ETSY,0001370637,ETSY INC,NYSE,EQUITY,NYQ,"Etsy, Inc. Common Stock",COMMON_OR_EQUIVALENT,HIGH,NASDAQ Trader otherlisted,233.025,Consumer Cyclical,Internet Retail,7.751,0.725,71.55,,7.006,3.759,淨負債/EBITDA,False,True,False,絕對毛利率>=25%,False,,,False,Pass,2026-07-industry-models-v7,92b0f35b2c927674,2026-08-01T06:35:13.699537+00:00,Only eligible listed class for CIK,,,,,,,,,,
UGI,0000884614,UGI CORP /PA/,NYSE,EQUITY,NYQ,UGI Corporation Common Stock,COMMON_OR_EQUIVALENT,HIGH,NASDAQ Trader otherlisted,64.286,Utilities,Utilities - Regulated Gas,7.744,,,,,,,,,,,,,,False,Pass,2026-07-industry-models-v7,92b0f35b2c927674,2026-08-01T06:35:16.384997+00:00,Only eligible listed class for CIK,REGULATED_UTILITY,REGULATED_UTILITY,True,"Regulated-asset growth proxy, capex funding, capital structure and coverage model",True,97.0,,,,
SOBO,0002019061,South Bow Corp,NYSE,EQUITY,NYQ,South Bow Corporation Common Shares,COMMON_OR_EQUIVALENT,HIGH,NASDAQ Trader otherlisted,31.705,Energy,Oil & Gas Midstream,7.738,,,,,,,,,,,,,,False,Pass,2026-07-industry-models-v7,92b0f35b2c927674,2026-08-01T06:35:19.155365+00:00,Only eligible listed class for CIK,CYCLICAL_MIDCYCLE,CYCLICAL_MIDCYCLE,True,Peak/current/mid-cycle/trough EBITDA and trough-survival model,True,97.0,,,,
ALGM,0000866291,"ALLEGRO MICROSYSTEMS, INC.",NASDAQ,EQUITY,NMS,"Allegro MicroSystems, Inc. - Common Stock",COMMON_OR_EQUIVALENT,HIGH,NASDAQ Trader nasdaqlisted,125.294,Technology,Semiconductors,7.732,0.123,47.36,77.39,2.244,0.978,淨負債/EBITDA,False,False,False,絕對毛利率>=25%,False,,,False,Pass,2026-07-industry-models-v7,92b0f35b2c927674,2026-08-01T06:35:21.734319+00:00,Only eligible listed class for CIK,,,,,,,,,,
SSD,0000920371,"Simpson Manufacturing Co., Inc.",NYSE,EQUITY,NYQ,"Simpson Manufacturing Company, Inc. Common Stock",COMMON_OR_EQUIVALENT,HIGH,NASDAQ Trader otherlisted,60.906,Basic Materials,Lumber & Wood Production,7.723,,,,,,,,,,,,,,False,Pass,2026-07-industry-models-v7,92b0f35b2c927674,2026-08-01T06:35:27.262189+00:00,Only eligible listed class for CIK,CYCLICAL_MIDCYCLE,CYCLICAL_MIDCYCLE,True,Peak/current/mid-cycle/trough EBITDA and trough-survival model,True,94.0,,,,
BVN,0001013131,BUENAVENTURA MINING CO INC,NYSE,EQUITY,NYQ,Buenaventura Mining Company Inc.,COMMON_OR_EQUIVALENT,HIGH,NASDAQ Trader otherlisted,34.137,Basic Materials,Other Precious Metals & Mining,7.691,,,,,,,,,,,,,,False,Pass,2026-07-industry-models-v7,92b0f35b2c927674,2026-08-01T06:35:29.832837+00:00,Only eligible listed class for CIK,CYCLICAL_MIDCYCLE,CYCLICAL_MIDCYCLE,True,Peak/current/mid-cycle/trough EBITDA and trough-survival model,True,97.0,,,,
AXTA,0001616862,Axalta Coating Systems Ltd.,NYSE,EQUITY,NYQ,Axalta Coating Systems Ltd. Common Shares,COMMON_OR_EQUIVALENT,HIGH,NASDAQ Trader otherlisted,83.408,Basic Materials,Specialty Chemicals,7.664,,,,,,,,,,,,,,False,Pass,2026-07-industry-models-v7,92b0f35b2c927674,2026-08-01T06:35:35.206558+00:00,Only eligible listed class for CIK,CYCLICAL_MIDCYCLE,CYCLICAL_MIDCYCLE,True,Peak/current/mid-cycle/trough EBITDA and trough-survival model,True,97.0,,,,
FAF,0001472787,First American Financial Corp,NYSE,EQUITY,NYQ,First American Corporation (New) Common Stock,COMMON_OR_EQUIVALENT,HIGH,NASDAQ Trader otherlisted,70.741,Financial Services,Insurance - Specialty,7.656,,,,,,,,,,,,,,False,Pass,2026-07-industry-models-v7,92b0f35b2c927674,2026-08-01T06:35:38.087513+00:00,Only eligible listed class for CIK,INSURANCE,INSURANCE_P_AND_C,True,"Dedicated underwriting, claims, capital and reserve-development model",True,97.0,,,,
PAYC,0001590955,"Paycom Software, Inc.",NYSE,EQUITY,NYQ,"Paycom Software, Inc. Common Stock",COMMON_OR_EQUIVALENT,HIGH,NASDAQ Trader otherlisted,158.754,Technology,Software - Application,7.645,0.71,87.6,,1.138,0.909,淨負債/EBITDA,False,False,False,絕對毛利率>=25%,False,,,False,Pass,2026-07-industry-models-v7,92b0f35b2c927674,2026-08-01T06:35:40.528046+00:00,Only eligible listed class for CIK,,,,,,,,,,
FSS,0000277509,FEDERAL SIGNAL CORP /DE/,NYSE,EQUITY,NYQ,Federal Signal Corporation Common Stock,COMMON_OR_EQUIVALENT,HIGH,NASDAQ Trader otherlisted,66.539,Industrials,Farm & Heavy Construction Machinery,7.627,0.372,29.17,,0.972,0.846,淨負債/EBITDA,False,False,False,絕對毛利率>=25%,False,,,False,Pass,2026-07-industry-models-v7,92b0f35b2c927674,2026-08-01T06:35:45.897525+00:00,Only eligible listed class for CIK,,,,,,,,,,
POWL,0000080420,POWELL INDUSTRIES INC,NASDAQ,EQUITY,NMS,"Powell Industries, Inc. - Common Stock",COMMON_OR_EQUIVALENT,HIGH,NASDAQ Trader nasdaqlisted,161.217,Industrials,Electrical Equipment & Parts,7.603,0.203,30.1,96.09,0.008,0.0,淨負債/EBITDA,False,False,True,絕對毛利率>=25%,False,,,False,Pass,2026-07-industry-models-v7,92b0f35b2c927674,2026-08-01T06:35:48.742834+00:00,Only eligible listed class for CIK,,,,,,,,,,
CMC,0000022444,COMMERCIAL METALS Co,NYSE,EQUITY,NYQ,Commercial Metals Company Common Stock,COMMON_OR_EQUIVALENT,HIGH,NASDAQ Trader otherlisted,83.792,Industrials,Metal Fabrication,7.602,0.918,18.57,95.86,3.009,2.545,淨負債/EBITDA,False,False,False,低於同業中位數，交由 SEC 深篩,False,,,False,Pass,2026-07-industry-models-v7,92b0f35b2c927674,2026-08-01T06:35:51.456421+00:00,Only eligible listed class for CIK,,,,,,,,,28.78,True
CAVA,0001639438,"CAVA GROUP, INC.",NYSE,EQUITY,NYQ,"CAVA Group, Inc. Common Stock",COMMON_OR_EQUIVALENT,HIGH,NASDAQ Trader otherlisted,215.214,Consumer Cyclical,Restaurants,7.598,0.21,37.74,95.26,3.343,0.641,淨負債/EBITDA,False,False,False,絕對毛利率>=25%,False,,,False,Pass,2026-07-industry-models-v7,92b0f35b2c927674,2026-08-01T06:35:54.032784+00:00,Only eligible listed class for CIK,,,,,,,,,,
DBX,0001467623,"DROPBOX, INC.",NASDAQ,EQUITY,NMS,"Dropbox, Inc. - Class A Common Stock",COMMON_OR_EQUIVALENT,HIGH,NASDAQ Trader nasdaqlisted,131.57,Technology,Software - Infrastructure,7.596,1.002,79.74,,4.778,3.242,淨負債/EBITDA,False,True,False,絕對毛利率>=25%,False,,,False,Pass,2026-07-industry-models-v7,92b0f35b2c927674,2026-08-01T06:35:56.718241+00:00,Only eligible listed class for CIK,,,,,,,,,,
TRNO,0001476150,Terreno Realty Corp,NYSE,EQUITY,NYQ,Terreno Realty Corporation Common Stock,COMMON_OR_EQUIVALENT,HIGH,NASDAQ Trader otherlisted,63.972,Real Estate,REIT - Industrial,7.575,,,,,,,,,,,,,,False,Pass,2026-07-industry-models-v7,92b0f35b2c927674,2026-08-01T06:35:59.511681+00:00,Only eligible listed class for CIK,REIT,REIT_EQUITY,True,"Nareit FFO/EBITDAre proxy, AFFO coverage, leverage and lease-growth model",True,87.0,Yahoo FFO unavailable; rebuild Nareit FFO proxy from SEC facts,,,
STAG,0001479094,"STAG Industrial, Inc.",NYSE,EQUITY,NYQ,"Stag Industrial, Inc. Common Stock",COMMON_OR_EQUIVALENT,HIGH,NASDAQ Trader otherlisted,57.469,Real Estate,REIT - Industrial,7.53,,,,,,,,,,,,,,False,Pass,2026-07-industry-models-v7,92b0f35b2c927674,2026-08-01T06:36:37.707854+00:00,Only eligible listed class for CIK,REIT,REIT_EQUITY,True,"Nareit FFO/EBITDAre proxy, AFFO coverage, leverage and lease-growth model",True,87.0,Yahoo FFO unavailable; rebuild Nareit FFO proxy from SEC facts,,,
MHK,0000851968,MOHAWK INDUSTRIES INC,NYSE,EQUITY,NYQ,"Mohawk Industries, Inc. Common Stock",COMMON_OR_EQUIVALENT,HIGH,NASDAQ Trader otherlisted,102.159,Consumer Cyclical,"Furnishings, Fixtures & Appliances",7.503,1.163,25.34,93.85,1.77,1.158,淨負債/EBITDA,False,False,False,絕對毛利率>=25%,False,,,False,Pass,2026-07-industry-models-v7,92b0f35b2c927674,2026-08-01T06:36:10.417485+00:00,Only eligible listed class for CIK,,,,,,,,,,
SSL,0000314590,SASOL LTD,NYSE,EQUITY,NYQ,Sasol Ltd. American Depositary Shares,COMMON_ADS_INFERRED,MEDIUM,SEC annual cover unavailable; accepted unavailable; symbol-to-title mapping unresolved; inferred common: sole exchange-listed ADS class for this CIK,17.517,Basic Materials,Specialty Chemicals,7.5,,,,,,,,,,,,,,False,Pass,2026-07-industry-models-v7,92b0f35b2c927674,2026-08-01T06:36:13.183272+00:00,Only eligible listed class for CIK,CYCLICAL_MIDCYCLE,CYCLICAL_MIDCYCLE,True,Peak/current/mid-cycle/trough EBITDA and trough-survival model,True,97.0,,,,
LQDA,0001819576,Liquidia Corp,NASDAQ,EQUITY,NCM,Liquidia Corporation - Common Stock,COMMON_OR_EQUIVALENT,HIGH,NASDAQ Trader nasdaqlisted,165.827,Healthcare,Drug Manufacturers - Specialty & Generic,7.48,0.048,91.81,71.08,3.964,0.0,淨負債/EBITDA,False,False,True,絕對毛利率>=25%,False,,,False,Pass,2026-07-industry-models-v7,92b0f35b2c927674,2026-08-01T06:36:15.883575+00:00,Only eligible listed class for CIK,,,,,,,,,,
CELH,0001341766,"Celsius Holdings, Inc.",NASDAQ,EQUITY,NCM,"Celsius Holdings, Inc. - Common Stock",COMMON_OR_EQUIVALENT,HIGH,NASDAQ Trader nasdaqlisted,274.427,Consumer Defensive,Beverages - Non-Alcoholic,7.467,0.33,50.35,65.16,0.995,0.186,淨負債/EBITDA,False,False,False,絕對毛利率>=25%,False,,,False,Pass,2026-07-industry-models-v7,92b0f35b2c927674,2026-08-01T06:36:18.710202+00:00,Only eligible listed class for CIK,,,,,,,,,,
AG,0001308648,FIRST MAJESTIC SILVER CORP,NYSE,EQUITY,NYQ,First Majestic Silver Corp. Ordinary Shares (Canada),COMMON_OR_EQUIVALENT,HIGH,NASDAQ Trader otherlisted,183.148,Basic Materials,Silver,7.408,,,,,,,,,,,,,,False,Pass,2026-07-industry-models-v7,92b0f35b2c927674,2026-08-01T06:36:24.086204+00:00,Only eligible listed class for CIK,CYCLICAL_MIDCYCLE,CYCLICAL_MIDCYCLE,True,Peak/current/mid-cycle/trough EBITDA and trough-survival model,True,97.0,,,,
PDI,0001510599,PIMCO Dynamic Income Fund,NYSE,EQUITY,NYQ,PIMCO Dynamic Income Fund Common Stock,COMMON_OR_EQUIVALENT,HIGH,NASDAQ Trader otherlisted,43.611,Financial Services,Asset Management,7.385,,,,,,,,,,,,,,False,Pass,2026-07-industry-models-v7,92b0f35b2c927674,2026-08-01T06:36:29.512091+00:00,Only eligible listed class for CIK,FINANCIAL_SPECIALTY,FINANCIAL_FEE,True,"Fee-financial margin, cash conversion, tangible capital and balance-sheet model",True,85.0,,,,
PCTY,0001591698,Paylocity Holding Corp,NASDAQ,EQUITY,NMS,Paylocity Holding Corporation - Common Stock,COMMON_OR_EQUIVALENT,HIGH,NASDAQ Trader nasdaqlisted,107.124,Technology,Software - Application,7.383,0.508,69.42,85.24,0.329,0.0,淨負債/EBITDA,False,False,True,絕對毛利率>=25%,False,,,False,Pass,2026-07-industry-models-v7,92b0f35b2c927674,2026-08-01T06:36:32.257795+00:00,Only eligible listed class for CIK,,,,,,,,,,
YOU,0001856314,"Clear Secure, Inc.",NYSE,EQUITY,NYQ,"Clear Secure, Inc. Class A Common Stock",COMMON_OR_EQUIVALENT,HIGH,NASDAQ Trader otherlisted,80.366,Technology,Software - Application,7.383,0.464,65.48,98.88,0.476,0.0,淨負債/EBITDA,False,False,True,絕對毛利率>=25%,False,,,False,Pass,2026-07-industry-models-v7,92b0f35b2c927674,2026-08-01T06:45:14.438330+00:00,Only eligible listed class for CIK,,,,,,,,,,
AWI,0000007431,ARMSTRONG WORLD INDUSTRIES INC,NYSE,EQUITY,NYQ,Armstrong World Industries Inc Common Stock,COMMON_OR_EQUIVALENT,HIGH,NASDAQ Trader otherlisted,82.787,Industrials,Building Products & Equipment,7.382,0.359,40.31,,1.291,1.116,淨負債/EBITDA,False,False,False,絕對毛利率>=25%,False,,,False,Pass,2026-07-industry-models-v7,92b0f35b2c927674,2026-08-01T06:36:34.976808+00:00,Only eligible listed class for CIK,,,,,,,,,,
HR,0001360604,Healthcare Realty Trust Inc,NYSE,EQUITY,NYQ,Healthcare Realty Trust Incorporated Common Stock,COMMON_OR_EQUIVALENT,HIGH,NASDAQ Trader otherlisted,92.299,Real Estate,REIT - Healthcare Facilities,7.369,,,,,,,,,,,,,,False,Pass,2026-07-industry-models-v7,92b0f35b2c927674,2026-08-01T06:37:01.427986+00:00,Only eligible listed class for CIK,REIT,REIT_EQUITY,True,"Nareit FFO/EBITDAre proxy, AFFO coverage, leverage and lease-growth model",True,87.0,Yahoo FFO unavailable; rebuild Nareit FFO proxy from SEC facts,,,
VIPS,0001529192,Vipshop Holdings Ltd,NYSE,EQUITY,NYQ,"Vipshop Holdings Limited American Depositary Shares, each representing two ordinary shares",COMMON_OR_EQUIVALENT,HIGH,NASDAQ Trader otherlisted,38.193,Consumer Cyclical,Internet Retail,7.367,,23.44,71.01,0.734,0.0,淨負債/EBITDA,False,False,True,低於同業中位數，交由 SEC 深篩,True,Yahoo OCF missing; defer to SEC,,False,Pass,2026-07-industry-models-v7,92b0f35b2c927674,2026-08-01T06:36:40.591386+00:00,Only eligible listed class for CIK,,,,,,,,,45.59,True
MP,0001801368,MP Materials Corp. / DE,NYSE,EQUITY,NYQ,MP Materials Corp. Common Stock,COMMON_OR_EQUIVALENT,HIGH,NASDAQ Trader otherlisted,250.962,Basic Materials,Other Industrial Metals & Mining,7.365,,,,,,,,,,,,,,False,Pass,2026-07-industry-models-v7,92b0f35b2c927674,2026-08-01T06:36:43.103339+00:00,Only eligible listed class for CIK,CYCLICAL_MIDCYCLE,CYCLICAL_MIDCYCLE,True,Peak/current/mid-cycle/trough EBITDA and trough-survival model,True,77.0,current EBITDA is non-positive; trough-survival deep model required | current operating cash flow is non-positive,,,
MSA,0000066570,MSA Safety Inc,NYSE,EQUITY,NYQ,MSA Safety Incorporated Common Stock,COMMON_OR_EQUIVALENT,HIGH,NASDAQ Trader otherlisted,61.029,Industrials,Security & Protection Services,7.345,0.406,47.57,95.82,1.15,0.766,淨負債/EBITDA,False,False,False,絕對毛利率>=25%,False,,,False,Pass,2026-07-industry-models-v7,92b0f35b2c927674,2026-08-01T06:36:45.666212+00:00,Only eligible listed class for CIK,,,,,,,,,,
AAON,0000824142,"AAON, INC.",NASDAQ,EQUITY,NMS,"AAON, Inc. - Common Stock",COMMON_OR_EQUIVALENT,HIGH,NASDAQ Trader nasdaqlisted,105.907,Industrials,Building Products & Equipment,7.295,0.044,26.24,87.25,1.766,1.766,淨負債/EBITDA,False,False,False,絕對毛利率>=25%,False,,,False,Pass,2026-07-industry-models-v7,92b0f35b2c927674,2026-08-01T06:36:53.477861+00:00,Only eligible listed class for CIK,,,,,,,,,,
AVT,0000008858,AVNET INC,NASDAQ,EQUITY,NMS,"Avnet, Inc. - Common Stock",COMMON_OR_EQUIVALENT,HIGH,NASDAQ Trader nasdaqlisted,113.752,Technology,Electronics & Computer Distribution,7.287,0.149,10.46,,4.144,3.88,淨負債/EBITDA,False,True,False,同業樣本不足(3)，交由 SEC 深篩,False,,,False,Pass,2026-07-industry-models-v7,92b0f35b2c927674,2026-08-01T06:36:56.071255+00:00,Only eligible listed class for CIK,,,,,,,,,,True
VFS,0001913510,VinFast Auto Ltd.,NASDAQ,EQUITY,NMS,VinFast Auto Ltd. - Ordinary Shares,COMMON_OR_EQUIVALENT,HIGH,NASDAQ Trader nasdaqlisted,1.551,Consumer Cyclical,Auto Manufacturers,7.276,,,,,,,,,,,,,,False,Pass,2026-07-industry-models-v7,92b0f35b2c927674,2026-08-01T06:37:04.226930+00:00,Only eligible listed class for CIK,CYCLICAL_MIDCYCLE,CYCLICAL_MIDCYCLE,True,Peak/current/mid-cycle/trough EBITDA and trough-survival model,True,81.0,current EBITDA is non-positive; trough-survival deep model required,,,
BZ,0001842827,Kanzhun Ltd,NASDAQ,EQUITY,NMS,KANZHUN LIMITED - American Depository Shares,COMMON_ADS_INFERRED,MEDIUM,SEC annual cover unavailable; accepted unavailable; symbol-to-title mapping unresolved; inferred common: sole exchange-listed ADS class for this CIK,60.337,Communication Services,Internet Content & Information,7.275,4.739,85.47,82.99,0.037,0.0,淨負債/EBITDA,False,False,True,絕對毛利率>=25%,False,,,False,Pass,2026-07-industry-models-v7,92b0f35b2c927674,2026-08-01T06:37:06.989351+00:00,Only eligible listed class for CIK,,,,,,,,,,
RAL,0002041385,Ralliant Corp,NYSE,EQUITY,NYQ,Ralliant Corporation Common Stock,COMMON_OR_EQUIVALENT,HIGH,NASDAQ Trader otherlisted,119.378,Technology,Electronic Components,7.233,0.365,50.95,,2.9,2.216,淨負債/EBITDA,False,False,False,絕對毛利率>=25%,False,,,False,Pass,2026-07-industry-models-v7,92b0f35b2c927674,2026-08-01T06:36:48.239880+00:00,Only eligible listed class for CIK,,,,,,,,,,
GAP,0000039911,GAP INC,NYSE,EQUITY,NYQ,"Gap, Inc. (The) Common Stock",COMMON_OR_EQUIVALENT,HIGH,NASDAQ Trader otherlisted,163.767,Consumer Cyclical,Apparel Retail,7.232,1.646,40.5,69.64,3.15,1.72,淨負債/EBITDA,False,False,False,絕對毛利率>=25%,False,,,False,Pass,2026-07-industry-models-v7,92b0f35b2c927674,2026-08-01T06:37:09.657100+00:00,Only eligible listed class for CIK,,,,,,,,,,
LW,0001679273,"Lamb Weston Holdings, Inc.",NYSE,EQUITY,NYQ,"Lamb Weston Holdings, Inc. Common Stock",COMMON_OR_EQUIVALENT,HIGH,NASDAQ Trader otherlisted,88.615,Consumer Defensive,Packaged Foods,7.225,0.943,20.68,99.18,3.656,3.594,淨負債/EBITDA,False,False,False,低於同業中位數，交由 SEC 深篩,False,,,False,Pass,2026-07-industry-models-v7,92b0f35b2c927674,2026-08-01T06:37:12.342415+00:00,Only eligible listed class for CIK,,,,,,,,,26.33,True
MORN,0001289419,"Morningstar, Inc.",NASDAQ,EQUITY,NMS,"Morningstar, Inc. - Common Stock",COMMON_OR_EQUIVALENT,HIGH,NASDAQ Trader nasdaqlisted,95.761,Financial Services,Financial Data & Stock Exchanges,7.224,,,,,,,,,,,,,,False,Pass,2026-07-industry-models-v7,92b0f35b2c927674,2026-08-01T06:37:15.036669+00:00,Only eligible listed class for CIK,FINANCIAL_SPECIALTY,FINANCIAL_FEE,True,"Fee-financial margin, cash conversion, tangible capital and balance-sheet model",True,97.0,,,,
JBTM,0001433660,JBT MAREL Corp,NYSE,EQUITY,NYQ,JBT Marel Corporation Common Stock,COMMON_OR_EQUIVALENT,HIGH,NASDAQ Trader otherlisted,73.861,Industrials,Specialty Industrial Machinery,7.21,0.427,35.4,,2.952,2.614,淨負債/EBITDA,False,False,False,絕對毛利率>=25%,False,,,False,Pass,2026-07-industry-models-v7,92b0f35b2c927674,2026-08-01T06:37:17.658912+00:00,Only eligible listed class for CIK,,,,,,,,,,
OMF,0001584207,"OneMain Holdings, Inc.",NYSE,EQUITY,NYQ,"OneMain Holdings, Inc. Common Stock",COMMON_OR_EQUIVALENT,HIGH,NASDAQ Trader otherlisted,71.245,Financial Services,Credit Services,7.199,,,,,,,,,,,,,,False,Pass,2026-07-industry-models-v7,92b0f35b2c927674,2026-08-01T06:37:20.453705+00:00,Only eligible listed class for CIK,FINANCIAL_SPECIALTY,FINANCIAL_FEE,True,"Fee-financial margin, cash conversion, tangible capital and balance-sheet model",True,91.0,,,,
TEX,0000097216,TEREX CORP,NYSE,EQUITY,NYQ,Terex Corporation Common Stock,COMMON_OR_EQUIVALENT,HIGH,NASDAQ Trader otherlisted,87.851,Industrials,Farm & Heavy Construction Machinery,7.183,0.456,17.09,,4.471,3.794,淨負債/EBITDA,False,True,False,低於同業中位數，交由 SEC 深篩,False,,,False,Pass,2026-07-industry-models-v7,92b0f35b2c927674,2026-08-01T06:37:23.080186+00:00,Only eligible listed class for CIK,,,,,,,,,21.88,True
AGCO,0000880266,AGCO CORP /DE,NYSE,EQUITY,NYQ,AGCO Corporation Common Stock,COMMON_OR_EQUIVALENT,HIGH,NASDAQ Trader otherlisted,79.269,Industrials,Farm & Heavy Construction Machinery,7.154,0.59,25.27,92.99,2.811,2.244,淨負債/EBITDA,False,False,False,絕對毛利率>=25%,False,,,False,Pass,2026-07-industry-models-v7,92b0f35b2c927674,2026-08-01T06:36:26.709161+00:00,Only eligible listed class for CIK,,,,,,,,,,
ACA,0001739445,"Arcosa, Inc.",NYSE,EQUITY,NYQ,"Arcosa, Inc. Common Stock",COMMON_OR_EQUIVALENT,HIGH,NASDAQ Trader otherlisted,96.408,Industrials,Engineering & Construction,7.13,0.414,22.71,93.28,2.911,2.629,淨負債/EBITDA,False,False,False,低於25%但高於同業中位數,False,,,False,Pass,2026-07-industry-models-v7,92b0f35b2c927674,2026-08-01T06:37:34.009197+00:00,Only eligible listed class for CIK,,,,,,,,,20.6,False
BIRK,0001977102,Birkenstock Holding plc,NYSE,EQUITY,NYQ,Birkenstock Holding plc Ordinary Shares,COMMON_OR_EQUIVALENT,HIGH,NASDAQ Trader otherlisted,90.142,Consumer Cyclical,Footwear & Accessories,7.121,0.415,57.76,98.13,2.22,1.896,淨負債/EBITDA,False,False,False,絕對毛利率>=25%,False,,,False,Pass,2026-07-industry-models-v7,92b0f35b2c927674,2026-08-01T06:37:36.776196+00:00,Only eligible listed class for CIK,,,,,,,,,,
SGHC,0001878057,Super Group (SGHC) Ltd,NYSE,EQUITY,NYQ,Super Group (SGHC) Limited Ordinary Shares,COMMON_OR_EQUIVALENT,HIGH,NASDAQ Trader otherlisted,48.211,Consumer Cyclical,Gambling,7.113,,30.35,20.2,0.212,0.0,淨負債/EBITDA,False,False,True,絕對毛利率>=25%,True,Yahoo OCF missing; defer to SEC,,False,Pass,2026-07-industry-models-v7,92b0f35b2c927674,2026-08-01T06:37:39.330844+00:00,Only eligible listed class for CIK,,,,,,,,,,
GTES,0001718512,Gates Industrial Corp plc,NYSE,EQUITY,NYQ,Gates Industrial Corporation Ltd. Common Shares,COMMON_OR_EQUIVALENT,HIGH,NASDAQ Trader otherlisted,57.577,Industrials,Specialty Industrial Machinery,7.083,0.501,40.3,,3.267,2.18,淨負債/EBITDA,False,False,False,絕對毛利率>=25%,False,,,False,Pass,2026-07-industry-models-v7,92b0f35b2c927674,2026-08-01T06:37:44.646346+00:00,Only eligible listed class for CIK,,,,,,,,,,
CHE,0000019584,CHEMED CORP,NYSE,EQUITY,NYQ,Chemed Corp,COMMON_OR_EQUIVALENT,HIGH,NASDAQ Trader otherlisted,108.293,Healthcare,Medical Care Facilities,7.065,0.39,33.11,,0.707,0.611,淨負債/EBITDA,False,False,False,絕對毛利率>=25%,False,,,False,Pass,2026-07-industry-models-v7,92b0f35b2c927674,2026-08-01T06:37:47.292058+00:00,Only eligible listed class for CIK,,,,,,,,,,
EQX,0001756607,Equinox Gold Corp.,NYSE,EQUITY,ASE,Equinox Gold Corp. Common Shares,COMMON_OR_EQUIVALENT,HIGH,NASDAQ Trader otherlisted,112.589,Basic Materials,Gold,7.063,,,,,,,,,,,,,,False,Pass,2026-07-industry-models-v7,92b0f35b2c927674,2026-08-01T06:37:49.840400+00:00,Only eligible listed class for CIK,CYCLICAL_MIDCYCLE,CYCLICAL_MIDCYCLE,True,Peak/current/mid-cycle/trough EBITDA and trough-survival model,True,97.0,,,,
VSXY,0001856437,Victoria's Secret & Co.,NYSE,EQUITY,NYQ,Victorias Secret & Co. Common Stock,COMMON_OR_EQUIVALENT,HIGH,NASDAQ Trader otherlisted,202.713,Consumer Cyclical,Apparel Retail,7.049,0.512,37.01,,4.262,3.952,淨負債/EBITDA,False,True,False,絕對毛利率>=25%,False,,,False,Pass,2026-07-industry-models-v7,92b0f35b2c927674,2026-08-01T06:37:52.410564+00:00,Only eligible listed class for CIK,,,,,,,,,,
MOS,0001285785,MOSAIC CO,NYSE,EQUITY,NYQ,Mosaic Company (The) Common Stock,COMMON_OR_EQUIVALENT,HIGH,NASDAQ Trader otherlisted,196.309,Basic Materials,Agricultural Inputs,7.031,,,,,,,,,,,,,,False,Pass,2026-07-industry-models-v7,92b0f35b2c927674,2026-08-01T06:37:57.796147+00:00,Only eligible listed class for CIK,CYCLICAL_MIDCYCLE,CYCLICAL_MIDCYCLE,True,Peak/current/mid-cycle/trough EBITDA and trough-survival model,True,97.0,,,,
KEX,0000056047,KIRBY CORP,NYSE,EQUITY,NYQ,Kirby Corporation Common Stock,COMMON_OR_EQUIVALENT,HIGH,NASDAQ Trader otherlisted,80.8,Industrials,Marine Shipping,7.012,,,,,,,,,,,,,,False,Pass,2026-07-industry-models-v7,92b0f35b2c927674,2026-08-01T06:38:00.380229+00:00,Only eligible listed class for CIK,CYCLICAL_MIDCYCLE,CYCLICAL_MIDCYCLE,True,Peak/current/mid-cycle/trough EBITDA and trough-survival model,True,91.0,,,,
UGP,0001094972,ULTRAPAR HOLDINGS INC,NYSE,EQUITY,NYQ,Ultrapar Participacoes S.A. (New) American Depositary Shares (Each representing one Common Share),COMMON_OR_EQUIVALENT,HIGH,NASDAQ Trader otherlisted,23.843,Energy,Oil & Gas Refining & Marketing,6.947,,,,,,,,,,,,,,False,Pass,2026-07-industry-models-v7,92b0f35b2c927674,2026-08-01T06:38:11.372553+00:00,Only eligible listed class for CIK,CYCLICAL_MIDCYCLE,CYCLICAL_MIDCYCLE,True,Peak/current/mid-cycle/trough EBITDA and trough-survival model,True,97.0,,,,
CAG,0000023217,CONAGRA BRANDS INC.,NYSE,EQUITY,NYQ,"ConAgra Brands, Inc. Common Stock",COMMON_OR_EQUIVALENT,HIGH,NASDAQ Trader otherlisted,259.521,Consumer Defensive,Packaged Foods,6.944,1.402,23.95,89.39,4.292,4.167,淨負債/EBITDA,True,True,False,低於同業中位數，交由 SEC 深篩,False,,,False,Pass,2026-07-industry-models-v7,92b0f35b2c927674,2026-08-01T06:38:14.070368+00:00,Only eligible listed class for CIK,,,,,,,,,26.33,True
TAL,0001499620,TAL Education Group,NYSE,EQUITY,NYQ,TAL Education Group American Depositary Shares,COMMON_ADS_INFERRED,MEDIUM,SEC annual cover unavailable; accepted unavailable; symbol-to-title mapping unresolved; inferred common: sole exchange-listed ADS class for this CIK,48.344,Consumer Defensive,Education & Training Services,6.934,0.732,56.02,61.03,0.842,0.0,淨負債/EBITDA,False,False,True,絕對毛利率>=25%,False,,,False,Pass,2026-07-industry-models-v7,92b0f35b2c927674,2026-08-01T06:38:16.750296+00:00,Only eligible listed class for CIK,,,,,,,,,,
NOV,0001021860,NOV Inc.,NYSE,EQUITY,NYQ,NOV Inc. Common Stock,COMMON_OR_EQUIVALENT,HIGH,NASDAQ Trader otherlisted,79.932,Energy,Oil & Gas Equipment & Services,6.926,,,,,,,,,,,,,,False,Pass,2026-07-industry-models-v7,92b0f35b2c927674,2026-08-01T06:38:19.571397+00:00,Only eligible listed class for CIK,CYCLICAL_MIDCYCLE,CYCLICAL_MIDCYCLE,True,Peak/current/mid-cycle/trough EBITDA and trough-survival model,True,97.0,,,,
MSM,0001003078,MSC INDUSTRIAL DIRECT CO INC,NYSE,EQUITY,NYQ,"MSC Industrial Direct Company, Inc. Common Stock",COMMON_OR_EQUIVALENT,HIGH,NASDAQ Trader otherlisted,94.793,Industrials,Industrial Distribution,6.891,0.306,40.82,88.72,1.251,1.084,淨負債/EBITDA,False,False,False,絕對毛利率>=25%,False,,,False,Pass,2026-07-industry-models-v7,92b0f35b2c927674,2026-08-01T06:38:24.812179+00:00,Only eligible listed class for CIK,,,,,,,,,,
EPRT,0001728951,"ESSENTIAL PROPERTIES REALTY TRUST, INC.",NYSE,EQUITY,NYQ,"Essential Properties Realty Trust, Inc. Common Stock",COMMON_OR_EQUIVALENT,HIGH,NASDAQ Trader otherlisted,58.005,Real Estate,REIT - Retail,6.784,,,,,,,,,,,,,,False,Pass,2026-07-industry-models-v7,92b0f35b2c927674,2026-08-01T06:38:38.248952+00:00,Only eligible listed class for CIK,REIT,REIT_EQUITY,True,"Nareit FFO/EBITDAre proxy, AFFO coverage, leverage and lease-growth model",True,87.0,Yahoo FFO unavailable; rebuild Nareit FFO proxy from SEC facts,,,
ENS,0001289308,EnerSys,NYSE,EQUITY,NYQ,EnerSys Common Stock,COMMON_OR_EQUIVALENT,HIGH,NASDAQ Trader otherlisted,96.358,Industrials,Electrical Equipment & Parts,6.783,0.548,29.32,,2.169,1.413,淨負債/EBITDA,False,False,False,絕對毛利率>=25%,False,,,False,Pass,2026-07-industry-models-v7,92b0f35b2c927674,2026-08-01T06:38:30.298797+00:00,Only eligible listed class for CIK,,,,,,,,,,
NE,0001895262,Noble Corp plc,NYSE,EQUITY,NYQ,Noble Corporation plc A Ordinary Shares,COMMON_OR_EQUIVALENT,HIGH,NASDAQ Trader otherlisted,67.47,Energy,Oil & Gas Drilling,6.769,,,,,,,,,,,,,,False,Pass,2026-07-industry-models-v7,92b0f35b2c927674,2026-08-01T06:38:35.674530+00:00,Only eligible listed class for CIK,CYCLICAL_MIDCYCLE,CYCLICAL_MIDCYCLE,True,Peak/current/mid-cycle/trough EBITDA and trough-survival model,True,97.0,,,,
POOL,0000945841,POOL CORP,NASDAQ,EQUITY,NMS,Pool Corporation - Common Stock,COMMON_OR_EQUIVALENT,HIGH,NASDAQ Trader nasdaqlisted,192.413,Industrials,Industrial Distribution,6.749,0.367,29.58,,2.638,2.583,淨負債/EBITDA,False,False,False,絕對毛利率>=25%,False,,,False,Pass,2026-07-industry-models-v7,92b0f35b2c927674,2026-08-01T06:38:43.875007+00:00,Only eligible listed class for CIK,,,,,,,,,,
ST,0001477294,Sensata Technologies Holding plc,NYSE,EQUITY,NYQ,Sensata Technologies Holding plc Ordinary Shares,COMMON_OR_EQUIVALENT,HIGH,NASDAQ Trader otherlisted,98.616,Technology,Scientific & Technical Instruments,6.737,0.694,29.5,,3.165,2.643,淨負債/EBITDA,False,False,False,絕對毛利率>=25%,False,,,False,Pass,2026-07-industry-models-v7,92b0f35b2c927674,2026-08-01T06:38:46.446095+00:00,Only eligible listed class for CIK,,,,,,,,,,
FNB,0000037808,FNB CORP/PA/,NYSE,EQUITY,NYQ,F.N.B. Corporation Common Stock,COMMON_OR_EQUIVALENT,HIGH,NASDAQ Trader otherlisted,100.566,Financial Services,Banks - Regional,6.728,,,,,,,,,,,,,,False,Pass,2026-07-industry-models-v7,92b0f35b2c927674,2026-08-01T06:38:49.118346+00:00,Only eligible listed class for CIK,BANK,BANK,True,"Tier 1 capital buffer, ROTCE, deposit funding and credit-loss model",True,91.0,,,,
PLXS,0000785786,PLEXUS CORP,NASDAQ,EQUITY,NMS,Plexus Corp. - Common Stock,COMMON_OR_EQUIVALENT,HIGH,NASDAQ Trader nasdaqlisted,80.114,Technology,Electronic Components,6.725,0.171,10.04,,1.0,0.0,淨負債/EBITDA,False,False,True,低於同業中位數，交由 SEC 深篩,False,,,False,Pass,2026-07-industry-models-v7,92b0f35b2c927674,2026-08-01T06:38:51.719789+00:00,Only eligible listed class for CIK,,,,,,,,,21.0,True
UBSI,0000729986,UNITED BANKSHARES INC/WV,NASDAQ,EQUITY,NMS,"United Bankshares, Inc. - Common Stock",COMMON_OR_EQUIVALENT,HIGH,NASDAQ Trader nasdaqlisted,47.313,Financial Services,Banks - Regional,6.635,,,,,,,,,,,,,,False,Pass,2026-07-industry-models-v7,92b0f35b2c927674,2026-08-01T06:39:02.764194+00:00,Only eligible listed class for CIK,BANK,BANK,True,"Tier 1 capital buffer, ROTCE, deposit funding and credit-loss model",True,91.0,,,,
NPO,0001164863,Enpro Inc.,NYSE,EQUITY,NYQ,Enpro Inc. Common Stock,COMMON_OR_EQUIVALENT,HIGH,NASDAQ Trader otherlisted,81.51,Industrials,Specialty Industrial Machinery,6.632,0.22,43.07,,2.178,1.899,淨負債/EBITDA,False,False,False,絕對毛利率>=25%,False,,,False,Pass,2026-07-industry-models-v7,92b0f35b2c927674,2026-08-01T06:39:05.522860+00:00,Only eligible listed class for CIK,,,,,,,,,,
PATH,0001734722,"UiPath, Inc.",NYSE,EQUITY,NYQ,"UiPath, Inc. Class A Common Stock",COMMON_OR_EQUIVALENT,HIGH,NASDAQ Trader otherlisted,749.147,Technology,Software - Infrastructure,6.611,0.384,83.05,83.29,0.671,0.0,淨負債/EBITDA,False,False,True,絕對毛利率>=25%,False,,,False,Pass,2026-07-industry-models-v7,92b0f35b2c927674,2026-08-01T06:39:11.029638+00:00,Only eligible listed class for CIK,,,,,,,,,,
ACT,0001823529,"Enact Holdings, Inc.",NASDAQ,EQUITY,NMS,"Enact Holdings, Inc. - Common Stock",COMMON_OR_EQUIVALENT,HIGH,NASDAQ Trader nasdaqlisted,16.213,Financial Services,Insurance - Specialty,6.606,,,,,,,,,,,,,,False,Pass,2026-07-industry-models-v7,92b0f35b2c927674,2026-08-01T06:39:13.752365+00:00,Only eligible listed class for CIK,INSURANCE,INSURANCE_P_AND_C,True,"Dedicated underwriting, claims, capital and reserve-development model",True,94.0,,,,
GLBE,0001835963,Global-E Online Ltd.,NASDAQ,EQUITY,NMS,Global-E Online Ltd. - ordinary shares,COMMON_OR_EQUIVALENT,HIGH,NASDAQ Trader nasdaqlisted,68.589,Consumer Cyclical,Internet Retail,6.603,0.283,45.59,69.44,0.135,0.0,淨負債/EBITDA,False,False,True,絕對毛利率>=25%,False,,,False,Pass,2026-07-industry-models-v7,92b0f35b2c927674,2026-08-01T06:39:16.335260+00:00,Only eligible listed class for CIK,,,,,,,,,,
RYN,0000052827,RAYONIER INC,NYSE,EQUITY,NYQ,Rayonier Inc. REIT Common Stock,COMMON_OR_EQUIVALENT,HIGH,NASDAQ Trader otherlisted,55.631,Real Estate,REIT - Specialty,6.587,,,,,,,,,,,,,,False,Pass,2026-07-industry-models-v7,92b0f35b2c927674,2026-08-01T06:39:29.709211+00:00,Only eligible listed class for CIK,REIT,REIT_EQUITY,True,"Nareit FFO/EBITDAre proxy, AFFO coverage, leverage and lease-growth model",True,87.0,Yahoo FFO unavailable; rebuild Nareit FFO proxy from SEC facts,,,
CLF,0000764065,CLEVELAND-CLIFFS INC.,NYSE,EQUITY,NYQ,Cleveland-Cliffs Inc. Common Stock,COMMON_OR_EQUIVALENT,HIGH,NASDAQ Trader otherlisted,242.863,Basic Materials,Steel,6.573,,,,,,,,,,,,,,False,Pass,2026-07-industry-models-v7,92b0f35b2c927674,2026-08-01T06:39:21.530806+00:00,Only eligible listed class for CIK,CYCLICAL_MIDCYCLE,CYCLICAL_MIDCYCLE,True,Peak/current/mid-cycle/trough EBITDA and trough-survival model,True,87.0,current operating cash flow is non-positive,,,
CPB,0000016732,CAMPBELL'S Co,NASDAQ,EQUITY,NMS,The Campbell's Company - Common Stock,COMMON_OR_EQUIVALENT,HIGH,NASDAQ Trader nasdaqlisted,189.471,Consumer Defensive,Packaged Foods,6.555,1.098,29.2,64.52,4.303,4.067,淨負債/EBITDA,True,True,False,絕對毛利率>=25%,False,,,False,Pass,2026-07-industry-models-v7,92b0f35b2c927674,2026-08-01T06:39:27.137044+00:00,Only eligible listed class for CIK,,,,,,,,,,
LEA,0000842162,LEAR CORP,NYSE,EQUITY,NYQ,Lear Corporation Common Stock,COMMON_OR_EQUIVALENT,HIGH,NASDAQ Trader otherlisted,85.518,Consumer Cyclical,Auto Parts,6.544,,,,,,,,,,,,,,False,Pass,2026-07-industry-models-v7,92b0f35b2c927674,2026-08-01T06:39:32.471450+00:00,Only eligible listed class for CIK,CYCLICAL_MIDCYCLE,CYCLICAL_MIDCYCLE,True,Peak/current/mid-cycle/trough EBITDA and trough-survival model,True,97.0,,,,
ICL,0000941221,ICL Group Ltd.,NYSE,EQUITY,NYQ,ICL Group Ltd. Ordinary Shares,COMMON_OR_EQUIVALENT,HIGH,NASDAQ Trader otherlisted,6.959,Basic Materials,Agricultural Inputs,6.531,,,,,,,,,,,,,,False,Pass,2026-07-industry-models-v7,92b0f35b2c927674,2026-08-01T06:39:35.315349+00:00,Only eligible listed class for CIK,CYCLICAL_MIDCYCLE,CYCLICAL_MIDCYCLE,True,Peak/current/mid-cycle/trough EBITDA and trough-survival model,True,97.0,,,,
M,0000794367,"Macy's, Inc.",NYSE,EQUITY,NYQ,Macy's Inc Common Stock,COMMON_OR_EQUIVALENT,HIGH,NASDAQ Trader otherlisted,151.673,Consumer Cyclical,Department Stores,6.529,1.786,40.31,98.52,3.629,2.71,淨負債/EBITDA,False,False,False,絕對毛利率>=25%,False,,,False,Pass,2026-07-industry-models-v7,92b0f35b2c927674,2026-08-01T06:39:37.912383+00:00,Only eligible listed class for CIK,,,,,,,,,,
CRUS,0000772406,"CIRRUS LOGIC, INC.",NASDAQ,EQUITY,NMS,"Cirrus Logic, Inc. - Common Stock",COMMON_OR_EQUIVALENT,HIGH,NASDAQ Trader nasdaqlisted,80.941,Technology,Semiconductors,6.526,0.651,52.78,,0.261,0.0,淨負債/EBITDA,False,False,True,絕對毛利率>=25%,False,,,False,Pass,2026-07-industry-models-v7,92b0f35b2c927674,2026-08-01T06:39:40.518852+00:00,Only eligible listed class for CIK,,,,,,,,,,
PPC,0000802481,PILGRIMS PRIDE CORP,NASDAQ,EQUITY,NMS,Pilgrim's Pride Corporation - Common Stock,COMMON_OR_EQUIVALENT,HIGH,NASDAQ Trader nasdaqlisted,43.021,Consumer Defensive,Packaged Foods,6.515,1.221,9.62,20.51,1.917,1.673,淨負債/EBITDA,False,False,False,低於同業中位數，交由 SEC 深篩,False,,,False,Pass,2026-07-industry-models-v7,92b0f35b2c927674,2026-08-01T06:39:43.284048+00:00,Only eligible listed class for CIK,,,,,,,,,26.33,True
LNTH,0001521036,"Lantheus Holdings, Inc.",NASDAQ,EQUITY,NGM,"Lantheus Holdings, Inc. - Common Stock",COMMON_OR_EQUIVALENT,HIGH,NASDAQ Trader nasdaqlisted,102.413,Healthcare,Drug Manufacturers - Specialty & Generic,6.487,0.408,60.48,,1.709,0.347,淨負債/EBITDA,False,False,False,絕對毛利率>=25%,False,,,False,Pass,2026-07-industry-models-v7,92b0f35b2c927674,2026-08-01T06:39:51.414556+00:00,Only eligible listed class for CIK,,,,,,,,,,
FSV,0001637810,FirstService Corp,NASDAQ,EQUITY,NMS,FirstService Corporation - Common Shares,COMMON_OR_EQUIVALENT,HIGH,NASDAQ Trader nasdaqlisted,32.617,Real Estate,Real Estate Services,6.479,0.46,33.37,77.21,2.89,2.569,淨負債/EBITDA,False,False,False,絕對毛利率>=25%,False,,,False,Pass,2026-07-industry-models-v7,92b0f35b2c927674,2026-08-01T06:39:54.208281+00:00,Only eligible listed class for CIK,,,,,,,,,,
IFS,0001615903,Intercorp Financial Services Inc.,NYSE,EQUITY,NYQ,Intercorp Financial Services Inc. Common Shares,COMMON_OR_EQUIVALENT,HIGH,NASDAQ Trader otherlisted,17.387,Financial Services,Banks - Regional,6.477,,,,,,,,,,,,,,False,Pass,2026-07-industry-models-v7,92b0f35b2c927674,2026-08-01T06:39:56.793971+00:00,Only eligible listed class for CIK,BANK,BANK,True,"Tier 1 capital buffer, ROTCE, deposit funding and credit-loss model",True,94.0,,,,
SWX,0001692115,"Southwest Gas Holdings, Inc.",NYSE,EQUITY,NYQ,"Southwest Gas Holdings, Inc. Common Stock (DE)",COMMON_OR_EQUIVALENT,HIGH,NASDAQ Trader otherlisted,48.029,Utilities,Utilities - Regulated Gas,6.47,,,,,,,,,,,,,,False,Pass,2026-07-industry-models-v7,92b0f35b2c927674,2026-08-01T06:39:59.613938+00:00,Only eligible listed class for CIK,REGULATED_UTILITY,REGULATED_UTILITY,True,"Regulated-asset growth proxy, capex funding, capital structure and coverage model",True,97.0,,,,
DSGX,0001050140,DESCARTES SYSTEMS GROUP INC,NASDAQ,EQUITY,NMS,The Descartes Systems Group Inc. - Common Stock,COMMON_OR_EQUIVALENT,HIGH,NASDAQ Trader nasdaqlisted,40.153,Technology,Software - Application,6.441,0.288,77.35,93.44,0.025,0.0,淨負債/EBITDA,False,False,True,絕對毛利率>=25%,False,,,False,Pass,2026-07-industry-models-v7,92b0f35b2c927674,2026-08-01T06:40:05.145515+00:00,Only eligible listed class for CIK,,,,,,,,,,
HIMS,0001773751,"Hims & Hers Health, Inc.",NYSE,EQUITY,NYQ,"Hims & Hers Health, Inc. Class A Common Stock",COMMON_OR_EQUIVALENT,HIGH,NASDAQ Trader otherlisted,526.174,Healthcare,Drug Manufacturers - Specialty & Generic,6.428,0.28,72.92,70.5,13.571,4.569,淨負債/EBITDA,True,True,False,絕對毛利率>=25%,False,,,False,Pass,2026-07-industry-models-v7,92b0f35b2c927674,2026-08-01T06:40:07.988491+00:00,Only eligible listed class for CIK,,,,,,,,,,
GBCI,0000868671,"GLACIER BANCORP, INC.",NYSE,EQUITY,NYQ,"Glacier Bancorp, Inc. Common Stock",COMMON_OR_EQUIVALENT,HIGH,NASDAQ Trader otherlisted,55.526,Financial Services,Banks - Regional,6.418,,,,,,,,,,,,,,False,Pass,2026-07-industry-models-v7,92b0f35b2c927674,2026-08-01T06:40:10.591961+00:00,Only eligible listed class for CIK,BANK,BANK,True,"Tier 1 capital buffer, ROTCE, deposit funding and credit-loss model",True,91.0,,,,
TXNM,0001108426,TXNM ENERGY INC,NYSE,EQUITY,NYQ,"TXNM Energy, Inc. Common Stock",COMMON_OR_EQUIVALENT,HIGH,NASDAQ Trader otherlisted,91.999,Utilities,Utilities - Regulated Electric,6.412,,,,,,,,,,,,,,False,Pass,2026-07-industry-models-v7,92b0f35b2c927674,2026-08-01T06:40:13.425355+00:00,Only eligible listed class for CIK,REGULATED_UTILITY,REGULATED_UTILITY,True,"Regulated-asset growth proxy, capex funding, capital structure and coverage model",True,97.0,,,,
JAN,0002100805,"Janus Living, Inc.",NYSE,EQUITY,NYQ,"Janus Living, Inc. Class A-1 Common Stock",COMMON_OR_EQUIVALENT,HIGH,NASDAQ Trader otherlisted,39.823,Real Estate,REIT - Residential,6.411,,,,,,,,,,,,,,False,Pass,2026-07-industry-models-v7,92b0f35b2c927674,2026-08-01T06:40:16.029331+00:00,Only eligible listed class for CIK,REIT,REIT_EQUITY,True,"Nareit FFO/EBITDAre proxy, AFFO coverage, leverage and lease-growth model",True,84.0,Yahoo FFO unavailable; rebuild Nareit FFO proxy from SEC facts,,,
LOAR,0002000178,Loar Holdings Inc.,NYSE,EQUITY,NYQ,Loar Holdings Inc. Common Stock,COMMON_OR_EQUIVALENT,HIGH,NASDAQ Trader otherlisted,53.551,Industrials,Aerospace & Defense,6.409,0.115,53.75,96.16,4.98,4.488,淨負債/EBITDA,True,True,False,絕對毛利率>=25%,False,,,False,Pass,2026-07-industry-models-v7,92b0f35b2c927674,2026-08-01T06:40:18.662921+00:00,Only eligible listed class for CIK,,,,,,,,,,
ECG,0002015845,"Everus Construction Group, Inc.",NYSE,EQUITY,NYQ,"Everus Construction Group, Inc. Common Stock",COMMON_OR_EQUIVALENT,HIGH,NASDAQ Trader otherlisted,80.938,Industrials,Engineering & Construction,6.402,0.293,12.44,83.18,1.128,0.272,淨負債/EBITDA,False,False,False,低於同業中位數，交由 SEC 深篩,False,,,False,Pass,2026-07-industry-models-v7,92b0f35b2c927674,2026-08-01T06:40:21.408113+00:00,Only eligible listed class for CIK,,,,,,,,,20.6,True
SBSW,0001786909,Sibanye Stillwater Ltd,NYSE,EQUITY,NYQ,D/B/A Sibanye-Stillwater Limited ADS,COMMON_ADS_INFERRED,MEDIUM,SEC annual cover unavailable; accepted unavailable; symbol-to-title mapping unresolved; inferred common: sole exchange-listed ADS class for this CIK,45.248,Basic Materials,Other Precious Metals & Mining,6.395,,,,,,,,,,,,,,False,Pass,2026-07-industry-models-v7,92b0f35b2c927674,2026-08-01T06:40:24.011654+00:00,Only eligible listed class for CIK,CYCLICAL_MIDCYCLE,CYCLICAL_MIDCYCLE,True,Peak/current/mid-cycle/trough EBITDA and trough-survival model,True,97.0,,,,
APPF,0001433195,APPFOLIO INC,NASDAQ,EQUITY,NGM,"AppFolio, Inc. - Class A Common Stock",COMMON_OR_EQUIVALENT,HIGH,NASDAQ Trader nasdaqlisted,68.844,Technology,Software - Application,6.382,0.273,63.53,92.24,0.184,0.0,淨負債/EBITDA,False,False,True,絕對毛利率>=25%,False,,,False,Pass,2026-07-industry-models-v7,92b0f35b2c927674,2026-08-01T06:40:26.607266+00:00,Only eligible listed class for CIK,,,,,,,,,,
BLLN,0002070849,"BillionToOne, Inc.",NASDAQ,EQUITY,NMS,"BillionToOne, Inc. - Class A common stock",COMMON_OR_EQUIVALENT,HIGH,NASDAQ Trader nasdaqlisted,103.742,Healthcare,Diagnostics & Research,6.375,0.037,70.4,37.59,3.351,0.0,淨負債/EBITDA,False,False,True,絕對毛利率>=25%,False,,,False,Pass,2026-07-industry-models-v7,92b0f35b2c927674,2026-08-01T06:40:31.745605+00:00,Only eligible listed class for CIK,,,,,,,,,,
WEX,0001309108,WEX Inc.,NYSE,EQUITY,NYQ,WEX Inc. common stock,COMMON_OR_EQUIVALENT,HIGH,NASDAQ Trader otherlisted,126.769,Technology,Software - Infrastructure,6.372,0.263,73.23,,5.818,0.0,淨負債/EBITDA,False,True,True,絕對毛利率>=25%,False,,,False,Pass,2026-07-industry-models-v7,92b0f35b2c927674,2026-08-01T06:40:34.433712+00:00,Only eligible listed class for CIK,,,,,,,,,,
URBN,0000912615,URBAN OUTFITTERS INC,NASDAQ,EQUITY,NMS,"Urban Outfitters, Inc. - Common Stock",COMMON_OR_EQUIVALENT,HIGH,NASDAQ Trader nasdaqlisted,91.682,Consumer Cyclical,Apparel Retail,6.352,0.558,36.06,76.14,1.593,1.046,淨負債/EBITDA,False,False,False,絕對毛利率>=25%,False,,,False,Pass,2026-07-industry-models-v7,92b0f35b2c927674,2026-08-01T06:40:39.890865+00:00,Only eligible listed class for CIK,,,,,,,,,,
ENVA,0001529864,"Enova International, Inc.",NYSE,EQUITY,NYQ,"Enova International, Inc. Common Stock",COMMON_OR_EQUIVALENT,HIGH,NASDAQ Trader otherlisted,88.363,Financial Services,Credit Services,6.328,,,,,,,,,,,,,,False,Pass,2026-07-industry-models-v7,92b0f35b2c927674,2026-08-01T06:40:45.491436+00:00,Only eligible listed class for CIK,FINANCIAL_SPECIALTY,FINANCIAL_FEE,True,"Fee-financial margin, cash conversion, tangible capital and balance-sheet model",True,94.0,,,,
WFRD,0001603923,Weatherford International plc,NASDAQ,EQUITY,NMS,Weatherford International plc - Ordinary shares,COMMON_OR_EQUIVALENT,HIGH,NASDAQ Trader nasdaqlisted,114.76,Energy,Oil & Gas Equipment & Services,6.293,,,,,,,,,,,,,,False,Pass,2026-07-industry-models-v7,92b0f35b2c927674,2026-08-01T06:40:50.867409+00:00,Only eligible listed class for CIK,CYCLICAL_MIDCYCLE,CYCLICAL_MIDCYCLE,True,Peak/current/mid-cycle/trough EBITDA and trough-survival model,True,97.0,,,,
EXP,0000918646,EAGLE MATERIALS INC,NYSE,EQUITY,NYQ,Eagle Materials Inc Common Stock,COMMON_OR_EQUIVALENT,HIGH,NASDAQ Trader otherlisted,96.223,Basic Materials,Building Materials,6.287,,,,,,,,,,,,,,False,Pass,2026-07-industry-models-v7,92b0f35b2c927674,2026-08-01T06:40:53.531566+00:00,Only eligible listed class for CIK,CYCLICAL_MIDCYCLE,CYCLICAL_MIDCYCLE,True,Peak/current/mid-cycle/trough EBITDA and trough-survival model,True,97.0,,,,
DUOL,0001562088,"Duolingo, Inc.",NASDAQ,EQUITY,NMS,"Duolingo, Inc. - Class A Common Stock",COMMON_OR_EQUIVALENT,HIGH,NASDAQ Trader nasdaqlisted,203.11,Technology,Software - Application,6.281,0.433,72.67,99.07,0.518,0.0,淨負債/EBITDA,False,False,True,絕對毛利率>=25%,False,,,False,Pass,2026-07-industry-models-v7,92b0f35b2c927674,2026-08-01T06:40:56.108693+00:00,Only eligible listed class for CIK,,,,,,,,,,
INGR,0001046257,Ingredion Inc,NYSE,EQUITY,NYQ,Ingredion Incorporated Common Stock,COMMON_OR_EQUIVALENT,HIGH,NASDAQ Trader otherlisted,89.901,Consumer Defensive,Packaged Foods,6.272,0.9,24.49,,1.53,0.76,淨負債/EBITDA,False,False,False,低於同業中位數，交由 SEC 深篩,False,,,False,Pass,2026-07-industry-models-v7,92b0f35b2c927674,2026-08-01T06:41:01.645617+00:00,Only eligible listed class for CIK,,,,,,,,,26.33,True
AROC,0001389050,"Archrock, Inc.",NYSE,EQUITY,NYQ,"Archrock, Inc. Common Stock",COMMON_OR_EQUIVALENT,HIGH,NASDAQ Trader otherlisted,68.836,Energy,Oil & Gas Equipment & Services,6.267,,,,,,,,,,,,,,False,Pass,2026-07-industry-models-v7,92b0f35b2c927674,2026-08-01T06:41:04.405363+00:00,Only eligible listed class for CIK,CYCLICAL_MIDCYCLE,CYCLICAL_MIDCYCLE,True,Peak/current/mid-cycle/trough EBITDA and trough-survival model,True,97.0,,,,
SNDR,0001692063,"Schneider National, Inc.",NYSE,EQUITY,NYQ,"Schneider National, Inc. Common Stock",COMMON_OR_EQUIVALENT,HIGH,NASDAQ Trader otherlisted,37.979,Industrials,Trucking,6.259,,,,,,,,,,,,,,False,Pass,2026-07-industry-models-v7,92b0f35b2c927674,2026-08-01T06:41:09.951214+00:00,Only eligible listed class for CIK,CYCLICAL_MIDCYCLE,CYCLICAL_MIDCYCLE,True,Peak/current/mid-cycle/trough EBITDA and trough-survival model,True,97.0,,,,
MGY,0001698990,Magnolia Oil & Gas Corp,NYSE,EQUITY,NYQ,Magnolia Oil & Gas Corporation Class A Common Stock,COMMON_OR_EQUIVALENT,HIGH,NASDAQ Trader otherlisted,103.522,Energy,Oil & Gas E&P,6.234,,,,,,,,,,,,,,False,Pass,2026-07-industry-models-v7,92b0f35b2c927674,2026-08-01T06:41:50.533825+00:00,Only eligible listed class for CIK,CYCLICAL_MIDCYCLE,CYCLICAL_MIDCYCLE,True,Peak/current/mid-cycle/trough EBITDA and trough-survival model,True,97.0,,,,
HOMB,0001331520,HOME BANCSHARES INC,NYSE,EQUITY,NYQ,"Home BancShares, Inc. Common Stock",COMMON_OR_EQUIVALENT,HIGH,NASDAQ Trader otherlisted,55.905,Financial Services,Banks - Regional,6.228,,,,,,,,,,,,,,False,Pass,2026-07-industry-models-v7,92b0f35b2c927674,2026-08-01T06:41:12.576552+00:00,Only eligible listed class for CIK,BANK,BANK,True,"Tier 1 capital buffer, ROTCE, deposit funding and credit-loss model",True,91.0,,,,
RUSHA,0001012019,RUSH ENTERPRISES INC TX,NASDAQ,EQUITY,NMS,"Rush Enterprises, Inc. - Class A Common Stock",COMMON_OR_EQUIVALENT,HIGH,NASDAQ Trader nasdaqlisted,41.33,Consumer Cyclical,Auto & Truck Dealerships,6.201,,19.85,,2.362,1.941,淨負債/EBITDA,False,False,False,低於25%但高於同業中位數,True,Yahoo OCF missing; defer to SEC,,False,Pass,2026-07-industry-models-v7,92b0f35b2c927674,2026-08-01T06:41:15.299477+00:00,Only eligible listed class for CIK,,,,,,,,,18.67,False
HWC,0000750577,HANCOCK WHITNEY CORP,NASDAQ,EQUITY,NMS,Hancock Whitney Corporation - Common Stock,COMMON_OR_EQUIVALENT,HIGH,NASDAQ Trader nasdaqlisted,73.244,Financial Services,Banks - Regional,6.196,,,,,,,,,,,,,,False,Pass,2026-07-industry-models-v7,92b0f35b2c927674,2026-08-01T06:41:18.197289+00:00,Only eligible listed class for CIK,BANK,BANK,True,"Tier 1 capital buffer, ROTCE, deposit funding and credit-loss model",True,91.0,,,,
MTDR,0001520006,Matador Resources Co,NYSE,EQUITY,NYQ,Matador Resources Company Common Stock,COMMON_OR_EQUIVALENT,HIGH,NASDAQ Trader otherlisted,91.589,Energy,Oil & Gas E&P,6.195,,,,,,,,,,,,,,False,Pass,2026-07-industry-models-v7,92b0f35b2c927674,2026-08-01T06:41:20.791322+00:00,Only eligible listed class for CIK,CYCLICAL_MIDCYCLE,CYCLICAL_MIDCYCLE,True,Peak/current/mid-cycle/trough EBITDA and trough-survival model,True,97.0,,,,
VCTR,0001570827,"Victory Capital Holdings, Inc.",NASDAQ,EQUITY,NMS,"Victory Capital Holdings, Inc. - Common Stock",COMMON_OR_EQUIVALENT,HIGH,NASDAQ Trader nasdaqlisted,49.491,Financial Services,Asset Management,6.192,,,,,,,,,,,,,,False,Pass,2026-07-industry-models-v7,92b0f35b2c927674,2026-08-01T06:41:23.538619+00:00,Only eligible listed class for CIK,FINANCIAL_SPECIALTY,FINANCIAL_FEE,True,"Fee-financial margin, cash conversion, tangible capital and balance-sheet model",True,97.0,,,,
CAMT,0001109138,CAMTEK LTD,NASDAQ,EQUITY,NGM,Camtek Ltd. - Ordinary Shares,COMMON_OR_EQUIVALENT,HIGH,NASDAQ Trader nasdaqlisted,69.105,Technology,Semiconductor Equipment & Materials,6.18,,50.97,51.85,3.521,0.0,淨負債/EBITDA,False,False,True,絕對毛利率>=25%,True,Yahoo OCF missing; defer to SEC,,False,Pass,2026-07-industry-models-v7,92b0f35b2c927674,2026-08-01T06:41:26.357763+00:00,Only eligible listed class for CIK,,,,,,,,,,
BYD,0000906553,BOYD GAMING CORP,NYSE,EQUITY,NYQ,Boyd Gaming Corporation Common Stock,COMMON_OR_EQUIVALENT,HIGH,NASDAQ Trader otherlisted,87.29,Consumer Cyclical,Resorts & Casinos,6.18,,58.8,71.22,2.556,2.229,淨負債/EBITDA,False,False,False,絕對毛利率>=25%,True,Yahoo OCF missing; defer to SEC,,False,Pass,2026-07-industry-models-v7,92b0f35b2c927674,2026-08-01T06:41:28.909610+00:00,Only eligible listed class for CIK,,,,,,,,,,
MTG,0000876437,MGIC INVESTMENT CORP,NYSE,EQUITY,NYQ,MGIC Investment Corporation Common Stock,COMMON_OR_EQUIVALENT,HIGH,NASDAQ Trader otherlisted,57.704,Financial Services,Insurance - Specialty,6.162,,,,,,,,,,,,,,False,Pass,2026-07-industry-models-v7,92b0f35b2c927674,2026-08-01T06:41:31.773492+00:00,Only eligible listed class for CIK,INSURANCE,INSURANCE_P_AND_C,True,"Dedicated underwriting, claims, capital and reserve-development model",True,97.0,,,,
OTEX,0001002638,OPEN TEXT CORP,NASDAQ,EQUITY,NMS,Open Text Corporation - Common Shares,COMMON_OR_EQUIVALENT,HIGH,NASDAQ Trader nasdaqlisted,60.745,Technology,Software - Application,6.149,0.979,76.49,96.72,4.091,3.288,淨負債/EBITDA,False,True,False,絕對毛利率>=25%,False,,,False,Pass,2026-07-industry-models-v7,92b0f35b2c927674,2026-08-01T06:41:34.410704+00:00,Only eligible listed class for CIK,,,,,,,,,,
ENIC,0001659939,Enel Chile S.A.,NYSE,EQUITY,NYQ,Enel Chile S.A. American Depositary Shares (Each representing 50 shares of Common Stock),COMMON_OR_EQUIVALENT,HIGH,NASDAQ Trader otherlisted,2.617,Utilities,Utilities - Regulated Electric,6.142,,,,,,,,,,,,,,False,Pass,2026-07-industry-models-v7,92b0f35b2c927674,2026-08-01T06:41:37.208216+00:00,Only eligible listed class for CIK,REGULATED_UTILITY,REGULATED_UTILITY,True,"Regulated-asset growth proxy, capex funding, capital structure and coverage model",True,97.0,,,,
CROX,0001334036,"Crocs, Inc.",NASDAQ,EQUITY,NMS,"Crocs, Inc. - Common Stock",COMMON_OR_EQUIVALENT,HIGH,NASDAQ Trader nasdaqlisted,149.948,Consumer Cyclical,Footwear & Accessories,6.137,0.763,57.47,,1.814,1.632,淨負債/EBITDA,False,False,False,絕對毛利率>=25%,False,,,False,Pass,2026-07-industry-models-v7,92b0f35b2c927674,2026-08-01T06:41:39.782679+00:00,Only eligible listed class for CIK,,,,,,,,,,
PAGP,0001581990,PLAINS GP HOLDINGS LP,NASDAQ,EQUITY,NMS,"Plains GP Holdings, L.P. - Class A Shares representing limited partner interests",COMMON_OR_EQUIVALENT,HIGH,NASDAQ Trader nasdaqlisted,40.144,Energy,Oil & Gas Midstream,6.135,,,,,,,,,,,,,,False,Pass,2026-07-industry-models-v7,92b0f35b2c927674,2026-08-01T06:46:59.478594+00:00,Only eligible listed class for CIK,CYCLICAL_MIDCYCLE,CYCLICAL_MIDCYCLE,True,Peak/current/mid-cycle/trough EBITDA and trough-survival model,True,97.0,,,,
MATX,0000003453,"Matson, Inc.",NYSE,EQUITY,NYQ,"Matson, Inc. Common Stock",COMMON_OR_EQUIVALENT,HIGH,NASDAQ Trader otherlisted,57.928,Industrials,Marine Shipping,6.131,,,,,,,,,,,,,,False,Pass,2026-07-industry-models-v7,92b0f35b2c927674,2026-08-01T06:41:42.510134+00:00,Only eligible listed class for CIK,CYCLICAL_MIDCYCLE,CYCLICAL_MIDCYCLE,True,Peak/current/mid-cycle/trough EBITDA and trough-survival model,True,97.0,,,,
FND,0001507079,"Floor & Decor Holdings, Inc.",NYSE,EQUITY,NYQ,"Floor & Decor Holdings, Inc. Common Stock",COMMON_OR_EQUIVALENT,HIGH,NASDAQ Trader otherlisted,166.744,Consumer Cyclical,Home Improvement Retail,6.131,0.505,45.51,,3.686,3.099,淨負債/EBITDA,False,False,False,絕對毛利率>=25%,False,,,False,Pass,2026-07-industry-models-v7,92b0f35b2c927674,2026-08-01T06:41:45.151805+00:00,Only eligible listed class for CIK,,,,,,,,,,
ESNT,0001448893,Essent Group Ltd.,NYSE,EQUITY,NYQ,Essent Group Ltd. Common Shares,COMMON_OR_EQUIVALENT,HIGH,NASDAQ Trader otherlisted,52.074,Financial Services,Insurance - Specialty,6.078,,,,,,,,,,,,,,False,Pass,2026-07-industry-models-v7,92b0f35b2c927674,2026-08-01T06:41:55.826131+00:00,Only eligible listed class for CIK,INSURANCE,INSURANCE_P_AND_C,True,"Dedicated underwriting, claims, capital and reserve-development model",True,97.0,,,,
STWD,0001465128,"STARWOOD PROPERTY TRUST, INC.",NYSE,EQUITY,NYQ,"STARWOOD PROPERTY TRUST, INC. Starwood Property Trust Inc.",COMMON_OR_EQUIVALENT,HIGH,NASDAQ Trader otherlisted,55.181,Real Estate,REIT - Mortgage,6.078,,,,,,,,,,,,,,False,Pass,2026-07-industry-models-v7,92b0f35b2c927674,2026-08-01T06:43:08.414429+00:00,Only eligible listed class for CIK,REIT,REIT_MORTGAGE,True,"Mortgage-REIT book capital, leverage, income and dividend-coverage model",True,94.0,,,,
NXE,0001698535,NexGen Energy Ltd.,NYSE,EQUITY,NYQ,Nexgen Energy Ltd. Common Shares,COMMON_OR_EQUIVALENT,HIGH,NASDAQ Trader otherlisted,53.195,Energy,Uranium,6.056,,,,,,,,,,,,,,False,Pass,2026-07-industry-models-v7,92b0f35b2c927674,2026-08-01T06:42:06.645137+00:00,Only eligible listed class for CIK,CYCLICAL_MIDCYCLE,CYCLICAL_MIDCYCLE,True,Peak/current/mid-cycle/trough EBITDA and trough-survival model,True,77.0,current EBITDA is non-positive; trough-survival deep model required | current operating cash flow is non-positive,,,
MIDD,0000769520,MIDDLEBY Corp,NASDAQ,EQUITY,NMS,The Middleby Corporation - Common Stock,COMMON_OR_EQUIVALENT,HIGH,NASDAQ Trader nasdaqlisted,104.763,Industrials,Specialty Industrial Machinery,6.04,0.555,38.74,,2.707,2.45,淨負債/EBITDA,False,False,False,絕對毛利率>=25%,False,,,False,Pass,2026-07-industry-models-v7,92b0f35b2c927674,2026-08-01T06:42:14.601801+00:00,Only eligible listed class for CIK,,,,,,,,,,
TEO,0000932470,TELECOM ARGENTINA SA,NYSE,EQUITY,NYQ,Telecom Argentina SA,COMMON_OR_EQUIVALENT,HIGH,NASDAQ Trader otherlisted,7.016,Communication Services,Telecom Services,6.03,2788.424,75.73,14.25,2.375,1.944,淨負債/EBITDA,False,False,False,絕對毛利率>=25%,False,,,False,Pass,2026-07-industry-models-v7,92b0f35b2c927674,2026-08-01T06:42:19.926451+00:00,Only eligible listed class for CIK,,,,,,,,,,
AUB,0000883948,Atlantic Union Bankshares Corp,NYSE,EQUITY,NYQ,Atlantic Union Bankshares Corporation Common Stock,COMMON_OR_EQUIVALENT,HIGH,NASDAQ Trader otherlisted,48.463,Financial Services,Banks - Regional,6.022,,,,,,,,,,,,,,False,Pass,2026-07-industry-models-v7,92b0f35b2c927674,2026-08-01T06:42:22.535215+00:00,Only eligible listed class for CIK,BANK,BANK,True,"Tier 1 capital buffer, ROTCE, deposit funding and credit-loss model",True,91.0,,,,
MBGL,0002090312,Mobility Global Inc.,NYSE,EQUITY,NYQ,Mobility Global Inc. Common Stock,COMMON_OR_EQUIVALENT,HIGH,NASDAQ Trader otherlisted,233.922,Technology,Software - Infrastructure,6.014,0.472,70.59,0.24,0.355,0.183,淨負債/EBITDA,False,False,False,絕對毛利率>=25%,False,,,False,Pass,2026-07-industry-models-v7,92b0f35b2c927674,2026-08-01T06:42:27.790211+00:00,Only eligible listed class for CIK,,,,,,,,,,
IBP,0001580905,"Installed Building Products, Inc.",NYSE,EQUITY,NYQ,"Installed Building Products, Inc. Common Stock",COMMON_OR_EQUIVALENT,HIGH,NASDAQ Trader otherlisted,110.788,Consumer Cyclical,Residential Construction,6.006,0.382,33.87,98.43,2.43,1.454,淨負債/EBITDA,False,False,False,絕對毛利率>=25%,False,,,False,Pass,2026-07-industry-models-v7,92b0f35b2c927674,2026-08-01T06:42:30.546119+00:00,Only eligible listed class for CIK,,,,,,,,,,
PECO,0001476204,"Phillips Edison & Company, Inc.",NASDAQ,EQUITY,NMS,"Phillips Edison & Company, Inc. - Common Stock",COMMON_OR_EQUIVALENT,HIGH,NASDAQ Trader nasdaqlisted,43.579,Real Estate,REIT - Retail,5.998,,,,,,,,,,,,,,False,Pass,2026-07-industry-models-v7,92b0f35b2c927674,2026-08-01T06:45:35.975400+00:00,Only eligible listed class for CIK,REIT,REIT_EQUITY,True,"Nareit FFO/EBITDAre proxy, AFFO coverage, leverage and lease-growth model",True,87.0,Yahoo FFO unavailable; rebuild Nareit FFO proxy from SEC facts,,,
MWH,0002065636,"SOLV Energy, Inc.",NASDAQ,EQUITY,NMS,"SOLV Energy, Inc. - Class A common stock",COMMON_OR_EQUIVALENT,HIGH,NASDAQ Trader nasdaqlisted,59.064,Utilities,Utilities - Renewable,5.993,0.326,19.0,94.03,0.278,0.0,淨負債/EBITDA,False,False,True,低於同業中位數，交由 SEC 深篩,False,,,False,Pass,2026-07-industry-models-v7,92b0f35b2c927674,2026-08-01T06:42:41.474444+00:00,Only eligible listed class for CIK,,,,,,,,,46.97,True
PSMT,0001041803,PRICESMART INC,NASDAQ,EQUITY,NMS,"PriceSmart, Inc. - Common Stock",COMMON_OR_EQUIVALENT,HIGH,NASDAQ Trader nasdaqlisted,55.371,Consumer Defensive,Discount Stores,5.984,0.274,17.64,97.69,0.936,0.033,淨負債/EBITDA,False,False,False,低於同業中位數，交由 SEC 深篩,False,,,False,Pass,2026-07-industry-models-v7,92b0f35b2c927674,2026-08-01T06:42:44.258066+00:00,Only eligible listed class for CIK,,,,,,,,,24.98,True
G,0001398659,Genpact LTD,NYSE,EQUITY,NYQ,Genpact Limited Common Stock,COMMON_OR_EQUIVALENT,HIGH,NASDAQ Trader otherlisted,97.72,Technology,Information Technology Services,5.962,0.749,36.3,,2.033,0.957,淨負債/EBITDA,False,False,False,絕對毛利率>=25%,False,,,False,Pass,2026-07-industry-models-v7,92b0f35b2c927674,2026-08-01T06:42:47.087124+00:00,Only eligible listed class for CIK,,,,,,,,,,
CACC,0000885550,CREDIT ACCEPTANCE CORP,NASDAQ,EQUITY,NMS,Credit Acceptance Corporation - Common Stock,COMMON_OR_EQUIVALENT,HIGH,NASDAQ Trader nasdaqlisted,95.314,Financial Services,Credit Services,5.951,,,,,,,,,,,,,,False,Pass,2026-07-industry-models-v7,92b0f35b2c927674,2026-08-01T06:42:49.802419+00:00,Only eligible listed class for CIK,FINANCIAL_SPECIALTY,FINANCIAL_FEE,True,"Fee-financial margin, cash conversion, tangible capital and balance-sheet model",True,94.0,,,,
KRG,0001286043,KITE REALTY GROUP TRUST,NYSE,EQUITY,NYQ,Kite Realty Group Trust Common Stock,COMMON_OR_EQUIVALENT,HIGH,NASDAQ Trader otherlisted,67.162,Real Estate,REIT - Retail,5.951,,,,,,,,,,,,,,False,Pass,2026-07-industry-models-v7,92b0f35b2c927674,2026-08-01T06:43:56.704354+00:00,Only eligible listed class for CIK,REIT,REIT_EQUITY,True,"Nareit FFO/EBITDAre proxy, AFFO coverage, leverage and lease-growth model",True,87.0,Yahoo FFO unavailable; rebuild Nareit FFO proxy from SEC facts,,,
TFPM,0001829726,Triple Flag Precious Metals Corp.,NYSE,EQUITY,NYQ,Triple Flag Precious Metals Corp. Common Shares,COMMON_OR_EQUIVALENT,HIGH,NASDAQ Trader otherlisted,18.597,Basic Materials,Other Precious Metals & Mining,5.944,,,,,,,,,,,,,,False,Pass,2026-07-industry-models-v7,92b0f35b2c927674,2026-08-01T06:42:52.380382+00:00,Only eligible listed class for CIK,CYCLICAL_MIDCYCLE,CYCLICAL_MIDCYCLE,True,Peak/current/mid-cycle/trough EBITDA and trough-survival model,True,97.0,,,,
MCY,0000064996,MERCURY GENERAL CORP,NYSE,EQUITY,NYQ,Mercury General Corporation Common Stock,COMMON_OR_EQUIVALENT,HIGH,NASDAQ Trader otherlisted,30.372,Financial Services,Insurance - Property & Casualty,5.933,,,,,,,,,,,,,,False,Pass,2026-07-industry-models-v7,92b0f35b2c927674,2026-08-01T06:42:55.174868+00:00,Only eligible listed class for CIK,INSURANCE,INSURANCE_P_AND_C,True,"Dedicated underwriting, claims, capital and reserve-development model",True,97.0,,,,
LSTR,0000853816,LANDSTAR SYSTEM INC,NASDAQ,EQUITY,NMS,"Landstar System, Inc. - Common Stock",COMMON_OR_EQUIVALENT,HIGH,NASDAQ Trader nasdaqlisted,89.495,Industrials,Integrated Freight & Logistics,5.931,0.19,19.03,,0.568,0.0,淨負債/EBITDA,False,False,True,低於25%但高於同業中位數,False,,,False,Pass,2026-07-industry-models-v7,92b0f35b2c927674,2026-08-01T06:42:57.821060+00:00,Only eligible listed class for CIK,,,,,,,,,19.03,False
FLG,0000910073,"FLAGSTAR BANK, NATIONAL ASSOCIATION",NYSE,EQUITY,NYQ,"Flagstar Bank, N.A. Common Stock",COMMON_OR_EQUIVALENT,HIGH,NASDAQ Trader otherlisted,67.242,Financial Services,Banks - Regional,5.93,,,,,,,,,,,,,,False,Pass,2026-07-industry-models-v7,92b0f35b2c927674,2026-08-01T06:43:00.407764+00:00,Only eligible listed class for CIK,BANK,BANK,True,"Tier 1 capital buffer, ROTCE, deposit funding and credit-loss model",True,91.0,,,,
GOLF,0001672013,Acushnet Holdings Corp.,NYSE,EQUITY,NYQ,Acushnet Holdings Corp. Common Stock,COMMON_OR_EQUIVALENT,HIGH,NASDAQ Trader otherlisted,35.86,Consumer Cyclical,Leisure,5.93,0.171,47.52,57.42,3.403,3.268,淨負債/EBITDA,False,False,False,絕對毛利率>=25%,False,,,False,Pass,2026-07-industry-models-v7,92b0f35b2c927674,2026-08-01T06:43:03.250205+00:00,Only eligible listed class for CIK,,,,,,,,,,
KGS,0001767042,"Kodiak Gas Services, Inc.",NYSE,EQUITY,NYQ,"Kodiak Gas Services, Inc. Common Stock",COMMON_OR_EQUIVALENT,HIGH,NASDAQ Trader otherlisted,119.968,Energy,Oil & Gas Equipment & Services,5.925,,,,,,,,,,,,,,False,Pass,2026-07-industry-models-v7,92b0f35b2c927674,2026-08-01T06:43:05.843140+00:00,Only eligible listed class for CIK,CYCLICAL_MIDCYCLE,CYCLICAL_MIDCYCLE,True,Peak/current/mid-cycle/trough EBITDA and trough-survival model,True,97.0,,,,
DOX,0001062579,AMDOCS LTD,NASDAQ,EQUITY,NMS,Amdocs Limited - Ordinary Shares,COMMON_OR_EQUIVALENT,HIGH,NASDAQ Trader nasdaqlisted,77.842,Technology,Software - Infrastructure,5.915,0.793,37.79,,1.042,0.833,淨負債/EBITDA,False,False,False,絕對毛利率>=25%,False,,,False,Pass,2026-07-industry-models-v7,92b0f35b2c927674,2026-08-01T06:43:11.057390+00:00,Only eligible listed class for CIK,,,,,,,,,,
RIG,0001451505,Transocean Ltd.,NYSE,EQUITY,NYQ,Transocean Ltd (Switzerland) Common Stock,COMMON_OR_EQUIVALENT,HIGH,NASDAQ Trader otherlisted,197.177,Energy,Oil & Gas Drilling,5.888,,,,,,,,,,,,,,False,Pass,2026-07-industry-models-v7,92b0f35b2c927674,2026-08-01T06:43:13.629516+00:00,Only eligible listed class for CIK,CYCLICAL_MIDCYCLE,CYCLICAL_MIDCYCLE,True,Peak/current/mid-cycle/trough EBITDA and trough-survival model,True,97.0,,,,
FBIN,0001519751,"Fortune Brands Innovations, Inc.",NYSE,EQUITY,NYQ,"Fortune Brands Innovations, Inc. Common Stock",COMMON_OR_EQUIVALENT,HIGH,NASDAQ Trader otherlisted,134.046,Industrials,Building Products & Equipment,5.876,0.443,44.91,,3.652,3.377,淨負債/EBITDA,False,False,False,絕對毛利率>=25%,False,,,False,Pass,2026-07-industry-models-v7,92b0f35b2c927674,2026-08-01T06:43:16.341529+00:00,Only eligible listed class for CIK,,,,,,,,,,
BMA,0001347426,Macro Bank Inc.,NYSE,EQUITY,NYQ,Banco Macro S.A.  ADR (representing Ten Class B Common Shares),COMMON_OR_EQUIVALENT,HIGH,NASDAQ Trader otherlisted,25.907,Financial Services,Banks - Regional,5.876,,,,,,,,,,,,,,False,Pass,2026-07-industry-models-v7,92b0f35b2c927674,2026-08-01T06:43:18.885372+00:00,Only eligible listed class for CIK,BANK,BANK,True,"Tier 1 capital buffer, ROTCE, deposit funding and credit-loss model",True,91.0,,,,
CHDN,0000020212,Churchill Downs Inc,NASDAQ,EQUITY,NMS,"Churchill Downs, Incorporated - Common Stock",COMMON_OR_EQUIVALENT,HIGH,NASDAQ Trader nasdaqlisted,84.263,Consumer Cyclical,Gambling,5.876,0.795,34.18,85.11,4.903,4.705,淨負債/EBITDA,True,True,False,絕對毛利率>=25%,False,,,False,Pass,2026-07-industry-models-v7,92b0f35b2c927674,2026-08-01T06:43:21.870353+00:00,Only eligible listed class for CIK,,,,,,,,,,
ABCB,0000351569,Ameris Bancorp,NYSE,EQUITY,NYQ,Ameris Bancorp Common Stock,COMMON_OR_EQUIVALENT,HIGH,NASDAQ Trader otherlisted,44.12,Financial Services,Banks - Regional,5.852,,,,,,,,,,,,,,False,Pass,2026-07-industry-models-v7,92b0f35b2c927674,2026-08-01T06:43:24.284873+00:00,Only eligible listed class for CIK,BANK,BANK,True,"Tier 1 capital buffer, ROTCE, deposit funding and credit-loss model",True,91.0,,,,
AMRX,0001723128,"Amneal Pharmaceuticals, Inc.",NASDAQ,EQUITY,NMS,"Amneal Pharmaceuticals, Inc. - Class A Common Stock",COMMON_OR_EQUIVALENT,HIGH,NASDAQ Trader nasdaqlisted,35.453,Healthcare,Drug Manufacturers - Specialty & Generic,5.85,0.201,39.81,52.52,4.018,3.834,淨負債/EBITDA,False,True,False,絕對毛利率>=25%,False,,,False,Pass,2026-07-industry-models-v7,92b0f35b2c927674,2026-08-01T06:43:26.856984+00:00,Only eligible listed class for CIK,,,,,,,,,,
ROAD,0001718227,"Construction Partners, Inc.",NASDAQ,EQUITY,NMS,"Construction Partners, Inc. - Common Stock",COMMON_OR_EQUIVALENT,HIGH,NASDAQ Trader nasdaqlisted,90.008,Industrials,Engineering & Construction,5.843,0.343,15.7,,3.857,3.696,淨負債/EBITDA,False,False,False,低於同業中位數，交由 SEC 深篩,False,,,False,Pass,2026-07-industry-models-v7,92b0f35b2c927674,2026-08-01T06:43:32.314815+00:00,Only eligible listed class for CIK,,,,,,,,,20.6,True
NJR,0000356309,NEW JERSEY RESOURCES CORP,NYSE,EQUITY,NYQ,NewJersey Resources Corporation Common Stock,COMMON_OR_EQUIVALENT,HIGH,NASDAQ Trader otherlisted,37.986,Utilities,Utilities - Regulated Gas,5.842,,,,,,,,,,,,,,False,Pass,2026-07-industry-models-v7,92b0f35b2c927674,2026-08-01T06:43:35.079617+00:00,Only eligible listed class for CIK,REGULATED_UTILITY,REGULATED_UTILITY,True,"Regulated-asset growth proxy, capex funding, capital structure and coverage model",True,97.0,,,,
GTX,0001735707,Garrett Motion Inc.,NASDAQ,EQUITY,NMS,Garrett Motion Inc. - Common Stock,COMMON_OR_EQUIVALENT,HIGH,NASDAQ Trader nasdaqlisted,90.92,Consumer Cyclical,Auto Parts,5.831,,,,,,,,,,,,,,False,Pass,2026-07-industry-models-v7,92b0f35b2c927674,2026-08-01T06:43:37.921564+00:00,Only eligible listed class for CIK,CYCLICAL_MIDCYCLE,CYCLICAL_MIDCYCLE,True,Peak/current/mid-cycle/trough EBITDA and trough-survival model,True,94.0,,,,
MRCY,0001049521,MERCURY SYSTEMS INC,NASDAQ,EQUITY,NMS,Mercury Systems Inc - Common Stock,COMMON_OR_EQUIVALENT,HIGH,NASDAQ Trader nasdaqlisted,68.019,Industrials,Aerospace & Defense,5.83,0.098,28.68,,6.853,3.389,淨負債/EBITDA,False,True,False,絕對毛利率>=25%,False,,,False,Pass,2026-07-industry-models-v7,92b0f35b2c927674,2026-08-01T06:43:40.612037+00:00,Only eligible listed class for CIK,,,,,,,,,,
ACIW,0000935036,"ACI WORLDWIDE, INC.",NASDAQ,EQUITY,NMS,"ACI Worldwide, Inc. - Common Stock",COMMON_OR_EQUIVALENT,HIGH,NASDAQ Trader nasdaqlisted,53.757,Technology,Software - Infrastructure,5.828,0.309,49.04,,2.265,1.837,淨負債/EBITDA,False,False,False,絕對毛利率>=25%,False,,,False,Pass,2026-07-industry-models-v7,92b0f35b2c927674,2026-08-01T06:43:45.931327+00:00,Only eligible listed class for CIK,,,,,,,,,,
ASB,0000007789,ASSOCIATED BANC-CORP,NYSE,EQUITY,NYQ,Associated Banc-Corp Common Stock,COMMON_OR_EQUIVALENT,HIGH,NASDAQ Trader otherlisted,62.688,Financial Services,Banks - Regional,5.828,,,,,,,,,,,,,,False,Pass,2026-07-industry-models-v7,92b0f35b2c927674,2026-08-01T06:43:48.513754+00:00,Only eligible listed class for CIK,BANK,BANK,True,"Tier 1 capital buffer, ROTCE, deposit funding and credit-loss model",True,91.0,,,,
POR,0000784977,PORTLAND GENERAL ELECTRIC CO /OR/,NYSE,EQUITY,NYQ,Portland General Electric Co Common Stock,COMMON_OR_EQUIVALENT,HIGH,NASDAQ Trader otherlisted,61.48,Utilities,Utilities - Regulated Electric,5.802,,,,,,,,,,,,,,False,Pass,2026-07-industry-models-v7,92b0f35b2c927674,2026-08-01T06:44:26.195848+00:00,Only eligible listed class for CIK,REGULATED_UTILITY,REGULATED_UTILITY,True,"Regulated-asset growth proxy, capex funding, capital structure and coverage model",True,97.0,,,,
NICE,0001003935,NICE Ltd.,NASDAQ,EQUITY,NMS,NICE Ltd - American Depositary Shares each representing one Ordinary Share,COMMON_OR_EQUIVALENT,HIGH,NASDAQ Trader nasdaqlisted,72.212,Technology,Software - Application,5.774,0.611,65.79,59.29,0.101,0.0,淨負債/EBITDA,False,False,True,絕對毛利率>=25%,False,,,False,Pass,2026-07-industry-models-v7,92b0f35b2c927674,2026-08-01T06:44:04.589748+00:00,Only eligible listed class for CIK,,,,,,,,,,
AX,0001299709,"Axos Financial, Inc.",NYSE,EQUITY,NYQ,"Axos Financial, Inc. Common Stock",COMMON_OR_EQUIVALENT,HIGH,NASDAQ Trader otherlisted,42.472,Financial Services,Banks - Regional,5.769,,,,,,,,,,,,,,False,Pass,2026-07-industry-models-v7,92b0f35b2c927674,2026-08-01T06:44:09.975990+00:00,Only eligible listed class for CIK,BANK,BANK,True,"Tier 1 capital buffer, ROTCE, deposit funding and credit-loss model",True,94.0,,,,
LGND,0000886163,LIGAND PHARMACEUTICALS INC,NASDAQ,EQUITY,NGM,Ligand Pharmaceuticals Incorporated - Common Stock,COMMON_OR_EQUIVALENT,HIGH,NASDAQ Trader nasdaqlisted,101.501,Healthcare,Biotechnology,5.763,0.123,83.16,,3.362,0.0,淨負債/EBITDA,False,False,True,絕對毛利率>=25%,False,,,False,Pass,2026-07-industry-models-v7,92b0f35b2c927674,2026-08-01T06:44:12.734657+00:00,Only eligible listed class for CIK,,,,,,,,,,
CPA,0001345105,"Copa Holdings, S.A.",NYSE,EQUITY,NYQ,"Copa Holdings, S.A. Class A Common Stock",COMMON_OR_EQUIVALENT,HIGH,NASDAQ Trader otherlisted,50.597,Industrials,Airlines,5.762,,,,,,,,,,,,,,False,Pass,2026-07-industry-models-v7,92b0f35b2c927674,2026-08-01T06:44:15.409679+00:00,Only eligible listed class for CIK,CYCLICAL_MIDCYCLE,CYCLICAL_MIDCYCLE,True,Peak/current/mid-cycle/trough EBITDA and trough-survival model,True,97.0,,,,
KNSA,0001730430,"Kiniksa Pharmaceuticals International, plc",NASDAQ,EQUITY,NMS,"Kiniksa Pharmaceuticals International, plc - Class A Ordinary Shares",COMMON_OR_EQUIVALENT,HIGH,NASDAQ Trader nasdaqlisted,57.672,Healthcare,Drug Manufacturers - Specialty & Generic,5.72,0.185,54.5,98.81,0.087,0.0,淨負債/EBITDA,False,False,True,絕對毛利率>=25%,False,,,False,Pass,2026-07-industry-models-v7,92b0f35b2c927674,2026-08-01T06:44:18.163291+00:00,Only eligible listed class for CIK,,,,,,,,,,
MKTX,0001278021,MARKETAXESS HOLDINGS INC,NASDAQ,EQUITY,NMS,"MarketAxess Holdings, Inc. - Common Stock",COMMON_OR_EQUIVALENT,HIGH,NASDAQ Trader nasdaqlisted,143.504,Financial Services,Capital Markets,5.712,,,,,,,,,,,,,,False,Pass,2026-07-industry-models-v7,92b0f35b2c927674,2026-08-01T06:44:23.635401+00:00,Only eligible listed class for CIK,FINANCIAL_SPECIALTY,FINANCIAL_FEE,True,"Fee-financial margin, cash conversion, tangible capital and balance-sheet model",True,94.0,,,,
CWST,0000911177,CASELLA WASTE SYSTEMS INC,NASDAQ,EQUITY,NMS,"Casella Waste Systems, Inc. - Class A Common Stock",COMMON_OR_EQUIVALENT,HIGH,NASDAQ Trader nasdaqlisted,64.747,Industrials,Waste Management,5.706,0.342,33.67,,3.058,2.741,淨負債/EBITDA,False,False,False,絕對毛利率>=25%,False,,,False,Pass,2026-07-industry-models-v7,92b0f35b2c927674,2026-08-01T06:44:29.023128+00:00,Only eligible listed class for CIK,,,,,,,,,,
MUR,0000717423,MURPHY OIL CORP,NYSE,EQUITY,NYQ,Murphy Oil Corporation Common Stock,COMMON_OR_EQUIVALENT,HIGH,NASDAQ Trader otherlisted,70.943,Energy,Oil & Gas E&P,5.697,,,,,,,,,,,,,,False,Pass,2026-07-industry-models-v7,92b0f35b2c927674,2026-08-01T06:44:34.542309+00:00,Only eligible listed class for CIK,CYCLICAL_MIDCYCLE,CYCLICAL_MIDCYCLE,True,Peak/current/mid-cycle/trough EBITDA and trough-survival model,True,97.0,,,,
LKQ,0001065696,LKQ CORP,NASDAQ,EQUITY,NMS,LKQ Corporation - Common Stock,COMMON_OR_EQUIVALENT,HIGH,NASDAQ Trader nasdaqlisted,71.015,Consumer Cyclical,Auto Parts,5.68,,,,,,,,,,,,,,False,Pass,2026-07-industry-models-v7,92b0f35b2c927674,2026-08-01T06:44:37.313841+00:00,Only eligible listed class for CIK,CYCLICAL_MIDCYCLE,CYCLICAL_MIDCYCLE,True,Peak/current/mid-cycle/trough EBITDA and trough-survival model,True,97.0,,,,
PTCT,0001070081,"PTC THERAPEUTICS, INC.",NASDAQ,EQUITY,NMS,"PTC Therapeutics, Inc. - Common Stock",COMMON_OR_EQUIVALENT,HIGH,NASDAQ Trader nasdaqlisted,124.526,Healthcare,Biotechnology,5.676,,47.86,,16.976,3.983,淨負債/EBITDA,False,True,False,絕對毛利率>=25%,True,Yahoo OCF missing; defer to SEC,,False,Pass,2026-07-industry-models-v7,92b0f35b2c927674,2026-08-01T06:44:47.711856+00:00,Only eligible listed class for CIK,,,,,,,,,,
ACI,0001646972,"Albertsons Companies, Inc.",NYSE,EQUITY,NYQ,"Albertsons Companies, Inc. Class A Common Stock",COMMON_OR_EQUIVALENT,HIGH,NASDAQ Trader otherlisted,95.323,Consumer Defensive,Grocery Stores,5.672,2.341,27.04,99.57,4.488,4.4,淨負債/EBITDA,True,True,False,絕對毛利率>=25%,False,,,False,Pass,2026-07-industry-models-v7,92b0f35b2c927674,2026-08-01T06:44:39.919770+00:00,Only eligible listed class for CIK,,,,,,,,,,
SIGI,0000230557,SELECTIVE INSURANCE GROUP INC,NASDAQ,EQUITY,NMS,"Selective Insurance Group, Inc. - Common Stock",COMMON_OR_EQUIVALENT,HIGH,NASDAQ Trader nasdaqlisted,55.173,Financial Services,Insurance - Property & Casualty,5.649,,,,,,,,,,,,,,False,Pass,2026-07-industry-models-v7,92b0f35b2c927674,2026-08-01T06:44:45.171381+00:00,Only eligible listed class for CIK,INSURANCE,INSURANCE_P_AND_C,True,"Dedicated underwriting, claims, capital and reserve-development model",True,97.0,,,,
VFC,0000103379,V F CORP,NYSE,EQUITY,NYQ,V.F. Corporation Common Stock,COMMON_OR_EQUIVALENT,HIGH,NASDAQ Trader otherlisted,114.671,Consumer Cyclical,Apparel Manufacturing,5.63,1.513,50.8,91.53,2.509,2.17,淨負債/EBITDA,False,False,False,絕對毛利率>=25%,False,,,False,Pass,2026-07-industry-models-v7,92b0f35b2c927674,2026-08-01T06:44:50.352580+00:00,Only eligible listed class for CIK,,,,,,,,,,
RLI,0000084246,RLI CORP,NYSE,EQUITY,NYQ,RLI Corp. Common Stock (DE),COMMON_OR_EQUIVALENT,HIGH,NASDAQ Trader otherlisted,61.275,Financial Services,Insurance - Property & Casualty,5.62,,,,,,,,,,,,,,False,Pass,2026-07-industry-models-v7,92b0f35b2c927674,2026-08-01T06:44:52.896754+00:00,Only eligible listed class for CIK,INSURANCE,INSURANCE_P_AND_C,True,"Dedicated underwriting, claims, capital and reserve-development model",True,97.0,,,,
OUT,0001579877,OUTFRONT Media Inc.,NYSE,EQUITY,NYQ,OUTFRONT Media Inc. Common Stock,COMMON_OR_EQUIVALENT,HIGH,NASDAQ Trader otherlisted,57.551,Real Estate,REIT - Specialty,5.611,,,,,,,,,,,,,,False,Pass,2026-07-industry-models-v7,92b0f35b2c927674,2026-08-01T06:44:55.592663+00:00,Only eligible listed class for CIK,REIT,REIT_EQUITY,True,"Nareit FFO/EBITDAre proxy, AFFO coverage, leverage and lease-growth model",True,87.0,Yahoo FFO unavailable; rebuild Nareit FFO proxy from SEC facts,,,
OZK,0001569650,Bank OZK,NASDAQ,EQUITY,NMS,Bank OZK - Common Stock,COMMON_OR_EQUIVALENT,HIGH,NASDAQ Trader nasdaqlisted,59.788,Financial Services,Banks - Regional,5.6,,,,,,,,,,,,,,False,Pass,2026-07-industry-models-v7,92b0f35b2c927674,2026-08-01T06:45:00.843930+00:00,Only eligible listed class for CIK,BANK,BANK,True,"Tier 1 capital buffer, ROTCE, deposit funding and credit-loss model",True,91.0,,,,
AIR,0000001750,AAR CORP,NYSE,EQUITY,NYQ,AAR Corp. Common Stock,COMMON_OR_EQUIVALENT,HIGH,NASDAQ Trader otherlisted,63.27,Industrials,Aerospace & Defense,5.587,0.099,18.8,,2.948,2.703,淨負債/EBITDA,False,False,False,低於同業中位數，交由 SEC 深篩,False,,,False,Pass,2026-07-industry-models-v7,92b0f35b2c927674,2026-08-01T06:45:03.670229+00:00,Only eligible listed class for CIK,,,,,,,,,27.27,True
ADT,0001703056,ADT Inc.,NYSE,EQUITY,NYQ,ADT Inc. Common Stock,COMMON_OR_EQUIVALENT,HIGH,NASDAQ Trader otherlisted,82.856,Industrials,Security & Protection Services,5.581,2.157,80.68,,2.851,2.85,淨負債/EBITDA,False,False,False,絕對毛利率>=25%,False,,,False,Pass,2026-07-industry-models-v7,92b0f35b2c927674,2026-08-01T06:44:58.165599+00:00,Only eligible listed class for CIK,,,,,,,,,,
HRB,0000012659,H&R BLOCK INC,NYSE,EQUITY,NYQ,"H&R Block, Inc. Common Stock",COMMON_OR_EQUIVALENT,HIGH,NASDAQ Trader otherlisted,104.302,Consumer Cyclical,Personal Services,5.581,0.838,44.3,,1.982,1.134,淨負債/EBITDA,False,False,False,絕對毛利率>=25%,False,,,False,Pass,2026-07-industry-models-v7,92b0f35b2c927674,2026-08-01T06:45:06.313108+00:00,Only eligible listed class for CIK,,,,,,,,,,
OR,0001627272,OR Royalties Inc.,NYSE,EQUITY,NYQ,OR Royalties Inc. Common Shares,COMMON_OR_EQUIVALENT,HIGH,NASDAQ Trader otherlisted,28.964,Basic Materials,Gold,5.58,,,,,,,,,,,,,,False,Pass,2026-07-industry-models-v7,92b0f35b2c927674,2026-08-01T06:45:08.940517+00:00,Only eligible listed class for CIK,CYCLICAL_MIDCYCLE,CYCLICAL_MIDCYCLE,True,Peak/current/mid-cycle/trough EBITDA and trough-survival model,True,97.0,,,,
SON,0000091767,SONOCO PRODUCTS CO,NYSE,EQUITY,NYQ,Sonoco Products Company Common Stock,COMMON_OR_EQUIVALENT,HIGH,NASDAQ Trader otherlisted,71.563,Consumer Cyclical,Packaging & Containers,5.572,0.637,20.79,92.22,3.813,3.679,淨負債/EBITDA,False,False,False,低於同業中位數，交由 SEC 深篩,False,,,False,Pass,2026-07-industry-models-v7,92b0f35b2c927674,2026-08-01T06:45:11.624460+00:00,Only eligible listed class for CIK,,,,,,,,,20.84,True
WH,0001722684,"WYNDHAM HOTELS & RESORTS, INC.",NYSE,EQUITY,NYQ,"Wyndham Hotels & Resorts, Inc. Common Stock",COMMON_OR_EQUIVALENT,HIGH,NASDAQ Trader otherlisted,101.291,Consumer Cyclical,Lodging,5.555,0.371,62.83,,4.751,4.629,淨負債/EBITDA,True,True,False,絕對毛利率>=25%,False,,,False,Pass,2026-07-industry-models-v7,92b0f35b2c927674,2026-08-01T06:45:19.869403+00:00,Only eligible listed class for CIK,,,,,,,,,,
RITM,0001556593,Rithm Capital Corp.,NYSE,EQUITY,NYQ,Rithm Capital Corp. Common Stock,COMMON_OR_EQUIVALENT,HIGH,NASDAQ Trader otherlisted,54.356,Real Estate,REIT - Mortgage,5.517,,,,,,,,,,,,,,False,Pass,2026-07-industry-models-v7,92b0f35b2c927674,2026-08-01T06:45:22.689241+00:00,Only eligible listed class for CIK,REIT,REIT_MORTGAGE,True,"Mortgage-REIT book capital, leverage, income and dividend-coverage model",True,91.0,,,,
EPAM,0001352010,"EPAM Systems, Inc.",NYSE,EQUITY,NYQ,"EPAM Systems, Inc. Common Stock",COMMON_OR_EQUIVALENT,HIGH,NASDAQ Trader otherlisted,209.676,Technology,Information Technology Services,5.515,0.594,29.05,,0.394,0.0,淨負債/EBITDA,False,False,True,絕對毛利率>=25%,False,,,False,Pass,2026-07-industry-models-v7,92b0f35b2c927674,2026-08-01T06:45:25.325196+00:00,Only eligible listed class for CIK,,,,,,,,,,
DLB,0001308547,"Dolby Laboratories, Inc.",NYSE,EQUITY,NYQ,Dolby Laboratories Common Stock,COMMON_OR_EQUIVALENT,HIGH,NASDAQ Trader otherlisted,55.833,Industrials,Specialty Business Services,5.509,0.438,87.61,,0.134,0.0,淨負債/EBITDA,False,False,True,絕對毛利率>=25%,False,,,False,Pass,2026-07-industry-models-v7,92b0f35b2c927674,2026-08-01T06:45:17.108850+00:00,Only eligible listed class for CIK,,,,,,,,,,
FIGR,0002064124,"Figure Technology Solutions, Inc.",NASDAQ,EQUITY,NMS,"Figure Technology Solutions, Inc. - Class A Common Stock",COMMON_OR_EQUIVALENT,HIGH,NASDAQ Trader nasdaqlisted,94.218,Financial Services,Capital Markets,5.508,,,,,,,,,,,,,,False,Pass,2026-07-industry-models-v7,92b0f35b2c927674,2026-08-01T06:45:27.984592+00:00,Only eligible listed class for CIK,FINANCIAL_SPECIALTY,FINANCIAL_FEE,True,"Fee-financial margin, cash conversion, tangible capital and balance-sheet model",True,94.0,,,,
VAL,0000314808,Valaris Ltd,NYSE,EQUITY,NYQ,Valaris Limited Common Shares,COMMON_OR_EQUIVALENT,HIGH,NASDAQ Trader otherlisted,73.877,Energy,Oil & Gas Drilling,5.484,,,,,,,,,,,,,,False,Pass,2026-07-industry-models-v7,92b0f35b2c927674,2026-08-01T06:45:30.699531+00:00,Only eligible listed class for CIK,CYCLICAL_MIDCYCLE,CYCLICAL_MIDCYCLE,True,Peak/current/mid-cycle/trough EBITDA and trough-survival model,True,97.0,,,,
VSEC,0000102752,VSE CORP,NASDAQ,EQUITY,NMS,VSE Corporation - Common Stock,COMMON_OR_EQUIVALENT,HIGH,NASDAQ Trader nasdaqlisted,93.37,Industrials,Aerospace & Defense,5.454,0.011,14.67,,2.238,0.0,淨負債/EBITDA,False,False,True,低於同業中位數，交由 SEC 深篩,False,,,False,Pass,2026-07-industry-models-v7,92b0f35b2c927674,2026-08-01T06:45:38.592982+00:00,Only eligible listed class for CIK,,,,,,,,,27.27,True
BGC,0001094831,"BGC Group, Inc.",NASDAQ,EQUITY,NMS,"BGC Group, Inc. - Class A Common Stock",COMMON_OR_EQUIVALENT,HIGH,NASDAQ Trader nasdaqlisted,37.831,Financial Services,Capital Markets,5.445,,,,,,,,,,,,,,False,Pass,2026-07-industry-models-v7,92b0f35b2c927674,2026-08-01T06:45:41.199005+00:00,Only eligible listed class for CIK,FINANCIAL_SPECIALTY,FINANCIAL_FEE,True,"Fee-financial margin, cash conversion, tangible capital and balance-sheet model",True,94.0,,,,
AMTM,0002011286,"Amentum Holdings, Inc.",NYSE,EQUITY,NYQ,"Amentum Holdings, Inc. Common Stock",COMMON_OR_EQUIVALENT,HIGH,NASDAQ Trader otherlisted,45.72,Industrials,Specialty Business Services,5.424,0.465,10.49,,3.935,3.506,淨負債/EBITDA,False,False,False,低於同業中位數，交由 SEC 深篩,False,,,False,Pass,2026-07-industry-models-v7,92b0f35b2c927674,2026-08-01T06:45:43.755830+00:00,Only eligible listed class for CIK,,,,,,,,,46.97,True
BKH,0001130464,BLACK HILLS CORP /SD/,NYSE,EQUITY,NYQ,Black Hills Corporation Common Stock,COMMON_OR_EQUIVALENT,HIGH,NASDAQ Trader otherlisted,66.178,Utilities,Utilities - Regulated Gas,5.421,,,,,,,,,,,,,,False,Pass,2026-07-industry-models-v7,92b0f35b2c927674,2026-08-01T06:45:49.303628+00:00,Only eligible listed class for CIK,REGULATED_UTILITY,REGULATED_UTILITY,True,"Regulated-asset growth proxy, capex funding, capital structure and coverage model",True,97.0,,,,
STVN,0001849853,Stevanato Group S.p.A.,NYSE,EQUITY,NYQ,Stevanato Group S.p.A. Ordinary Shares,COMMON_OR_EQUIVALENT,HIGH,NASDAQ Trader otherlisted,7.264,Healthcare,Medical Instruments & Supplies,5.419,0.262,29.22,96.13,1.561,1.172,淨負債/EBITDA,False,False,False,絕對毛利率>=25%,False,,,False,Pass,2026-07-industry-models-v7,92b0f35b2c927674,2026-08-01T06:45:52.005350+00:00,Only eligible listed class for CIK,,,,,,,,,,
ZETA,0001851003,Zeta Global Holdings Corp.,NYSE,EQUITY,NYQ,Zeta Global Holdings Corp. Class A Common Stock,COMMON_OR_EQUIVALENT,HIGH,NASDAQ Trader otherlisted,194.683,Technology,Software - Infrastructure,5.384,0.214,60.15,84.2,2.466,0.0,淨負債/EBITDA,False,False,True,絕對毛利率>=25%,False,,,False,Pass,2026-07-industry-models-v7,92b0f35b2c927674,2026-08-01T06:45:54.773548+00:00,Only eligible listed class for CIK,,,,,,,,,,
BCPC,0000009326,BALCHEM CORP,NASDAQ,EQUITY,NMS,Balchem Corporation - Common Stock,COMMON_OR_EQUIVALENT,HIGH,NASDAQ Trader nasdaqlisted,37.271,Basic Materials,Specialty Chemicals,5.384,,,,,,,,,,,,,,False,Pass,2026-07-industry-models-v7,92b0f35b2c927674,2026-08-01T06:45:57.608133+00:00,Only eligible listed class for CIK,CYCLICAL_MIDCYCLE,CYCLICAL_MIDCYCLE,True,Peak/current/mid-cycle/trough EBITDA and trough-survival model,True,97.0,,,,
ESAB,0001877322,ESAB Corp,NYSE,EQUITY,NYQ,ESAB Corporation Common Stock,COMMON_OR_EQUIVALENT,HIGH,NASDAQ Trader otherlisted,60.041,Industrials,Metal Fabrication,5.377,0.272,36.71,,3.937,2.089,淨負債/EBITDA,False,False,False,絕對毛利率>=25%,False,,,False,Pass,2026-07-industry-models-v7,92b0f35b2c927674,2026-08-01T06:46:00.240284+00:00,Only eligible listed class for CIK,,,,,,,,,,
BXSL,0001736035,Blackstone Secured Lending Fund,NYSE,EQUITY,NYQ,Blackstone Secured Lending Fund Common Shares of Beneficial Interest,COMMON_OR_EQUIVALENT,HIGH,NASDAQ Trader otherlisted,42.859,Financial Services,Asset Management,5.374,,,,,,,,,,,,,,False,Pass,2026-07-industry-models-v7,92b0f35b2c927674,2026-08-01T06:46:02.831522+00:00,Only eligible listed class for CIK,FINANCIAL_SPECIALTY,FINANCIAL_FEE,True,"Fee-financial margin, cash conversion, tangible capital and balance-sheet model",True,94.0,,,,
OGC,0001487326,OceanaGold Corp,NYSE,EQUITY,NYQ,OceanaGold Corporation Common Shares,COMMON_OR_EQUIVALENT,HIGH,NASDAQ Trader otherlisted,9.438,Basic Materials,Gold,5.368,,,,,,,,,,,,,,False,Pass,2026-07-industry-models-v7,92b0f35b2c927674,2026-08-01T06:46:05.378313+00:00,Only eligible listed class for CIK,CYCLICAL_MIDCYCLE,CYCLICAL_MIDCYCLE,True,Peak/current/mid-cycle/trough EBITDA and trough-survival model,True,97.0,,,,
MMYT,0001495153,MakeMyTrip Ltd,NASDAQ,EQUITY,NMS,MakeMyTrip Limited - Ordinary Shares,COMMON_OR_EQUIVALENT,HIGH,NASDAQ Trader nasdaqlisted,59.286,Consumer Cyclical,Travel Services,5.357,0.183,58.55,97.93,8.137,3.71,淨負債/EBITDA,False,True,False,絕對毛利率>=25%,False,,,False,Pass,2026-07-industry-models-v7,92b0f35b2c927674,2026-08-01T06:46:07.986226+00:00,Only eligible listed class for CIK,,,,,,,,,,
SBRA,0001492298,"Sabra Health Care REIT, Inc.",NASDAQ,EQUITY,NMS,"Sabra Health Care REIT, Inc. - Common Stock",COMMON_OR_EQUIVALENT,HIGH,NASDAQ Trader nasdaqlisted,63.641,Real Estate,REIT - Healthcare Facilities,5.339,,,,,,,,,,,,,,False,Pass,2026-07-industry-models-v7,92b0f35b2c927674,2026-08-01T06:46:16.056710+00:00,Only eligible listed class for CIK,REIT,REIT_EQUITY,True,"Nareit FFO/EBITDAre proxy, AFFO coverage, leverage and lease-growth model",True,87.0,Yahoo FFO unavailable; rebuild Nareit FFO proxy from SEC facts,,,
OBDC,0001655888,Blue Owl Capital Corp,NYSE,EQUITY,NYQ,Blue Owl Capital Corporation Common Stock,COMMON_OR_EQUIVALENT,HIGH,NASDAQ Trader otherlisted,39.291,Financial Services,Asset Management,5.335,,,,,,,,,,,,,,False,Pass,2026-07-industry-models-v7,92b0f35b2c927674,2026-08-01T06:46:18.836849+00:00,Only eligible listed class for CIK,FINANCIAL_SPECIALTY,FINANCIAL_FEE,True,"Fee-financial margin, cash conversion, tangible capital and balance-sheet model",True,94.0,,,,
MTN,0000812011,VAIL RESORTS INC,NYSE,EQUITY,NYQ,"Vail Resorts, Inc. Common Stock",COMMON_OR_EQUIVALENT,HIGH,NASDAQ Trader otherlisted,117.03,Consumer Cyclical,Resorts & Casinos,5.323,0.413,43.33,,4.374,3.875,淨負債/EBITDA,False,True,False,絕對毛利率>=25%,False,,,False,Pass,2026-07-industry-models-v7,92b0f35b2c927674,2026-08-01T06:46:24.011113+00:00,Only eligible listed class for CIK,,,,,,,,,,
SSRM,0000921638,SSR MINING INC.,NASDAQ,EQUITY,NMS,SSR Mining Inc. - Common Stock,COMMON_OR_EQUIVALENT,HIGH,NASDAQ Trader nasdaqlisted,80.928,Basic Materials,Gold,5.316,,,,,,,,,,,,,,False,Pass,2026-07-industry-models-v7,92b0f35b2c927674,2026-08-01T06:46:26.864035+00:00,Only eligible listed class for CIK,CYCLICAL_MIDCYCLE,CYCLICAL_MIDCYCLE,True,Peak/current/mid-cycle/trough EBITDA and trough-survival model,True,97.0,,,,
UNF,0000717954,UNIFIRST CORP,NYSE,EQUITY,NYQ,Unifirst Corporation Common Stock,COMMON_OR_EQUIVALENT,HIGH,NASDAQ Trader otherlisted,60.19,Industrials,Specialty Business Services,5.298,0.24,36.68,,0.291,0.0,淨負債/EBITDA,False,False,True,絕對毛利率>=25%,False,,,False,Pass,2026-07-industry-models-v7,92b0f35b2c927674,2026-08-01T06:46:29.666649+00:00,Only eligible listed class for CIK,,,,,,,,,,
CNX,0001070412,CNX Resources Corp,NYSE,EQUITY,NYQ,CNX Resources Corporation Common Stock,COMMON_OR_EQUIVALENT,HIGH,NASDAQ Trader otherlisted,66.428,Energy,Oil & Gas E&P,5.296,,,,,,,,,,,,,,False,Pass,2026-07-industry-models-v7,92b0f35b2c927674,2026-08-01T06:48:17.279266+00:00,Only eligible listed class for CIK,CYCLICAL_MIDCYCLE,CYCLICAL_MIDCYCLE,True,Peak/current/mid-cycle/trough EBITDA and trough-survival model,True,97.0,,,,
ALK,0000766421,"ALASKA AIR GROUP, INC.",NYSE,EQUITY,NYQ,"Alaska Air Group, Inc. Common Stock",COMMON_OR_EQUIVALENT,HIGH,NASDAQ Trader otherlisted,158.485,Industrials,Airlines,5.294,,,,,,,,,,,,,,False,Pass,2026-07-industry-models-v7,92b0f35b2c927674,2026-08-01T06:46:32.286557+00:00,Only eligible listed class for CIK,CYCLICAL_MIDCYCLE,CYCLICAL_MIDCYCLE,True,Peak/current/mid-cycle/trough EBITDA and trough-survival model,True,97.0,,,,
GVA,0000861459,GRANITE CONSTRUCTION INC,NYSE,EQUITY,NYQ,Granite Construction Incorporated Common Stock,COMMON_OR_EQUIVALENT,HIGH,NASDAQ Trader otherlisted,111.497,Industrials,Engineering & Construction,5.294,0.605,15.64,,3.403,1.306,淨負債/EBITDA,False,False,False,低於同業中位數，交由 SEC 深篩,False,,,False,Pass,2026-07-industry-models-v7,92b0f35b2c927674,2026-08-01T06:46:35.114174+00:00,Only eligible listed class for CIK,,,,,,,,,20.6,True
LAUR,0000912766,"LAUREATE EDUCATION, INC.",NASDAQ,EQUITY,NMS,"Laureate Education, Inc. - Common Stock",COMMON_OR_EQUIVALENT,HIGH,NASDAQ Trader nasdaqlisted,48.001,Consumer Defensive,Education & Training Services,5.277,0.37,36.97,,1.452,1.136,淨負債/EBITDA,False,False,False,絕對毛利率>=25%,False,,,False,Pass,2026-07-industry-models-v7,92b0f35b2c927674,2026-08-01T06:46:37.903669+00:00,Only eligible listed class for CIK,,,,,,,,,,
SXT,0000310142,SENSIENT TECHNOLOGIES CORP,NYSE,EQUITY,NYQ,Sensient Technologies Corporation Common Stock,COMMON_OR_EQUIVALENT,HIGH,NASDAQ Trader otherlisted,63.297,Basic Materials,Specialty Chemicals,5.265,,,,,,,,,,,,,,False,Pass,2026-07-industry-models-v7,92b0f35b2c927674,2026-08-01T06:46:40.504859+00:00,Only eligible listed class for CIK,CYCLICAL_MIDCYCLE,CYCLICAL_MIDCYCLE,True,Peak/current/mid-cycle/trough EBITDA and trough-survival model,True,97.0,,,,
REYN,0001786431,Reynolds Consumer Products Inc.,NASDAQ,EQUITY,NMS,Reynolds Consumer Products Inc. - Common Stock,COMMON_OR_EQUIVALENT,HIGH,NASDAQ Trader nasdaqlisted,30.782,Consumer Cyclical,Packaging & Containers,5.257,0.503,25.14,30.51,2.388,2.286,淨負債/EBITDA,False,False,False,絕對毛利率>=25%,False,,,False,Pass,2026-07-industry-models-v7,92b0f35b2c927674,2026-08-01T06:46:43.124558+00:00,Only eligible listed class for CIK,,,,,,,,,,
EBC,0001810546,"Eastern Bankshares, Inc.",NASDAQ,EQUITY,NMS,"Eastern Bankshares, Inc. - Common Stock",COMMON_OR_EQUIVALENT,HIGH,NASDAQ Trader nasdaqlisted,73.281,Financial Services,Banks - Regional,5.256,,,,,,,,,,,,,,False,Pass,2026-07-industry-models-v7,92b0f35b2c927674,2026-08-01T06:46:45.916592+00:00,Only eligible listed class for CIK,BANK,BANK,True,"Tier 1 capital buffer, ROTCE, deposit funding and credit-loss model",True,91.0,,,,
VSH,0000103730,VISHAY INTERTECHNOLOGY INC,NYSE,EQUITY,NYQ,"Vishay Intertechnology, Inc. Common Stock",COMMON_OR_EQUIVALENT,HIGH,NASDAQ Trader otherlisted,252.53,Technology,Semiconductors,5.249,0.232,19.92,94.07,3.825,2.16,淨負債/EBITDA,False,False,False,低於同業中位數，交由 SEC 深篩,False,,,False,Pass,2026-07-industry-models-v7,92b0f35b2c927674,2026-08-01T06:46:48.696259+00:00,Only eligible listed class for CIK,,,,,,,,,55.2,True
ALH,0001317685,Alliance Laundry Holdings Inc.,NYSE,EQUITY,NYQ,Alliance Laundry Holdings Inc. Common Stock,COMMON_OR_EQUIVALENT,HIGH,NASDAQ Trader otherlisted,17.286,Consumer Cyclical,"Furnishings, Fixtures & Appliances",5.237,0.246,37.46,,4.606,4.298,淨負債/EBITDA,True,True,False,絕對毛利率>=25%,False,,,False,Pass,2026-07-industry-models-v7,92b0f35b2c927674,2026-08-01T06:46:54.232980+00:00,Only eligible listed class for CIK,,,,,,,,,,
WHD,0001699136,"Cactus, Inc.",NYSE,EQUITY,NYQ,"Cactus, Inc. Class A Common Stock",COMMON_OR_EQUIVALENT,HIGH,NASDAQ Trader otherlisted,51.505,Energy,Oil & Gas Equipment & Services,5.212,,,,,,,,,,,,,,False,Pass,2026-07-industry-models-v7,92b0f35b2c927674,2026-08-01T06:46:56.838871+00:00,Only eligible listed class for CIK,CYCLICAL_MIDCYCLE,CYCLICAL_MIDCYCLE,True,Peak/current/mid-cycle/trough EBITDA and trough-survival model,True,97.0,,,,
SEZL,0001662991,Sezzle Inc.,NASDAQ,EQUITY,NCM,Sezzle Inc. - Common Stock,COMMON_OR_EQUIVALENT,HIGH,NASDAQ Trader nasdaqlisted,103.152,Financial Services,Credit Services,5.204,,,,,,,,,,,,,,False,Pass,2026-07-industry-models-v7,92b0f35b2c927674,2026-08-01T06:47:02.110711+00:00,Only eligible listed class for CIK,FINANCIAL_SPECIALTY,FINANCIAL_FEE,True,"Fee-financial margin, cash conversion, tangible capital and balance-sheet model",True,97.0,,,,
BIPC,0001788348,Brookfield Infrastructure Corp,NYSE,EQUITY,NYQ,Brookfield Infrastructure Corporation Brookfield Infrastructure Corporation,COMMON_OR_EQUIVALENT,HIGH,NASDAQ Trader otherlisted,45.86,Utilities,Utilities - Regulated Gas,5.203,,,,,,,,,,,,,,False,Pass,2026-07-industry-models-v7,92b0f35b2c927674,2026-08-01T06:47:04.868344+00:00,Only eligible listed class for CIK,REGULATED_UTILITY,REGULATED_UTILITY,True,"Regulated-asset growth proxy, capex funding, capital structure and coverage model",True,97.0,,,,
TVTX,0001438533,"Travere Therapeutics, Inc.",NASDAQ,EQUITY,NGM,"Travere Therapeutics, Inc. - Common Stock",COMMON_OR_EQUIVALENT,HIGH,NASDAQ Trader nasdaqlisted,115.17,Healthcare,Biotechnology,5.197,0.04,55.95,,20.367,3.915,淨負債/EBITDA,False,True,False,絕對毛利率>=25%,False,,,False,Pass,2026-07-industry-models-v7,92b0f35b2c927674,2026-08-01T06:47:07.538455+00:00,Only eligible listed class for CIK,,,,,,,,,,
CSW,0001624794,"CSW INDUSTRIALS, INC.",NYSE,EQUITY,NYQ,"CSW Industrials, Inc. Common Stock",COMMON_OR_EQUIVALENT,HIGH,NASDAQ Trader otherlisted,47.176,Industrials,Specialty Industrial Machinery,5.196,0.165,42.49,,2.982,2.816,淨負債/EBITDA,False,False,False,絕對毛利率>=25%,False,,,False,Pass,2026-07-industry-models-v7,92b0f35b2c927674,2026-08-01T06:47:10.112661+00:00,Only eligible listed class for CIK,,,,,,,,,,
WTM,0000776867,WHITE MOUNTAINS INSURANCE GROUP LTD,NYSE,EQUITY,NYQ,"White Mountains Insurance Group, Ltd. Common Stock",COMMON_OR_EQUIVALENT,HIGH,NASDAQ Trader otherlisted,43.679,Financial Services,Insurance - Property & Casualty,5.195,,,,,,,,,,,,,,False,Pass,2026-07-industry-models-v7,92b0f35b2c927674,2026-08-01T06:47:12.823893+00:00,Only eligible listed class for CIK,INSURANCE,INSURANCE_P_AND_C,True,"Dedicated underwriting, claims, capital and reserve-development model",True,97.0,,,,
CUZ,0000025232,COUSINS PROPERTIES INC,NYSE,EQUITY,NYQ,Cousins Properties Incorporated Common Stock,COMMON_OR_EQUIVALENT,HIGH,NASDAQ Trader otherlisted,54.817,Real Estate,REIT - Office,5.193,,,,,,,,,,,,,,False,Pass,2026-07-industry-models-v7,92b0f35b2c927674,2026-08-01T06:47:18.026622+00:00,Only eligible listed class for CIK,REIT,REIT_EQUITY,True,"Nareit FFO/EBITDAre proxy, AFFO coverage, leverage and lease-growth model",True,87.0,Yahoo FFO unavailable; rebuild Nareit FFO proxy from SEC facts,,,
MYRG,0000700923,MYR GROUP INC.,NASDAQ,EQUITY,NMS,"MYR Group, Inc. - Common Stock",COMMON_OR_EQUIVALENT,HIGH,NASDAQ Trader nasdaqlisted,103.785,Industrials,Engineering & Construction,5.188,0.298,12.49,,0.231,0.0,淨負債/EBITDA,False,False,True,低於同業中位數，交由 SEC 深篩,False,,,False,Pass,2026-07-industry-models-v7,92b0f35b2c927674,2026-08-01T06:47:20.816959+00:00,Only eligible listed class for CIK,,,,,,,,,20.6,True
RDN,0000890926,RADIAN GROUP INC,NYSE,EQUITY,NYQ,Radian Group Inc. Common Stock,COMMON_OR_EQUIVALENT,HIGH,NASDAQ Trader otherlisted,52.533,Financial Services,Insurance - Specialty,5.185,,,,,,,,,,,,,,False,Pass,2026-07-industry-models-v7,92b0f35b2c927674,2026-08-01T06:47:23.592361+00:00,Only eligible listed class for CIK,INSURANCE,INSURANCE_P_AND_C,True,"Dedicated underwriting, claims, capital and reserve-development model",True,97.0,,,,
EXLS,0001297989,"ExlService Holdings, Inc.",NASDAQ,EQUITY,NMS,"ExlService Holdings, Inc. - Common Stock",COMMON_OR_EQUIVALENT,HIGH,NASDAQ Trader nasdaqlisted,92.393,Technology,Information Technology Services,5.184,0.328,38.51,,1.293,0.544,淨負債/EBITDA,False,False,False,絕對毛利率>=25%,False,,,False,Pass,2026-07-industry-models-v7,92b0f35b2c927674,2026-08-01T06:47:26.170565+00:00,Only eligible listed class for CIK,,,,,,,,,,
TFSL,0001381668,TFS Financial CORP,NASDAQ,EQUITY,NMS,TFS Financial Corporation - Common Stock,COMMON_OR_EQUIVALENT,HIGH,NASDAQ Trader nasdaqlisted,16.95,Financial Services,Banks - Regional,5.163,,,,,,,,,,,,,,False,Pass,2026-07-industry-models-v7,92b0f35b2c927674,2026-08-01T06:47:31.773486+00:00,Only eligible listed class for CIK,BANK,BANK,True,"Tier 1 capital buffer, ROTCE, deposit funding and credit-loss model",True,94.0,,,,
OMAB,0001378239,Central North Airport Group,NASDAQ,EQUITY,NMS,Grupo Aeroportuario del Centro Norte S.A.B. de C.V. - American Depositary Shares each representing 8 Series B shares,COMMON_OR_EQUIVALENT,HIGH,NASDAQ Trader nasdaqlisted,8.669,Industrials,Airports & Air Services,5.16,7.197,67.66,14.03,1.445,1.184,淨負債/EBITDA,False,False,False,絕對毛利率>=25%,False,,,False,Pass,2026-07-industry-models-v7,92b0f35b2c927674,2026-08-01T06:47:34.568199+00:00,Only eligible listed class for CIK,,,,,,,,,,
SPHR,0001795250,Sphere Entertainment Co.,NYSE,EQUITY,NYQ,Sphere Entertainment Co. Class A Common Stock,COMMON_OR_EQUIVALENT,HIGH,NASDAQ Trader otherlisted,105.763,Communication Services,Entertainment,5.145,0.399,54.71,,3.533,1.398,淨負債/EBITDA,False,False,False,絕對毛利率>=25%,False,,,False,Pass,2026-07-industry-models-v7,92b0f35b2c927674,2026-08-01T06:47:42.856215+00:00,Only eligible listed class for CIK,,,,,,,,,,
CNO,0001224608,"CNO Financial Group, Inc.",NYSE,EQUITY,NYQ,"CNO Financial Group, Inc. Common Stock",COMMON_OR_EQUIVALENT,HIGH,NASDAQ Trader otherlisted,44.806,Financial Services,Insurance - Life,5.143,,,,,,,,,,,,,,False,Pass,2026-07-industry-models-v7,92b0f35b2c927674,2026-08-01T06:47:37.326121+00:00,Only eligible listed class for CIK,INSURANCE,INSURANCE_LIFE,True,"Dedicated underwriting, claims, capital and reserve-development model",True,97.0,,,,
BC,0000014930,BRUNSWICK CORP,NYSE,EQUITY,NYQ,Brunswick Corporation Common Stock,COMMON_OR_EQUIVALENT,HIGH,NASDAQ Trader otherlisted,53.028,Consumer Cyclical,Recreational Vehicles,5.133,0.523,26.49,,3.315,2.859,淨負債/EBITDA,False,False,False,絕對毛利率>=25%,False,,,False,Pass,2026-07-industry-models-v7,92b0f35b2c927674,2026-08-01T06:47:40.107367+00:00,Only eligible listed class for CIK,,,,,,,,,,
PIPR,0001230245,PIPER SANDLER COMPANIES,NYSE,EQUITY,NYQ,Piper Sandler Companies Common Stock,COMMON_OR_EQUIVALENT,HIGH,NASDAQ Trader otherlisted,48.103,Financial Services,Capital Markets,5.116,,,,,,,,,,,,,,False,Pass,2026-07-industry-models-v7,92b0f35b2c927674,2026-08-01T06:47:45.430001+00:00,Only eligible listed class for CIK,FINANCIAL_SPECIALTY,FINANCIAL_FEE,True,"Fee-financial margin, cash conversion, tangible capital and balance-sheet model",True,88.0,,,,
FTDR,0001727263,"Frontdoor, Inc.",NASDAQ,EQUITY,NMS,"Frontdoor, Inc. - Common Stock",COMMON_OR_EQUIVALENT,HIGH,NASDAQ Trader nasdaqlisted,42.642,Consumer Cyclical,Personal Services,5.101,0.411,55.24,,2.408,1.197,淨負債/EBITDA,False,False,False,絕對毛利率>=25%,False,,,False,Pass,2026-07-industry-models-v7,92b0f35b2c927674,2026-08-01T06:47:50.656981+00:00,Only eligible listed class for CIK,,,,,,,,,,
QLYS,0001107843,"QUALYS, INC.",NASDAQ,EQUITY,NMS,"Qualys, Inc. - Common Stock",COMMON_OR_EQUIVALENT,HIGH,NASDAQ Trader nasdaqlisted,114.696,Technology,Software - Infrastructure,5.098,0.295,83.18,,0.213,0.0,淨負債/EBITDA,False,False,True,絕對毛利率>=25%,False,,,False,Pass,2026-07-industry-models-v7,92b0f35b2c927674,2026-08-01T06:47:53.306909+00:00,Only eligible listed class for CIK,,,,,,,,,,
GHC,0000104889,Graham Holdings Co,NYSE,EQUITY,NYQ,Graham Holdings Company Common Stock,COMMON_OR_EQUIVALENT,HIGH,NASDAQ Trader otherlisted,22.702,Industrials,Conglomerates,5.097,0.369,30.15,84.05,2.659,0.497,淨負債/EBITDA,False,False,False,絕對毛利率>=25%,False,,,False,Pass,2026-07-industry-models-v7,92b0f35b2c927674,2026-08-01T06:47:29.041401+00:00,Only eligible listed class for CIK,,,,,,,,,,
SHC,0001822479,Sotera Health Co,NASDAQ,EQUITY,NMS,Sotera Health Company - Common Stock,COMMON_OR_EQUIVALENT,HIGH,NASDAQ Trader nasdaqlisted,60.354,Healthcare,Diagnostics & Research,5.093,0.261,55.26,90.42,4.053,3.492,淨負債/EBITDA,False,True,False,絕對毛利率>=25%,False,,,False,Pass,2026-07-industry-models-v7,92b0f35b2c927674,2026-08-01T06:47:56.108710+00:00,Only eligible listed class for CIK,,,,,,,,,,
VSNT,0002067876,"Versant Media Group, Inc.",NASDAQ,EQUITY,NMS,"Versant Media Group, Inc. - Class A Common Stock",COMMON_OR_EQUIVALENT,HIGH,NASDAQ Trader nasdaqlisted,69.544,Communication Services,Entertainment,5.093,2.129,56.2,83.24,1.321,0.787,淨負債/EBITDA,False,False,False,絕對毛利率>=25%,False,,,False,Pass,2026-07-industry-models-v7,92b0f35b2c927674,2026-08-01T06:47:58.704578+00:00,Only eligible listed class for CIK,,,,,,,,,,
WFG,0001402388,"WEST FRASER TIMBER CO., LTD",NYSE,EQUITY,NYQ,West Fraser Timber Co. Ltd Common stock,COMMON_OR_EQUIVALENT,HIGH,NASDAQ Trader otherlisted,13.081,Basic Materials,Lumber & Wood Production,5.078,,,,,,,,,,,,,,False,Pass,2026-07-industry-models-v7,92b0f35b2c927674,2026-08-01T06:48:04.085478+00:00,Only eligible listed class for CIK,CYCLICAL_MIDCYCLE,CYCLICAL_MIDCYCLE,True,Peak/current/mid-cycle/trough EBITDA and trough-survival model,True,77.0,current EBITDA is non-positive; trough-survival deep model required | current operating cash flow is non-positive,,,
NOVT,0001076930,NOVANTA INC,NASDAQ,EQUITY,NMS,Novanta Inc. - Common Shares,COMMON_OR_EQUIVALENT,HIGH,NASDAQ Trader nasdaqlisted,75.887,Technology,Scientific & Technical Instruments,5.077,0.084,44.23,,1.629,0.0,淨負債/EBITDA,False,False,True,絕對毛利率>=25%,False,,,False,Pass,2026-07-industry-models-v7,92b0f35b2c927674,2026-08-01T06:48:06.680067+00:00,Only eligible listed class for CIK,,,,,,,,,,
MMSI,0000856982,MERIT MEDICAL SYSTEMS INC,NASDAQ,EQUITY,NMS,"Merit Medical Systems, Inc. - Common Stock",COMMON_OR_EQUIVALENT,HIGH,NASDAQ Trader nasdaqlisted,74.883,Healthcare,Medical Instruments & Supplies,5.076,0.283,49.51,,2.457,1.113,淨負債/EBITDA,False,False,False,絕對毛利率>=25%,False,,,False,Pass,2026-07-industry-models-v7,92b0f35b2c927674,2026-08-01T06:48:12.059109+00:00,Only eligible listed class for CIK,,,,,,,,,,
CHH,0001046311,CHOICE HOTELS INTERNATIONAL INC /DE,NYSE,EQUITY,NYQ,"Choice Hotels International, Inc. Common Stock",COMMON_OR_EQUIVALENT,HIGH,NASDAQ Trader otherlisted,70.775,Consumer Cyclical,Lodging,5.072,0.227,90.46,80.25,4.31,4.22,淨負債/EBITDA,True,True,False,絕對毛利率>=25%,False,,,False,Pass,2026-07-industry-models-v7,92b0f35b2c927674,2026-08-01T06:48:09.291230+00:00,Only eligible listed class for CIK,,,,,,,,,,
LPX,0000060519,LOUISIANA-PACIFIC CORP,NYSE,EQUITY,NYQ,Louisiana-Pacific Corporation Common Stock,COMMON_OR_EQUIVALENT,HIGH,NASDAQ Trader otherlisted,85.36,Industrials,Building Products & Equipment,5.06,0.28,19.78,91.53,1.189,0.673,淨負債/EBITDA,False,False,False,低於同業中位數，交由 SEC 深篩,False,,,False,Pass,2026-07-industry-models-v7,92b0f35b2c927674,2026-08-01T06:48:19.980267+00:00,Only eligible listed class for CIK,,,,,,,,,35.92,True
MAIN,0001396440,Main Street Capital CORP,NYSE,EQUITY,NYQ,Main Street Capital Corporation Common Stock,COMMON_OR_EQUIVALENT,HIGH,NASDAQ Trader otherlisted,37.662,Financial Services,Asset Management,5.06,,,,,,,,,,,,,,False,Pass,2026-07-industry-models-v7,92b0f35b2c927674,2026-08-01T06:48:22.599441+00:00,Only eligible listed class for CIK,FINANCIAL_SPECIALTY,FINANCIAL_FEE,True,"Fee-financial margin, cash conversion, tangible capital and balance-sheet model",True,94.0,,,,
CIGI,0000913353,Colliers International Group Inc.,NASDAQ,EQUITY,NMS,Colliers International Group Inc.  - Subordinate Voting Shares,COMMON_OR_EQUIVALENT,HIGH,NASDAQ Trader nasdaqlisted,26.337,Real Estate,Real Estate Services,5.036,0.322,40.01,85.86,4.776,4.394,淨負債/EBITDA,True,True,False,絕對毛利率>=25%,False,,,False,Pass,2026-07-industry-models-v7,92b0f35b2c927674,2026-08-01T06:48:28.132315+00:00,Only eligible listed class for CIK,,,,,,,,,,
FFIN,0000036029,FIRST FINANCIAL BANKSHARES INC,NASDAQ,EQUITY,NMS,"First Financial Bankshares, Inc. - Common Stock",COMMON_OR_EQUIVALENT,HIGH,NASDAQ Trader nasdaqlisted,32.01,Financial Services,Banks - Regional,5.036,,,,,,,,,,,,,,False,Pass,2026-07-industry-models-v7,92b0f35b2c927674,2026-08-01T06:48:30.896296+00:00,Only eligible listed class for CIK,BANK,BANK,True,"Tier 1 capital buffer, ROTCE, deposit funding and credit-loss model",True,91.0,,,,
PEGA,0001013857,PEGASYSTEMS INC,NASDAQ,EQUITY,NMS,Pegasystems Inc. - Common Stock,COMMON_OR_EQUIVALENT,HIGH,NASDAQ Trader nasdaqlisted,80.763,Technology,Software - Application,5.023,0.513,75.57,60.7,0.343,0.0,淨負債/EBITDA,False,False,True,絕對毛利率>=25%,False,,,False,Pass,2026-07-industry-models-v7,92b0f35b2c927674,2026-08-01T06:48:33.586258+00:00,Only eligible listed class for CIK,,,,,,,,,,
IRDM,0001418819,Iridium Communications Inc.,NASDAQ,EQUITY,NMS,Iridium Communications Inc - Common Stock,COMMON_OR_EQUIVALENT,HIGH,NASDAQ Trader nasdaqlisted,118.583,Communication Services,Telecom Services,5.016,0.395,71.85,89.77,4.226,3.791,淨負債/EBITDA,False,True,False,絕對毛利率>=25%,False,,,False,Pass,2026-07-industry-models-v7,92b0f35b2c927674,2026-08-01T06:48:38.927171+00:00,Only eligible listed class for CIK,,,,,,,,,,
GLNG,0001207179,GOLAR LNG LTD,NASDAQ,EQUITY,NMS,Golar LNG Limited - Common Shares,COMMON_OR_EQUIVALENT,HIGH,NASDAQ Trader nasdaqlisted,70.095,Energy,Oil & Gas Midstream,5.002,,,,,,,,,,,,,,False,Pass,2026-07-industry-models-v7,92b0f35b2c927674,2026-08-01T06:48:44.155921+00:00,Only eligible listed class for CIK,CYCLICAL_MIDCYCLE,CYCLICAL_MIDCYCLE,True,Peak/current/mid-cycle/trough EBITDA and trough-survival model,True,97.0,,,,
